<results><row><data column="Variable Features">freq;1200.0,tr;1</data><data column="Performance">28493.8</data></row><row><data column="Variable Features">freq;1200.0,tr;2</data><data column="Performance">16803.72</data></row><row><data column="Variable Features">freq;1200.0,tr;3</data><data column="Performance">9052.47</data></row><row><data column="Variable Features">freq;1200.0,tr;4</data><data column="Performance">5797.05</data></row><row><data column="Variable Features">freq;1200.0,tr;5</data><data column="Performance">11763.06</data></row><row><data column="Variable Features">freq;1200.0,tr;6</data><data column="Performance">11043.35</data></row><row><data column="Variable Features">freq;1600.0,tr;1</data><data column="Performance">21534.13</data></row><row><data column="Variable Features">freq;1600.0,tr;2</data><data column="Performance">14112.9</data></row><row><data column="Variable Features">freq;1600.0,tr;3</data><data column="Performance">7043.75</data></row><row><data column="Variable Features">freq;1600.0,tr;4</data><data column="Performance">5091.53</data></row><row><data column="Variable Features">freq;1600.0,tr;5</data><data column="Performance">6923.72</data></row><row><data column="Variable Features">freq;1600.0,tr;6</data><data column="Performance">10770.67</data></row><row><data column="Variable Features">freq;1800.0,tr;1</data><data column="Performance">19465.19</data></row><row><data column="Variable Features">freq;1800.0,tr;2</data><data column="Performance">11767.64</data></row><row><data column="Variable Features">freq;1800.0,tr;3</data><data column="Performance">6538.17</data></row><row><data column="Variable Features">freq;1800.0,tr;4</data><data column="Performance">4428.36</data></row><row><data column="Variable Features">freq;1800.0,tr;5</data><data column="Performance">5650.26</data></row><row><data column="Variable Features">freq;1800.0,tr;6</data><data column="Performance">7564.98</data></row><row><data column="Variable Features">freq;2200.0,tr;1</data><data column="Performance">16927.48</data></row><row><data column="Variable Features">freq;2200.0,tr;2</data><data column="Performance">10283.0</data></row><row><data column="Variable Features">freq;2200.0,tr;3</data><data column="Performance">5863.7</data></row><row><data column="Variable Features">freq;2200.0,tr;4</data><data column="Performance">3932.65</data></row><row><data column="Variable Features">freq;2200.0,tr;5</data><data column="Performance">5716.13</data></row><row><data column="Variable Features">freq;2200.0,tr;6</data><data column="Performance">9401.9</data></row><row><data column="Variable Features">freq;2400.0,tr;1</data><data column="Performance">16373.26</data></row><row><data column="Variable Features">freq;2400.0,tr;2</data><data column="Performance">10269.48</data></row><row><data column="Variable Features">freq;2400.0,tr;3</data><data column="Performance">5909.06</data></row><row><data column="Variable Features">freq;2400.0,tr;4</data><data column="Performance">5084.96</data></row><row><data column="Variable Features">freq;2400.0,tr;5</data><data column="Performance">7768.29</data></row><row><data column="Variable Features">freq;2400.0,tr;6</data><data column="Performance">6630.41</data></row><row><data column="Variable Features">freq;2700.0,tr;1</data><data column="Performance">16267.16</data></row><row><data column="Variable Features">freq;2700.0,tr;2</data><data column="Performance">10263.21</data></row><row><data column="Variable Features">freq;2700.0,tr;3</data><data column="Performance">6067.21</data></row><row><data column="Variable Features">freq;2700.0,tr;4</data><data column="Performance">4890.19</data></row><row><data column="Variable Features">freq;2700.0,tr;5</data><data column="Performance">5276.15</data></row><row><data column="Variable Features">freq;2700.0,tr;6</data><data column="Performance">6228.36</data></row><row><data column="Variable Features">freq;3000.0,tr;1</data><data column="Performance">15516.11</data></row><row><data column="Variable Features">freq;3000.0,tr;2</data><data column="Performance">10383.72</data></row><row><data column="Variable Features">freq;3000.0,tr;3</data><data column="Performance">6911.39</data></row><row><data column="Variable Features">freq;3000.0,tr;4</data><data column="Performance">7678.63</data></row><row><data column="Variable Features">freq;3000.0,tr;5</data><data column="Performance">9834.55</data></row><row><data column="Variable Features">freq;3000.0,tr;6</data><data column="Performance">9635.89</data></row><row><data column="Variable Features">freq;1300.0,tr;1</data><data column="Performance">25417.98</data></row><row><data column="Variable Features">freq;1300.0,tr;2</data><data column="Performance">14973.58</data></row><row><data column="Variable Features">freq;1300.0,tr;3</data><data column="Performance">8439.2</data></row><row><data column="Variable Features">freq;1300.0,tr;4</data><data column="Performance">7079.97</data></row><row><data column="Variable Features">freq;1300.0,tr;5</data><data column="Performance">9674.46</data></row><row><data column="Variable Features">freq;1300.0,tr;6</data><data column="Performance">8893.8</data></row><row><data column="Variable Features">freq;1700.0,tr;1</data><data column="Performance">22313.43</data></row><row><data column="Variable Features">freq;1700.0,tr;2</data><data column="Performance">13670.23</data></row><row><data column="Variable Features">freq;1700.0,tr;3</data><data column="Performance">7590.08</data></row><row><data column="Variable Features">freq;1700.0,tr;4</data><data column="Performance">5914.68</data></row><row><data column="Variable Features">freq;1700.0,tr;5</data><data column="Performance">6404.04</data></row><row><data column="Variable Features">freq;1700.0,tr;6</data><data column="Performance">7901.53</data></row><row><data column="Variable Features">freq;1900.0,tr;1</data><data column="Performance">20553.96</data></row><row><data column="Variable Features">freq;1900.0,tr;2</data><data column="Performance">12679.44</data></row><row><data column="Variable Features">freq;1900.0,tr;3</data><data column="Performance">7174.13</data></row><row><data column="Variable Features">freq;1900.0,tr;4</data><data column="Performance">4411.76</data></row><row><data column="Variable Features">freq;1900.0,tr;5</data><data column="Performance">6187.21</data></row><row><data column="Variable Features">freq;1900.0,tr;6</data><data column="Performance">7172.94</data></row><row><data column="Variable Features">freq;2300.0,tr;1</data><data column="Performance">18126.48</data></row><row><data column="Variable Features">freq;2300.0,tr;2</data><data column="Performance">11301.93</data></row><row><data column="Variable Features">freq;2300.0,tr;3</data><data column="Performance">6530.05</data></row><row><data column="Variable Features">freq;2300.0,tr;4</data><data column="Performance">4210.68</data></row><row><data column="Variable Features">freq;2300.0,tr;5</data><data column="Performance">6191.97</data></row><row><data column="Variable Features">freq;2300.0,tr;6</data><data column="Performance">8961.84</data></row><row><data column="Variable Features">freq;2500.0,tr;1</data><data column="Performance">17228.17</data></row><row><data column="Variable Features">freq;2500.0,tr;2</data><data column="Performance">10861.69</data></row><row><data column="Variable Features">freq;2500.0,tr;3</data><data column="Performance">6373.58</data></row><row><data column="Variable Features">freq;2500.0,tr;4</data><data column="Performance">5129.55</data></row><row><data column="Variable Features">freq;2500.0,tr;5</data><data column="Performance">10418.69</data></row><row><data column="Variable Features">freq;2500.0,tr;6</data><data column="Performance">9709.01</data></row><row><data column="Variable Features">freq;2800.0,tr;1</data><data column="Performance">16189.8</data></row><row><data column="Variable Features">freq;2800.0,tr;2</data><data column="Performance">10360.76</data></row><row><data column="Variable Features">freq;2800.0,tr;3</data><data column="Performance">6200.15</data></row><row><data column="Variable Features">freq;2800.0,tr;4</data><data column="Performance">4581.77</data></row><row><data column="Variable Features">freq;2800.0,tr;5</data><data column="Performance">7611.84</data></row><row><data column="Variable Features">freq;2800.0,tr;6</data><data column="Performance">9488.52</data></row><row><data column="Variable Features">freq;1400.0,tr;1</data><data column="Performance">25851.81</data></row><row><data column="Variable Features">freq;1400.0,tr;2</data><data column="Performance">15492.16</data></row><row><data column="Variable Features">freq;1400.0,tr;3</data><data column="Performance">8501.03</data></row><row><data column="Variable Features">freq;1400.0,tr;4</data><data column="Performance">5961.53</data></row><row><data column="Variable Features">freq;1400.0,tr;5</data><data column="Performance">11261.54</data></row><row><data column="Variable Features">freq;1400.0,tr;6</data><data column="Performance">10891.04</data></row><row><data column="Variable Features">freq;2900.0,tr;1</data><data column="Performance">15954.59</data></row><row><data column="Variable Features">freq;2900.0,tr;2</data><data column="Performance">9253.04</data></row><row><data column="Variable Features">freq;2900.0,tr;3</data><data column="Performance">5486.53</data></row><row><data column="Variable Features">freq;2900.0,tr;4</data><data column="Performance">4874.05</data></row><row><data column="Variable Features">freq;2900.0,tr;5</data><data column="Performance">8524.89</data></row><row><data column="Variable Features">freq;2900.0,tr;6</data><data column="Performance">7214.22</data></row><row><data column="Variable Features">freq;2000.0,tr;1</data><data column="Performance">18834.78</data></row><row><data column="Variable Features">freq;2000.0,tr;2</data><data column="Performance">11462.41</data></row><row><data column="Variable Features">freq;2000.0,tr;3</data><data column="Performance">6402.03</data></row><row><data column="Variable Features">freq;2000.0,tr;4</data><data column="Performance">4019.84</data></row><row><data column="Variable Features">freq;2000.0,tr;5</data><data column="Performance">6993.14</data></row><row><data column="Variable Features">freq;2000.0,tr;6</data><data column="Performance">7929.86</data></row></results>