<results><row><data column="Variable Features">freq;1200.0,tr;1</data><data column="Performance">3435.29</data></row><row><data column="Variable Features">freq;1200.0,tr;2</data><data column="Performance">1734.46</data></row><row><data column="Variable Features">freq;1200.0,tr;3</data><data column="Performance">928.33</data></row><row><data column="Variable Features">freq;1200.0,tr;4</data><data column="Performance">534.1</data></row><row><data column="Variable Features">freq;1200.0,tr;5</data><data column="Performance">359.55</data></row><row><data column="Variable Features">freq;1200.0,tr;6</data><data column="Performance">286.84</data></row><row><data column="Variable Features">freq;1300.0,tr;1</data><data column="Performance">3146.05</data></row><row><data column="Variable Features">freq;1300.0,tr;2</data><data column="Performance">1621.6</data></row><row><data column="Variable Features">freq;1300.0,tr;3</data><data column="Performance">872.78</data></row><row><data column="Variable Features">freq;1300.0,tr;4</data><data column="Performance">504.26</data></row><row><data column="Variable Features">freq;1300.0,tr;5</data><data column="Performance">347.22</data></row><row><data column="Variable Features">freq;1300.0,tr;6</data><data column="Performance">275.91</data></row><row><data column="Variable Features">freq;1400.0,tr;1</data><data column="Performance">2990.42</data></row><row><data column="Variable Features">freq;1400.0,tr;2</data><data column="Performance">1525.24</data></row><row><data column="Variable Features">freq;1400.0,tr;3</data><data column="Performance">832.22</data></row><row><data column="Variable Features">freq;1400.0,tr;4</data><data column="Performance">479.95</data></row><row><data column="Variable Features">freq;1400.0,tr;5</data><data column="Performance">333.31</data></row><row><data column="Variable Features">freq;1400.0,tr;6</data><data column="Performance">268.14</data></row><row><data column="Variable Features">freq;1600.0,tr;1</data><data column="Performance">2643.72</data></row><row><data column="Variable Features">freq;1600.0,tr;2</data><data column="Performance">1370.66</data></row><row><data column="Variable Features">freq;1600.0,tr;3</data><data column="Performance">752.82</data></row><row><data column="Variable Features">freq;1600.0,tr;4</data><data column="Performance">437.14</data></row><row><data column="Variable Features">freq;1600.0,tr;5</data><data column="Performance">310.95</data></row><row><data column="Variable Features">freq;1600.0,tr;6</data><data column="Performance">248.9</data></row><row><data column="Variable Features">freq;1800.0,tr;1</data><data column="Performance">2388.11</data></row><row><data column="Variable Features">freq;1800.0,tr;2</data><data column="Performance">1249.32</data></row><row><data column="Variable Features">freq;1800.0,tr;3</data><data column="Performance">697.4</data></row><row><data column="Variable Features">freq;1800.0,tr;4</data><data column="Performance">414.2</data></row><row><data column="Variable Features">freq;1800.0,tr;5</data><data column="Performance">297.35</data></row><row><data column="Variable Features">freq;1800.0,tr;6</data><data column="Performance">240.12</data></row><row><data column="Variable Features">freq;2200.0,tr;1</data><data column="Performance">2038.93</data></row><row><data column="Variable Features">freq;2200.0,tr;2</data><data column="Performance">1103.77</data></row><row><data column="Variable Features">freq;2200.0,tr;3</data><data column="Performance">620.03</data></row><row><data column="Variable Features">freq;2200.0,tr;4</data><data column="Performance">382.25</data></row><row><data column="Variable Features">freq;2200.0,tr;5</data><data column="Performance">282.8</data></row><row><data column="Variable Features">freq;2200.0,tr;6</data><data column="Performance">234.76</data></row><row><data column="Variable Features">freq;2400.0,tr;1</data><data column="Performance">1892.65</data></row><row><data column="Variable Features">freq;2400.0,tr;2</data><data column="Performance">1046.94</data></row><row><data column="Variable Features">freq;2400.0,tr;3</data><data column="Performance">593.53</data></row><row><data column="Variable Features">freq;2400.0,tr;4</data><data column="Performance">370.65</data></row><row><data column="Variable Features">freq;2400.0,tr;5</data><data column="Performance">286.53</data></row><row><data column="Variable Features">freq;2400.0,tr;6</data><data column="Performance">233.9</data></row><row><data column="Variable Features">freq;2700.0,tr;1</data><data column="Performance">1760.71</data></row><row><data column="Variable Features">freq;2700.0,tr;2</data><data column="Performance">983.03</data></row><row><data column="Variable Features">freq;2700.0,tr;3</data><data column="Performance">570.64</data></row><row><data column="Variable Features">freq;2700.0,tr;4</data><data column="Performance">365.38</data></row><row><data column="Variable Features">freq;2700.0,tr;5</data><data column="Performance">289.13</data></row><row><data column="Variable Features">freq;2700.0,tr;6</data><data column="Performance">243.31</data></row><row><data column="Variable Features">freq;3000.0,tr;1</data><data column="Performance">1524.96</data></row><row><data column="Variable Features">freq;3000.0,tr;2</data><data column="Performance">959.06</data></row><row><data column="Variable Features">freq;3000.0,tr;3</data><data column="Performance">589.4</data></row><row><data column="Variable Features">freq;3000.0,tr;4</data><data column="Performance">399.19</data></row><row><data column="Variable Features">freq;3000.0,tr;5</data><data column="Performance">327.17</data></row><row><data column="Variable Features">freq;3000.0,tr;6</data><data column="Performance">277.32</data></row><row><data column="Variable Features">freq;1700.0,tr;1</data><data column="Performance">2501.27</data></row><row><data column="Variable Features">freq;1700.0,tr;2</data><data column="Performance">1303.59</data></row><row><data column="Variable Features">freq;1700.0,tr;3</data><data column="Performance">721.83</data></row><row><data column="Variable Features">freq;1700.0,tr;4</data><data column="Performance">424.53</data></row><row><data column="Variable Features">freq;1700.0,tr;5</data><data column="Performance">299.56</data></row><row><data column="Variable Features">freq;1700.0,tr;6</data><data column="Performance">243.22</data></row><row><data column="Variable Features">freq;1900.0,tr;1</data><data column="Performance">2277.45</data></row><row><data column="Variable Features">freq;1900.0,tr;2</data><data column="Performance">1210.24</data></row><row><data column="Variable Features">freq;1900.0,tr;3</data><data column="Performance">685.41</data></row><row><data column="Variable Features">freq;1900.0,tr;4</data><data column="Performance">405.74</data></row><row><data column="Variable Features">freq;1900.0,tr;5</data><data column="Performance">307.4</data></row><row><data column="Variable Features">freq;1900.0,tr;6</data><data column="Performance">252.93</data></row><row><data column="Variable Features">freq;2300.0,tr;1</data><data column="Performance">1998.37</data></row><row><data column="Variable Features">freq;2300.0,tr;2</data><data column="Performance">1077.05</data></row><row><data column="Variable Features">freq;2300.0,tr;3</data><data column="Performance">614.5</data></row><row><data column="Variable Features">freq;2300.0,tr;4</data><data column="Performance">380.92</data></row><row><data column="Variable Features">freq;2300.0,tr;5</data><data column="Performance">293.25</data></row><row><data column="Variable Features">freq;2300.0,tr;6</data><data column="Performance">245.26</data></row><row><data column="Variable Features">freq;2500.0,tr;1</data><data column="Performance">1898.53</data></row><row><data column="Variable Features">freq;2500.0,tr;2</data><data column="Performance">1039.66</data></row><row><data column="Variable Features">freq;2500.0,tr;3</data><data column="Performance">596.7</data></row><row><data column="Variable Features">freq;2500.0,tr;4</data><data column="Performance">373.34</data></row><row><data column="Variable Features">freq;2500.0,tr;5</data><data column="Performance">297.87</data></row><row><data column="Variable Features">freq;2500.0,tr;6</data><data column="Performance">252.29</data></row><row><data column="Variable Features">freq;2800.0,tr;1</data><data column="Performance">1770.68</data></row><row><data column="Variable Features">freq;2800.0,tr;2</data><data column="Performance">995.15</data></row><row><data column="Variable Features">freq;2800.0,tr;3</data><data column="Performance">577.33</data></row><row><data column="Variable Features">freq;2800.0,tr;4</data><data column="Performance">373.71</data></row><row><data column="Variable Features">freq;2800.0,tr;5</data><data column="Performance">298.33</data></row><row><data column="Variable Features">freq;2800.0,tr;6</data><data column="Performance">252.79</data></row><row><data column="Variable Features">freq;2900.0,tr;1</data><data column="Performance">1718.09</data></row><row><data column="Variable Features">freq;2900.0,tr;2</data><data column="Performance">964.37</data></row><row><data column="Variable Features">freq;2900.0,tr;3</data><data column="Performance">575.51</data></row><row><data column="Variable Features">freq;2900.0,tr;4</data><data column="Performance">374.5</data></row><row><data column="Variable Features">freq;2900.0,tr;5</data><data column="Performance">308.24</data></row><row><data column="Variable Features">freq;2900.0,tr;6</data><data column="Performance">260.73</data></row><row><data column="Variable Features">freq;2000.0,tr;1</data><data column="Performance">2223.1</data></row><row><data column="Variable Features">freq;2000.0,tr;2</data><data column="Performance">1183.15</data></row><row><data column="Variable Features">freq;2000.0,tr;3</data><data column="Performance">657.93</data></row><row><data column="Variable Features">freq;2000.0,tr;4</data><data column="Performance">397.78</data></row><row><data column="Variable Features">freq;2000.0,tr;5</data><data column="Performance">294.53</data></row><row><data column="Variable Features">freq;2000.0,tr;6</data><data column="Performance">238.92</data></row></results>