<results><row><data column="Variable Features">freq;1200.0,tr;1</data><data column="Performance">6657.65</data></row><row><data column="Variable Features">freq;1200.0,tr;2</data><data column="Performance">3530.43</data></row><row><data column="Variable Features">freq;1200.0,tr;3</data><data column="Performance">2017.94</data></row><row><data column="Variable Features">freq;1200.0,tr;4</data><data column="Performance">1211.37</data></row><row><data column="Variable Features">freq;1200.0,tr;5</data><data column="Performance">1193.69</data></row><row><data column="Variable Features">freq;1200.0,tr;6</data><data column="Performance">1191.83</data></row><row><data column="Variable Features">freq;1600.0,tr;1</data><data column="Performance">5191.72</data></row><row><data column="Variable Features">freq;1600.0,tr;2</data><data column="Performance">2805.08</data></row><row><data column="Variable Features">freq;1600.0,tr;3</data><data column="Performance">1576.85</data></row><row><data column="Variable Features">freq;1600.0,tr;4</data><data column="Performance">1123.93</data></row><row><data column="Variable Features">freq;1600.0,tr;5</data><data column="Performance">856.45</data></row><row><data column="Variable Features">freq;1600.0,tr;6</data><data column="Performance">856.89</data></row><row><data column="Variable Features">freq;1800.0,tr;1</data><data column="Performance">4713.38</data></row><row><data column="Variable Features">freq;1800.0,tr;2</data><data column="Performance">2557.33</data></row><row><data column="Variable Features">freq;1800.0,tr;3</data><data column="Performance">1564.04</data></row><row><data column="Variable Features">freq;1800.0,tr;4</data><data column="Performance">1046.74</data></row><row><data column="Variable Features">freq;1800.0,tr;5</data><data column="Performance">700.65</data></row><row><data column="Variable Features">freq;1800.0,tr;6</data><data column="Performance">701.45</data></row><row><data column="Variable Features">freq;2200.0,tr;1</data><data column="Performance">4027.46</data></row><row><data column="Variable Features">freq;2200.0,tr;2</data><data column="Performance">2184.22</data></row><row><data column="Variable Features">freq;2200.0,tr;3</data><data column="Performance">1277.91</data></row><row><data column="Variable Features">freq;2200.0,tr;4</data><data column="Performance">885.85</data></row><row><data column="Variable Features">freq;2200.0,tr;5</data><data column="Performance">637.13</data></row><row><data column="Variable Features">freq;2200.0,tr;6</data><data column="Performance">636.22</data></row><row><data column="Variable Features">freq;2400.0,tr;1</data><data column="Performance">3720.92</data></row><row><data column="Variable Features">freq;2400.0,tr;2</data><data column="Performance">2059.5</data></row><row><data column="Variable Features">freq;2400.0,tr;3</data><data column="Performance">1235.78</data></row><row><data column="Variable Features">freq;2400.0,tr;4</data><data column="Performance">927.38</data></row><row><data column="Variable Features">freq;2400.0,tr;5</data><data column="Performance">804.44</data></row><row><data column="Variable Features">freq;2400.0,tr;6</data><data column="Performance">802.9</data></row><row><data column="Variable Features">freq;2700.0,tr;1</data><data column="Performance">3405.85</data></row><row><data column="Variable Features">freq;2700.0,tr;2</data><data column="Performance">1876.81</data></row><row><data column="Variable Features">freq;2700.0,tr;3</data><data column="Performance">1158.75</data></row><row><data column="Variable Features">freq;2700.0,tr;4</data><data column="Performance">858.05</data></row><row><data column="Variable Features">freq;2700.0,tr;5</data><data column="Performance">784.71</data></row><row><data column="Variable Features">freq;2700.0,tr;6</data><data column="Performance">782.38</data></row><row><data column="Variable Features">freq;3000.0,tr;1</data><data column="Performance">3060.48</data></row><row><data column="Variable Features">freq;3000.0,tr;2</data><data column="Performance">1792.21</data></row><row><data column="Variable Features">freq;3000.0,tr;3</data><data column="Performance">1128.07</data></row><row><data column="Variable Features">freq;3000.0,tr;4</data><data column="Performance">908.6</data></row><row><data column="Variable Features">freq;3000.0,tr;5</data><data column="Performance">872.01</data></row><row><data column="Variable Features">freq;3000.0,tr;6</data><data column="Performance">881.89</data></row><row><data column="Variable Features">freq;1300.0,tr;1</data><data column="Performance">6252.8</data></row><row><data column="Variable Features">freq;1300.0,tr;2</data><data column="Performance">3322.65</data></row><row><data column="Variable Features">freq;1300.0,tr;3</data><data column="Performance">1909.61</data></row><row><data column="Variable Features">freq;1300.0,tr;4</data><data column="Performance">1156.57</data></row><row><data column="Variable Features">freq;1300.0,tr;5</data><data column="Performance">1124.86</data></row><row><data column="Variable Features">freq;1300.0,tr;6</data><data column="Performance">1120.46</data></row><row><data column="Variable Features">freq;1700.0,tr;1</data><data column="Performance">4922.93</data></row><row><data column="Variable Features">freq;1700.0,tr;2</data><data column="Performance">2661.24</data></row><row><data column="Variable Features">freq;1700.0,tr;3</data><data column="Performance">1535.2</data></row><row><data column="Variable Features">freq;1700.0,tr;4</data><data column="Performance">953.2</data></row><row><data column="Variable Features">freq;1700.0,tr;5</data><data column="Performance">942.17</data></row><row><data column="Variable Features">freq;1700.0,tr;6</data><data column="Performance">940.29</data></row><row><data column="Variable Features">freq;1900.0,tr;1</data><data column="Performance">4503.55</data></row><row><data column="Variable Features">freq;1900.0,tr;2</data><data column="Performance">2430.73</data></row><row><data column="Variable Features">freq;1900.0,tr;3</data><data column="Performance">1402.9</data></row><row><data column="Variable Features">freq;1900.0,tr;4</data><data column="Performance">946.25</data></row><row><data column="Variable Features">freq;1900.0,tr;5</data><data column="Performance">888.01</data></row><row><data column="Variable Features">freq;1900.0,tr;6</data><data column="Performance">889.48</data></row><row><data column="Variable Features">freq;2300.0,tr;1</data><data column="Performance">3914.38</data></row><row><data column="Variable Features">freq;2300.0,tr;2</data><data column="Performance">2108.84</data></row><row><data column="Variable Features">freq;2300.0,tr;3</data><data column="Performance">1283.44</data></row><row><data column="Variable Features">freq;2300.0,tr;4</data><data column="Performance">910.27</data></row><row><data column="Variable Features">freq;2300.0,tr;5</data><data column="Performance">830.7</data></row><row><data column="Variable Features">freq;2300.0,tr;6</data><data column="Performance">828.61</data></row><row><data column="Variable Features">freq;2500.0,tr;1</data><data column="Performance">3736.61</data></row><row><data column="Variable Features">freq;2500.0,tr;2</data><data column="Performance">2024.04</data></row><row><data column="Variable Features">freq;2500.0,tr;3</data><data column="Performance">1216.39</data></row><row><data column="Variable Features">freq;2500.0,tr;4</data><data column="Performance">890.83</data></row><row><data column="Variable Features">freq;2500.0,tr;5</data><data column="Performance">626.52</data></row><row><data column="Variable Features">freq;2500.0,tr;6</data><data column="Performance">626.48</data></row><row><data column="Variable Features">freq;2800.0,tr;1</data><data column="Performance">3443.95</data></row><row><data column="Variable Features">freq;2800.0,tr;2</data><data column="Performance">1890.45</data></row><row><data column="Variable Features">freq;2800.0,tr;3</data><data column="Performance">1151.09</data></row><row><data column="Variable Features">freq;2800.0,tr;4</data><data column="Performance">852.44</data></row><row><data column="Variable Features">freq;2800.0,tr;5</data><data column="Performance">626.3</data></row><row><data column="Variable Features">freq;2800.0,tr;6</data><data column="Performance">628.14</data></row><row><data column="Variable Features">freq;1400.0,tr;1</data><data column="Performance">5915.69</data></row><row><data column="Variable Features">freq;1400.0,tr;2</data><data column="Performance">3097.65</data></row><row><data column="Variable Features">freq;1400.0,tr;3</data><data column="Performance">1840.5</data></row><row><data column="Variable Features">freq;1400.0,tr;4</data><data column="Performance">1159.88</data></row><row><data column="Variable Features">freq;1400.0,tr;5</data><data column="Performance">956.99</data></row><row><data column="Variable Features">freq;1400.0,tr;6</data><data column="Performance">958.97</data></row><row><data column="Variable Features">freq;2900.0,tr;1</data><data column="Performance">3277.61</data></row><row><data column="Variable Features">freq;2900.0,tr;2</data><data column="Performance">1846.32</data></row><row><data column="Variable Features">freq;2900.0,tr;3</data><data column="Performance">1134.11</data></row><row><data column="Variable Features">freq;2900.0,tr;4</data><data column="Performance">891.87</data></row><row><data column="Variable Features">freq;2900.0,tr;5</data><data column="Performance">786.15</data></row><row><data column="Variable Features">freq;2900.0,tr;6</data><data column="Performance">785.04</data></row><row><data column="Variable Features">freq;2000.0,tr;1</data><data column="Performance">4347.0</data></row><row><data column="Variable Features">freq;2000.0,tr;2</data><data column="Performance">2338.44</data></row><row><data column="Variable Features">freq;2000.0,tr;3</data><data column="Performance">1358.71</data></row><row><data column="Variable Features">freq;2000.0,tr;4</data><data column="Performance">965.74</data></row><row><data column="Variable Features">freq;2000.0,tr;5</data><data column="Performance">652.87</data></row><row><data column="Variable Features">freq;2000.0,tr;6</data><data column="Performance">652.15</data></row></results>