<results><row><data column="Variable Features">freq;1200.0,tr;1</data><data column="Performance">661.12</data></row><row><data column="Variable Features">freq;1200.0,tr;2</data><data column="Performance">548.25</data></row><row><data column="Variable Features">freq;1200.0,tr;3</data><data column="Performance">535.45</data></row><row><data column="Variable Features">freq;1200.0,tr;4</data><data column="Performance">520.73</data></row><row><data column="Variable Features">freq;1200.0,tr;5</data><data column="Performance">532.54</data></row><row><data column="Variable Features">freq;1200.0,tr;6</data><data column="Performance">533.39</data></row><row><data column="Variable Features">freq;1600.0,tr;1</data><data column="Performance">537.23</data></row><row><data column="Variable Features">freq;1600.0,tr;2</data><data column="Performance">451.37</data></row><row><data column="Variable Features">freq;1600.0,tr;3</data><data column="Performance">440.92</data></row><row><data column="Variable Features">freq;1600.0,tr;4</data><data column="Performance">454.05</data></row><row><data column="Variable Features">freq;1600.0,tr;5</data><data column="Performance">449.57</data></row><row><data column="Variable Features">freq;1600.0,tr;6</data><data column="Performance">451.73</data></row><row><data column="Variable Features">freq;1800.0,tr;1</data><data column="Performance">490.9</data></row><row><data column="Variable Features">freq;1800.0,tr;2</data><data column="Performance">415.68</data></row><row><data column="Variable Features">freq;1800.0,tr;3</data><data column="Performance">422.35</data></row><row><data column="Variable Features">freq;1800.0,tr;4</data><data column="Performance">422.03</data></row><row><data column="Variable Features">freq;1800.0,tr;5</data><data column="Performance">423.02</data></row><row><data column="Variable Features">freq;1800.0,tr;6</data><data column="Performance">421.48</data></row><row><data column="Variable Features">freq;2200.0,tr;1</data><data column="Performance">456.66</data></row><row><data column="Variable Features">freq;2200.0,tr;2</data><data column="Performance">380.18</data></row><row><data column="Variable Features">freq;2200.0,tr;3</data><data column="Performance">367.76</data></row><row><data column="Variable Features">freq;2200.0,tr;4</data><data column="Performance">392.68</data></row><row><data column="Variable Features">freq;2200.0,tr;5</data><data column="Performance">378.28</data></row><row><data column="Variable Features">freq;2200.0,tr;6</data><data column="Performance">380.69</data></row><row><data column="Variable Features">freq;2400.0,tr;1</data><data column="Performance">407.49</data></row><row><data column="Variable Features">freq;2400.0,tr;2</data><data column="Performance">357.08</data></row><row><data column="Variable Features">freq;2400.0,tr;3</data><data column="Performance">369.75</data></row><row><data column="Variable Features">freq;2400.0,tr;4</data><data column="Performance">361.9</data></row><row><data column="Variable Features">freq;2400.0,tr;5</data><data column="Performance">367.52</data></row><row><data column="Variable Features">freq;2400.0,tr;6</data><data column="Performance">365.42</data></row><row><data column="Variable Features">freq;2700.0,tr;1</data><data column="Performance">390.98</data></row><row><data column="Variable Features">freq;2700.0,tr;2</data><data column="Performance">356.59</data></row><row><data column="Variable Features">freq;2700.0,tr;3</data><data column="Performance">350.0</data></row><row><data column="Variable Features">freq;2700.0,tr;4</data><data column="Performance">354.36</data></row><row><data column="Variable Features">freq;2700.0,tr;5</data><data column="Performance">359.59</data></row><row><data column="Variable Features">freq;2700.0,tr;6</data><data column="Performance">351.7</data></row><row><data column="Variable Features">freq;3000.0,tr;1</data><data column="Performance">364.32</data></row><row><data column="Variable Features">freq;3000.0,tr;2</data><data column="Performance">370.6</data></row><row><data column="Variable Features">freq;3000.0,tr;3</data><data column="Performance">369.75</data></row><row><data column="Variable Features">freq;3000.0,tr;4</data><data column="Performance">362.87</data></row><row><data column="Variable Features">freq;3000.0,tr;5</data><data column="Performance">377.05</data></row><row><data column="Variable Features">freq;3000.0,tr;6</data><data column="Performance">370.28</data></row><row><data column="Variable Features">freq;1300.0,tr;1</data><data column="Performance">627.02</data></row><row><data column="Variable Features">freq;1300.0,tr;2</data><data column="Performance">500.92</data></row><row><data column="Variable Features">freq;1300.0,tr;3</data><data column="Performance">500.63</data></row><row><data column="Variable Features">freq;1300.0,tr;4</data><data column="Performance">508.66</data></row><row><data column="Variable Features">freq;1300.0,tr;5</data><data column="Performance">497.68</data></row><row><data column="Variable Features">freq;1300.0,tr;6</data><data column="Performance">499.81</data></row><row><data column="Variable Features">freq;1700.0,tr;1</data><data column="Performance">513.66</data></row><row><data column="Variable Features">freq;1700.0,tr;2</data><data column="Performance">432.04</data></row><row><data column="Variable Features">freq;1700.0,tr;3</data><data column="Performance">429.02</data></row><row><data column="Variable Features">freq;1700.0,tr;4</data><data column="Performance">438.61</data></row><row><data column="Variable Features">freq;1700.0,tr;5</data><data column="Performance">437.83</data></row><row><data column="Variable Features">freq;1700.0,tr;6</data><data column="Performance">440.85</data></row><row><data column="Variable Features">freq;1900.0,tr;1</data><data column="Performance">490.77</data></row><row><data column="Variable Features">freq;1900.0,tr;2</data><data column="Performance">410.93</data></row><row><data column="Variable Features">freq;1900.0,tr;3</data><data column="Performance">417.05</data></row><row><data column="Variable Features">freq;1900.0,tr;4</data><data column="Performance">413.83</data></row><row><data column="Variable Features">freq;1900.0,tr;5</data><data column="Performance">415.32</data></row><row><data column="Variable Features">freq;1900.0,tr;6</data><data column="Performance">417.61</data></row><row><data column="Variable Features">freq;2300.0,tr;1</data><data column="Performance">440.54</data></row><row><data column="Variable Features">freq;2300.0,tr;2</data><data column="Performance">383.32</data></row><row><data column="Variable Features">freq;2300.0,tr;3</data><data column="Performance">383.3</data></row><row><data column="Variable Features">freq;2300.0,tr;4</data><data column="Performance">382.23</data></row><row><data column="Variable Features">freq;2300.0,tr;5</data><data column="Performance">380.85</data></row><row><data column="Variable Features">freq;2300.0,tr;6</data><data column="Performance">384.86</data></row><row><data column="Variable Features">freq;2500.0,tr;1</data><data column="Performance">405.17</data></row><row><data column="Variable Features">freq;2500.0,tr;2</data><data column="Performance">369.23</data></row><row><data column="Variable Features">freq;2500.0,tr;3</data><data column="Performance">374.16</data></row><row><data column="Variable Features">freq;2500.0,tr;4</data><data column="Performance">373.11</data></row><row><data column="Variable Features">freq;2500.0,tr;5</data><data column="Performance">377.21</data></row><row><data column="Variable Features">freq;2500.0,tr;6</data><data column="Performance">372.19</data></row><row><data column="Variable Features">freq;2800.0,tr;1</data><data column="Performance">390.24</data></row><row><data column="Variable Features">freq;2800.0,tr;2</data><data column="Performance">361.29</data></row><row><data column="Variable Features">freq;2800.0,tr;3</data><data column="Performance">363.05</data></row><row><data column="Variable Features">freq;2800.0,tr;4</data><data column="Performance">363.87</data></row><row><data column="Variable Features">freq;2800.0,tr;5</data><data column="Performance">359.33</data></row><row><data column="Variable Features">freq;2800.0,tr;6</data><data column="Performance">375.89</data></row><row><data column="Variable Features">freq;1400.0,tr;1</data><data column="Performance">588.47</data></row><row><data column="Variable Features">freq;1400.0,tr;2</data><data column="Performance">495.06</data></row><row><data column="Variable Features">freq;1400.0,tr;3</data><data column="Performance">489.24</data></row><row><data column="Variable Features">freq;1400.0,tr;4</data><data column="Performance">473.72</data></row><row><data column="Variable Features">freq;1400.0,tr;5</data><data column="Performance">480.28</data></row><row><data column="Variable Features">freq;1400.0,tr;6</data><data column="Performance">491.5</data></row><row><data column="Variable Features">freq;2900.0,tr;1</data><data column="Performance">389.05</data></row><row><data column="Variable Features">freq;2900.0,tr;2</data><data column="Performance">360.46</data></row><row><data column="Variable Features">freq;2900.0,tr;3</data><data column="Performance">362.45</data></row><row><data column="Variable Features">freq;2900.0,tr;4</data><data column="Performance">349.84</data></row><row><data column="Variable Features">freq;2900.0,tr;5</data><data column="Performance">364.76</data></row><row><data column="Variable Features">freq;2900.0,tr;6</data><data column="Performance">350.68</data></row><row><data column="Variable Features">freq;2000.0,tr;1</data><data column="Performance">461.46</data></row><row><data column="Variable Features">freq;2000.0,tr;2</data><data column="Performance">403.14</data></row><row><data column="Variable Features">freq;2000.0,tr;3</data><data column="Performance">405.15</data></row><row><data column="Variable Features">freq;2000.0,tr;4</data><data column="Performance">408.32</data></row><row><data column="Variable Features">freq;2000.0,tr;5</data><data column="Performance">406.13</data></row><row><data column="Variable Features">freq;2000.0,tr;6</data><data column="Performance">409.29</data></row></results>