<results><row><data column="Variable Features">freq;1200.0,tr;1</data><data column="Performance">27432.55</data></row><row><data column="Variable Features">freq;1200.0,tr;2</data><data column="Performance">16252.28</data></row><row><data column="Variable Features">freq;1200.0,tr;3</data><data column="Performance">8869.54</data></row><row><data column="Variable Features">freq;1200.0,tr;4</data><data column="Performance">5880.32</data></row><row><data column="Variable Features">freq;1200.0,tr;5</data><data column="Performance">10359.22</data></row><row><data column="Variable Features">freq;1200.0,tr;6</data><data column="Performance">11466.39</data></row><row><data column="Variable Features">freq;1600.0,tr;1</data><data column="Performance">21354.27</data></row><row><data column="Variable Features">freq;1600.0,tr;2</data><data column="Performance">12915.98</data></row><row><data column="Variable Features">freq;1600.0,tr;3</data><data column="Performance">7138.71</data></row><row><data column="Variable Features">freq;1600.0,tr;4</data><data column="Performance">4287.48</data></row><row><data column="Variable Features">freq;1600.0,tr;5</data><data column="Performance">7153.62</data></row><row><data column="Variable Features">freq;1600.0,tr;6</data><data column="Performance">6744.04</data></row><row><data column="Variable Features">freq;1800.0,tr;1</data><data column="Performance">19517.86</data></row><row><data column="Variable Features">freq;1800.0,tr;2</data><data column="Performance">11816.02</data></row><row><data column="Variable Features">freq;1800.0,tr;3</data><data column="Performance">6607.46</data></row><row><data column="Variable Features">freq;1800.0,tr;4</data><data column="Performance">4974.95</data></row><row><data column="Variable Features">freq;1800.0,tr;5</data><data column="Performance">8629.75</data></row><row><data column="Variable Features">freq;1800.0,tr;6</data><data column="Performance">8609.16</data></row><row><data column="Variable Features">freq;2200.0,tr;1</data><data column="Performance">16822.81</data></row><row><data column="Variable Features">freq;2200.0,tr;2</data><data column="Performance">10270.94</data></row><row><data column="Variable Features">freq;2200.0,tr;3</data><data column="Performance">5883.67</data></row><row><data column="Variable Features">freq;2200.0,tr;4</data><data column="Performance">3727.43</data></row><row><data column="Variable Features">freq;2200.0,tr;5</data><data column="Performance">7035.75</data></row><row><data column="Variable Features">freq;2200.0,tr;6</data><data column="Performance">5053.59</data></row><row><data column="Variable Features">freq;2400.0,tr;1</data><data column="Performance">15764.66</data></row><row><data column="Variable Features">freq;2400.0,tr;2</data><data column="Performance">9683.5</data></row><row><data column="Variable Features">freq;2400.0,tr;3</data><data column="Performance">5617.71</data></row><row><data column="Variable Features">freq;2400.0,tr;4</data><data column="Performance">4686.12</data></row><row><data column="Variable Features">freq;2400.0,tr;5</data><data column="Performance">7316.9</data></row><row><data column="Variable Features">freq;2400.0,tr;6</data><data column="Performance">8519.02</data></row><row><data column="Variable Features">freq;2700.0,tr;1</data><data column="Performance">14525.96</data></row><row><data column="Variable Features">freq;2700.0,tr;2</data><data column="Performance">9060.58</data></row><row><data column="Variable Features">freq;2700.0,tr;3</data><data column="Performance">5357.82</data></row><row><data column="Variable Features">freq;2700.0,tr;4</data><data column="Performance">4515.45</data></row><row><data column="Variable Features">freq;2700.0,tr;5</data><data column="Performance">7440.11</data></row><row><data column="Variable Features">freq;2700.0,tr;6</data><data column="Performance">6191.35</data></row><row><data column="Variable Features">freq;3000.0,tr;1</data><data column="Performance">13731.15</data></row><row><data column="Variable Features">freq;3000.0,tr;2</data><data column="Performance">9031.64</data></row><row><data column="Variable Features">freq;3000.0,tr;3</data><data column="Performance">5700.48</data></row><row><data column="Variable Features">freq;3000.0,tr;4</data><data column="Performance">6145.03</data></row><row><data column="Variable Features">freq;3000.0,tr;5</data><data column="Performance">7910.76</data></row><row><data column="Variable Features">freq;3000.0,tr;6</data><data column="Performance">7634.11</data></row><row><data column="Variable Features">freq;1300.0,tr;1</data><data column="Performance">27021.02</data></row><row><data column="Variable Features">freq;1300.0,tr;2</data><data column="Performance">16171.82</data></row><row><data column="Variable Features">freq;1300.0,tr;3</data><data column="Performance">8941.17</data></row><row><data column="Variable Features">freq;1300.0,tr;4</data><data column="Performance">6949.37</data></row><row><data column="Variable Features">freq;1300.0,tr;5</data><data column="Performance">11746.99</data></row><row><data column="Variable Features">freq;1300.0,tr;6</data><data column="Performance">10175.94</data></row><row><data column="Variable Features">freq;1700.0,tr;1</data><data column="Performance">19501.44</data></row><row><data column="Variable Features">freq;1700.0,tr;2</data><data column="Performance">11788.79</data></row><row><data column="Variable Features">freq;1700.0,tr;3</data><data column="Performance">7080.29</data></row><row><data column="Variable Features">freq;1700.0,tr;4</data><data column="Performance">5592.5</data></row><row><data column="Variable Features">freq;1700.0,tr;5</data><data column="Performance">8544.01</data></row><row><data column="Variable Features">freq;1700.0,tr;6</data><data column="Performance">7721.88</data></row><row><data column="Variable Features">freq;1900.0,tr;1</data><data column="Performance">20064.71</data></row><row><data column="Variable Features">freq;1900.0,tr;2</data><data column="Performance">12355.92</data></row><row><data column="Variable Features">freq;1900.0,tr;3</data><data column="Performance">7030.74</data></row><row><data column="Variable Features">freq;1900.0,tr;4</data><data column="Performance">4217.65</data></row><row><data column="Variable Features">freq;1900.0,tr;5</data><data column="Performance">6025.33</data></row><row><data column="Variable Features">freq;1900.0,tr;6</data><data column="Performance">7241.86</data></row><row><data column="Variable Features">freq;2300.0,tr;1</data><data column="Performance">17601.92</data></row><row><data column="Variable Features">freq;2300.0,tr;2</data><data column="Performance">10961.49</data></row><row><data column="Variable Features">freq;2300.0,tr;3</data><data column="Performance">6369.63</data></row><row><data column="Variable Features">freq;2300.0,tr;4</data><data column="Performance">4019.49</data></row><row><data column="Variable Features">freq;2300.0,tr;5</data><data column="Performance">9077.76</data></row><row><data column="Variable Features">freq;2300.0,tr;6</data><data column="Performance">8439.29</data></row><row><data column="Variable Features">freq;2500.0,tr;1</data><data column="Performance">16694.64</data></row><row><data column="Variable Features">freq;2500.0,tr;2</data><data column="Performance">10484.44</data></row><row><data column="Variable Features">freq;2500.0,tr;3</data><data column="Performance">6204.12</data></row><row><data column="Variable Features">freq;2500.0,tr;4</data><data column="Performance">4317.76</data></row><row><data column="Variable Features">freq;2500.0,tr;5</data><data column="Performance">8634.95</data></row><row><data column="Variable Features">freq;2500.0,tr;6</data><data column="Performance">7002.25</data></row><row><data column="Variable Features">freq;2800.0,tr;1</data><data column="Performance">15609.34</data></row><row><data column="Variable Features">freq;2800.0,tr;2</data><data column="Performance">10015.94</data></row><row><data column="Variable Features">freq;2800.0,tr;3</data><data column="Performance">6041.13</data></row><row><data column="Variable Features">freq;2800.0,tr;4</data><data column="Performance">4609.2</data></row><row><data column="Variable Features">freq;2800.0,tr;5</data><data column="Performance">6277.56</data></row><row><data column="Variable Features">freq;2800.0,tr;6</data><data column="Performance">5746.76</data></row><row><data column="Variable Features">freq;1400.0,tr;1</data><data column="Performance">23912.83</data></row><row><data column="Variable Features">freq;1400.0,tr;2</data><data column="Performance">15281.56</data></row><row><data column="Variable Features">freq;1400.0,tr;3</data><data column="Performance">8487.05</data></row><row><data column="Variable Features">freq;1400.0,tr;4</data><data column="Performance">5759.75</data></row><row><data column="Variable Features">freq;1400.0,tr;5</data><data column="Performance">8294.76</data></row><row><data column="Variable Features">freq;1400.0,tr;6</data><data column="Performance">9206.04</data></row><row><data column="Variable Features">freq;2900.0,tr;1</data><data column="Performance">15286.24</data></row><row><data column="Variable Features">freq;2900.0,tr;2</data><data column="Performance">9830.85</data></row><row><data column="Variable Features">freq;2900.0,tr;3</data><data column="Performance">5978.07</data></row><row><data column="Variable Features">freq;2900.0,tr;4</data><data column="Performance">4308.37</data></row><row><data column="Variable Features">freq;2900.0,tr;5</data><data column="Performance">6527.9</data></row><row><data column="Variable Features">freq;2900.0,tr;6</data><data column="Performance">7730.3</data></row><row><data column="Variable Features">freq;2000.0,tr;1</data><data column="Performance">18024.36</data></row><row><data column="Variable Features">freq;2000.0,tr;2</data><data column="Performance">10962.3</data></row><row><data column="Variable Features">freq;2000.0,tr;3</data><data column="Performance">6211.92</data></row><row><data column="Variable Features">freq;2000.0,tr;4</data><data column="Performance">3849.88</data></row><row><data column="Variable Features">freq;2000.0,tr;5</data><data column="Performance">8130.67</data></row><row><data column="Variable Features">freq;2000.0,tr;6</data><data column="Performance">6835.57</data></row></results>