<results><row><data column="Variable Features">freq;1200.0,tr;1</data><data column="Performance">28149.94</data></row><row><data column="Variable Features">freq;1200.0,tr;2</data><data column="Performance">15019.67</data></row><row><data column="Variable Features">freq;1200.0,tr;3</data><data column="Performance">8394.78</data></row><row><data column="Variable Features">freq;1200.0,tr;4</data><data column="Performance">4988.43</data></row><row><data column="Variable Features">freq;1200.0,tr;5</data><data column="Performance">3656.8</data></row><row><data column="Variable Features">freq;1200.0,tr;6</data><data column="Performance">2815.92</data></row><row><data column="Variable Features">freq;1600.0,tr;1</data><data column="Performance">22016.13</data></row><row><data column="Variable Features">freq;1600.0,tr;2</data><data column="Performance">12043.19</data></row><row><data column="Variable Features">freq;1600.0,tr;3</data><data column="Performance">6949.75</data></row><row><data column="Variable Features">freq;1600.0,tr;4</data><data column="Performance">4196.99</data></row><row><data column="Variable Features">freq;1600.0,tr;5</data><data column="Performance">3148.91</data></row><row><data column="Variable Features">freq;1600.0,tr;6</data><data column="Performance">2538.9</data></row><row><data column="Variable Features">freq;1800.0,tr;1</data><data column="Performance">20068.62</data></row><row><data column="Variable Features">freq;1800.0,tr;2</data><data column="Performance">11066.6</data></row><row><data column="Variable Features">freq;1800.0,tr;3</data><data column="Performance">6470.82</data></row><row><data column="Variable Features">freq;1800.0,tr;4</data><data column="Performance">3978.84</data></row><row><data column="Variable Features">freq;1800.0,tr;5</data><data column="Performance">3064.04</data></row><row><data column="Variable Features">freq;1800.0,tr;6</data><data column="Performance">2462.71</data></row><row><data column="Variable Features">freq;2200.0,tr;1</data><data column="Performance">17319.43</data></row><row><data column="Variable Features">freq;2200.0,tr;2</data><data column="Performance">9859.63</data></row><row><data column="Variable Features">freq;2200.0,tr;3</data><data column="Performance">5932.98</data></row><row><data column="Variable Features">freq;2200.0,tr;4</data><data column="Performance">3788.78</data></row><row><data column="Variable Features">freq;2200.0,tr;5</data><data column="Performance">2946.04</data></row><row><data column="Variable Features">freq;2200.0,tr;6</data><data column="Performance">2427.09</data></row><row><data column="Variable Features">freq;2400.0,tr;1</data><data column="Performance">16345.05</data></row><row><data column="Variable Features">freq;2400.0,tr;2</data><data column="Performance">9409.45</data></row><row><data column="Variable Features">freq;2400.0,tr;3</data><data column="Performance">5676.92</data></row><row><data column="Variable Features">freq;2400.0,tr;4</data><data column="Performance">3666.72</data></row><row><data column="Variable Features">freq;2400.0,tr;5</data><data column="Performance">2932.8</data></row><row><data column="Variable Features">freq;2400.0,tr;6</data><data column="Performance">2456.3</data></row><row><data column="Variable Features">freq;2700.0,tr;1</data><data column="Performance">15179.79</data></row><row><data column="Variable Features">freq;2700.0,tr;2</data><data column="Performance">8870.34</data></row><row><data column="Variable Features">freq;2700.0,tr;3</data><data column="Performance">5497.69</data></row><row><data column="Variable Features">freq;2700.0,tr;4</data><data column="Performance">3653.58</data></row><row><data column="Variable Features">freq;2700.0,tr;5</data><data column="Performance">3006.95</data></row><row><data column="Variable Features">freq;2700.0,tr;6</data><data column="Performance">2524.4</data></row><row><data column="Variable Features">freq;3000.0,tr;1</data><data column="Performance">13527.28</data></row><row><data column="Variable Features">freq;3000.0,tr;2</data><data column="Performance">8733.16</data></row><row><data column="Variable Features">freq;3000.0,tr;3</data><data column="Performance">5745.62</data></row><row><data column="Variable Features">freq;3000.0,tr;4</data><data column="Performance">4015.07</data></row><row><data column="Variable Features">freq;3000.0,tr;5</data><data column="Performance">3405.52</data></row><row><data column="Variable Features">freq;3000.0,tr;6</data><data column="Performance">2944.75</data></row><row><data column="Variable Features">freq;1300.0,tr;1</data><data column="Performance">26250.99</data></row><row><data column="Variable Features">freq;1300.0,tr;2</data><data column="Performance">14103.63</data></row><row><data column="Variable Features">freq;1300.0,tr;3</data><data column="Performance">8184.75</data></row><row><data column="Variable Features">freq;1300.0,tr;4</data><data column="Performance">4929.66</data></row><row><data column="Variable Features">freq;1300.0,tr;5</data><data column="Performance">3634.82</data></row><row><data column="Variable Features">freq;1300.0,tr;6</data><data column="Performance">2809.94</data></row><row><data column="Variable Features">freq;1700.0,tr;1</data><data column="Performance">20934.38</data></row><row><data column="Variable Features">freq;1700.0,tr;2</data><data column="Performance">11464.22</data></row><row><data column="Variable Features">freq;1700.0,tr;3</data><data column="Performance">6694.79</data></row><row><data column="Variable Features">freq;1700.0,tr;4</data><data column="Performance">4100.23</data></row><row><data column="Variable Features">freq;1700.0,tr;5</data><data column="Performance">3097.49</data></row><row><data column="Variable Features">freq;1700.0,tr;6</data><data column="Performance">2476.44</data></row><row><data column="Variable Features">freq;1900.0,tr;1</data><data column="Performance">19207.69</data></row><row><data column="Variable Features">freq;1900.0,tr;2</data><data column="Performance">10839.62</data></row><row><data column="Variable Features">freq;1900.0,tr;3</data><data column="Performance">6573.39</data></row><row><data column="Variable Features">freq;1900.0,tr;4</data><data column="Performance">4194.0</data></row><row><data column="Variable Features">freq;1900.0,tr;5</data><data column="Performance">3196.66</data></row><row><data column="Variable Features">freq;1900.0,tr;6</data><data column="Performance">2594.79</data></row><row><data column="Variable Features">freq;2300.0,tr;1</data><data column="Performance">16962.35</data></row><row><data column="Variable Features">freq;2300.0,tr;2</data><data column="Performance">9923.2</data></row><row><data column="Variable Features">freq;2300.0,tr;3</data><data column="Performance">6015.37</data></row><row><data column="Variable Features">freq;2300.0,tr;4</data><data column="Performance">3875.05</data></row><row><data column="Variable Features">freq;2300.0,tr;5</data><data column="Performance">3106.68</data></row><row><data column="Variable Features">freq;2300.0,tr;6</data><data column="Performance">2570.06</data></row><row><data column="Variable Features">freq;2500.0,tr;1</data><data column="Performance">16027.96</data></row><row><data column="Variable Features">freq;2500.0,tr;2</data><data column="Performance">9447.59</data></row><row><data column="Variable Features">freq;2500.0,tr;3</data><data column="Performance">5853.34</data></row><row><data column="Variable Features">freq;2500.0,tr;4</data><data column="Performance">3852.25</data></row><row><data column="Variable Features">freq;2500.0,tr;5</data><data column="Performance">3135.17</data></row><row><data column="Variable Features">freq;2500.0,tr;6</data><data column="Performance">2593.93</data></row><row><data column="Variable Features">freq;2800.0,tr;1</data><data column="Performance">15006.18</data></row><row><data column="Variable Features">freq;2800.0,tr;2</data><data column="Performance">9111.71</data></row><row><data column="Variable Features">freq;2800.0,tr;3</data><data column="Performance">5687.94</data></row><row><data column="Variable Features">freq;2800.0,tr;4</data><data column="Performance">3938.82</data></row><row><data column="Variable Features">freq;2800.0,tr;5</data><data column="Performance">3204.71</data></row><row><data column="Variable Features">freq;2800.0,tr;6</data><data column="Performance">2698.13</data></row><row><data column="Variable Features">freq;1400.0,tr;1</data><data column="Performance">24587.64</data></row><row><data column="Variable Features">freq;1400.0,tr;2</data><data column="Performance">13348.4</data></row><row><data column="Variable Features">freq;1400.0,tr;3</data><data column="Performance">7787.14</data></row><row><data column="Variable Features">freq;1400.0,tr;4</data><data column="Performance">4787.14</data></row><row><data column="Variable Features">freq;1400.0,tr;5</data><data column="Performance">3551.57</data></row><row><data column="Variable Features">freq;1400.0,tr;6</data><data column="Performance">2767.26</data></row><row><data column="Variable Features">freq;2900.0,tr;1</data><data column="Performance">14728.49</data></row><row><data column="Variable Features">freq;2900.0,tr;2</data><data column="Performance">8793.12</data></row><row><data column="Variable Features">freq;2900.0,tr;3</data><data column="Performance">5659.52</data></row><row><data column="Variable Features">freq;2900.0,tr;4</data><data column="Performance">3952.63</data></row><row><data column="Variable Features">freq;2900.0,tr;5</data><data column="Performance">3234.1</data></row><row><data column="Variable Features">freq;2900.0,tr;6</data><data column="Performance">2771.16</data></row><row><data column="Variable Features">freq;2000.0,tr;1</data><data column="Performance">18570.97</data></row><row><data column="Variable Features">freq;2000.0,tr;2</data><data column="Performance">10373.71</data></row><row><data column="Variable Features">freq;2000.0,tr;3</data><data column="Performance">6151.84</data></row><row><data column="Variable Features">freq;2000.0,tr;4</data><data column="Performance">3844.09</data></row><row><data column="Variable Features">freq;2000.0,tr;5</data><data column="Performance">2960.23</data></row><row><data column="Variable Features">freq;2000.0,tr;6</data><data column="Performance">2416.26</data></row></results>