<results><row><data column="Variable Features">freq;1200.0,tr;1</data><data column="Performance">4316.91</data></row><row><data column="Variable Features">freq;1200.0,tr;2</data><data column="Performance">2278.34</data></row><row><data column="Variable Features">freq;1200.0,tr;3</data><data column="Performance">1231.29</data></row><row><data column="Variable Features">freq;1200.0,tr;4</data><data column="Performance">703.35</data></row><row><data column="Variable Features">freq;1200.0,tr;5</data><data column="Performance">444.87</data></row><row><data column="Variable Features">freq;1200.0,tr;6</data><data column="Performance">352.2</data></row><row><data column="Variable Features">freq;1600.0,tr;1</data><data column="Performance">3398.63</data></row><row><data column="Variable Features">freq;1600.0,tr;2</data><data column="Performance">1815.59</data></row><row><data column="Variable Features">freq;1600.0,tr;3</data><data column="Performance">1026.13</data></row><row><data column="Variable Features">freq;1600.0,tr;4</data><data column="Performance">590.11</data></row><row><data column="Variable Features">freq;1600.0,tr;5</data><data column="Performance">399.41</data></row><row><data column="Variable Features">freq;1600.0,tr;6</data><data column="Performance">315.54</data></row><row><data column="Variable Features">freq;1800.0,tr;1</data><data column="Performance">3038.33</data></row><row><data column="Variable Features">freq;1800.0,tr;2</data><data column="Performance">1665.23</data></row><row><data column="Variable Features">freq;1800.0,tr;3</data><data column="Performance">939.6</data></row><row><data column="Variable Features">freq;1800.0,tr;4</data><data column="Performance">565.03</data></row><row><data column="Variable Features">freq;1800.0,tr;5</data><data column="Performance">386.49</data></row><row><data column="Variable Features">freq;1800.0,tr;6</data><data column="Performance">306.84</data></row><row><data column="Variable Features">freq;2200.0,tr;1</data><data column="Performance">2603.62</data></row><row><data column="Variable Features">freq;2200.0,tr;2</data><data column="Performance">1499.87</data></row><row><data column="Variable Features">freq;2200.0,tr;3</data><data column="Performance">859.84</data></row><row><data column="Variable Features">freq;2200.0,tr;4</data><data column="Performance">521.89</data></row><row><data column="Variable Features">freq;2200.0,tr;5</data><data column="Performance">370.1</data></row><row><data column="Variable Features">freq;2200.0,tr;6</data><data column="Performance">301.54</data></row><row><data column="Variable Features">freq;2400.0,tr;1</data><data column="Performance">2428.36</data></row><row><data column="Variable Features">freq;2400.0,tr;2</data><data column="Performance">1404.89</data></row><row><data column="Variable Features">freq;2400.0,tr;3</data><data column="Performance">813.73</data></row><row><data column="Variable Features">freq;2400.0,tr;4</data><data column="Performance">520.51</data></row><row><data column="Variable Features">freq;2400.0,tr;5</data><data column="Performance">373.13</data></row><row><data column="Variable Features">freq;2400.0,tr;6</data><data column="Performance">308.47</data></row><row><data column="Variable Features">freq;2700.0,tr;1</data><data column="Performance">2239.76</data></row><row><data column="Variable Features">freq;2700.0,tr;2</data><data column="Performance">1320.33</data></row><row><data column="Variable Features">freq;2700.0,tr;3</data><data column="Performance">785.01</data></row><row><data column="Variable Features">freq;2700.0,tr;4</data><data column="Performance">512.1</data></row><row><data column="Variable Features">freq;2700.0,tr;5</data><data column="Performance">384.22</data></row><row><data column="Variable Features">freq;2700.0,tr;6</data><data column="Performance">306.46</data></row><row><data column="Variable Features">freq;3000.0,tr;1</data><data column="Performance">1973.93</data></row><row><data column="Variable Features">freq;3000.0,tr;2</data><data column="Performance">1284.06</data></row><row><data column="Variable Features">freq;3000.0,tr;3</data><data column="Performance">847.52</data></row><row><data column="Variable Features">freq;3000.0,tr;4</data><data column="Performance">574.44</data></row><row><data column="Variable Features">freq;3000.0,tr;5</data><data column="Performance">430.7</data></row><row><data column="Variable Features">freq;3000.0,tr;6</data><data column="Performance">366.65</data></row><row><data column="Variable Features">freq;1300.0,tr;1</data><data column="Performance">4125.72</data></row><row><data column="Variable Features">freq;1300.0,tr;2</data><data column="Performance">2136.07</data></row><row><data column="Variable Features">freq;1300.0,tr;3</data><data column="Performance">1156.3</data></row><row><data column="Variable Features">freq;1300.0,tr;4</data><data column="Performance">676.75</data></row><row><data column="Variable Features">freq;1300.0,tr;5</data><data column="Performance">422.68</data></row><row><data column="Variable Features">freq;1300.0,tr;6</data><data column="Performance">342.33</data></row><row><data column="Variable Features">freq;1700.0,tr;1</data><data column="Performance">3195.23</data></row><row><data column="Variable Features">freq;1700.0,tr;2</data><data column="Performance">1757.16</data></row><row><data column="Variable Features">freq;1700.0,tr;3</data><data column="Performance">975.05</data></row><row><data column="Variable Features">freq;1700.0,tr;4</data><data column="Performance">583.98</data></row><row><data column="Variable Features">freq;1700.0,tr;5</data><data column="Performance">386.31</data></row><row><data column="Variable Features">freq;1700.0,tr;6</data><data column="Performance">316.21</data></row><row><data column="Variable Features">freq;1900.0,tr;1</data><data column="Performance">2889.98</data></row><row><data column="Variable Features">freq;1900.0,tr;2</data><data column="Performance">1611.55</data></row><row><data column="Variable Features">freq;1900.0,tr;3</data><data column="Performance">916.38</data></row><row><data column="Variable Features">freq;1900.0,tr;4</data><data column="Performance">550.89</data></row><row><data column="Variable Features">freq;1900.0,tr;5</data><data column="Performance">378.59</data></row><row><data column="Variable Features">freq;1900.0,tr;6</data><data column="Performance">301.76</data></row><row><data column="Variable Features">freq;2300.0,tr;1</data><data column="Performance">2509.92</data></row><row><data column="Variable Features">freq;2300.0,tr;2</data><data column="Performance">1446.84</data></row><row><data column="Variable Features">freq;2300.0,tr;3</data><data column="Performance">833.0</data></row><row><data column="Variable Features">freq;2300.0,tr;4</data><data column="Performance">516.33</data></row><row><data column="Variable Features">freq;2300.0,tr;5</data><data column="Performance">369.52</data></row><row><data column="Variable Features">freq;2300.0,tr;6</data><data column="Performance">307.28</data></row><row><data column="Variable Features">freq;2500.0,tr;1</data><data column="Performance">2351.43</data></row><row><data column="Variable Features">freq;2500.0,tr;2</data><data column="Performance">1383.03</data></row><row><data column="Variable Features">freq;2500.0,tr;3</data><data column="Performance">820.52</data></row><row><data column="Variable Features">freq;2500.0,tr;4</data><data column="Performance">508.5</data></row><row><data column="Variable Features">freq;2500.0,tr;5</data><data column="Performance">374.72</data></row><row><data column="Variable Features">freq;2500.0,tr;6</data><data column="Performance">302.43</data></row><row><data column="Variable Features">freq;2800.0,tr;1</data><data column="Performance">2187.46</data></row><row><data column="Variable Features">freq;2800.0,tr;2</data><data column="Performance">1301.99</data></row><row><data column="Variable Features">freq;2800.0,tr;3</data><data column="Performance">784.58</data></row><row><data column="Variable Features">freq;2800.0,tr;4</data><data column="Performance">524.1</data></row><row><data column="Variable Features">freq;2800.0,tr;5</data><data column="Performance">390.85</data></row><row><data column="Variable Features">freq;2800.0,tr;6</data><data column="Performance">317.22</data></row><row><data column="Variable Features">freq;1400.0,tr;1</data><data column="Performance">3749.53</data></row><row><data column="Variable Features">freq;1400.0,tr;2</data><data column="Performance">2005.2</data></row><row><data column="Variable Features">freq;1400.0,tr;3</data><data column="Performance">1092.75</data></row><row><data column="Variable Features">freq;1400.0,tr;4</data><data column="Performance">640.9</data></row><row><data column="Variable Features">freq;1400.0,tr;5</data><data column="Performance">415.18</data></row><row><data column="Variable Features">freq;1400.0,tr;6</data><data column="Performance">334.95</data></row><row><data column="Variable Features">freq;2900.0,tr;1</data><data column="Performance">2150.93</data></row><row><data column="Variable Features">freq;2900.0,tr;2</data><data column="Performance">1297.29</data></row><row><data column="Variable Features">freq;2900.0,tr;3</data><data column="Performance">784.14</data></row><row><data column="Variable Features">freq;2900.0,tr;4</data><data column="Performance">511.27</data></row><row><data column="Variable Features">freq;2900.0,tr;5</data><data column="Performance">389.54</data></row><row><data column="Variable Features">freq;2900.0,tr;6</data><data column="Performance">313.62</data></row><row><data column="Variable Features">freq;2000.0,tr;1</data><data column="Performance">2813.12</data></row><row><data column="Variable Features">freq;2000.0,tr;2</data><data column="Performance">1572.68</data></row><row><data column="Variable Features">freq;2000.0,tr;3</data><data column="Performance">890.93</data></row><row><data column="Variable Features">freq;2000.0,tr;4</data><data column="Performance">539.84</data></row><row><data column="Variable Features">freq;2000.0,tr;5</data><data column="Performance">374.61</data></row><row><data column="Variable Features">freq;2000.0,tr;6</data><data column="Performance">303.41</data></row></results>