<results><row><data column="Variable Features">freq;1200.0,tr;1</data><data column="Performance">28490.65</data></row><row><data column="Variable Features">freq;1200.0,tr;2</data><data column="Performance">16841.38</data></row><row><data column="Variable Features">freq;1200.0,tr;3</data><data column="Performance">9069.31</data></row><row><data column="Variable Features">freq;1200.0,tr;4</data><data column="Performance">5292.68</data></row><row><data column="Variable Features">freq;1200.0,tr;5</data><data column="Performance">11757.33</data></row><row><data column="Variable Features">freq;1200.0,tr;6</data><data column="Performance">10112.75</data></row><row><data column="Variable Features">freq;1600.0,tr;1</data><data column="Performance">22309.85</data></row><row><data column="Variable Features">freq;1600.0,tr;2</data><data column="Performance">13445.62</data></row><row><data column="Variable Features">freq;1600.0,tr;3</data><data column="Performance">7348.74</data></row><row><data column="Variable Features">freq;1600.0,tr;4</data><data column="Performance">4433.27</data></row><row><data column="Variable Features">freq;1600.0,tr;5</data><data column="Performance">7749.76</data></row><row><data column="Variable Features">freq;1600.0,tr;6</data><data column="Performance">9494.15</data></row><row><data column="Variable Features">freq;1800.0,tr;1</data><data column="Performance">20485.49</data></row><row><data column="Variable Features">freq;1800.0,tr;2</data><data column="Performance">13131.98</data></row><row><data column="Variable Features">freq;1800.0,tr;3</data><data column="Performance">7366.19</data></row><row><data column="Variable Features">freq;1800.0,tr;4</data><data column="Performance">4455.82</data></row><row><data column="Variable Features">freq;1800.0,tr;5</data><data column="Performance">8041.92</data></row><row><data column="Variable Features">freq;1800.0,tr;6</data><data column="Performance">7094.45</data></row><row><data column="Variable Features">freq;2200.0,tr;1</data><data column="Performance">17186.41</data></row><row><data column="Variable Features">freq;2200.0,tr;2</data><data column="Performance">11432.23</data></row><row><data column="Variable Features">freq;2200.0,tr;3</data><data column="Performance">6555.19</data></row><row><data column="Variable Features">freq;2200.0,tr;4</data><data column="Performance">4893.13</data></row><row><data column="Variable Features">freq;2200.0,tr;5</data><data column="Performance">6998.73</data></row><row><data column="Variable Features">freq;2200.0,tr;6</data><data column="Performance">8065.67</data></row><row><data column="Variable Features">freq;2400.0,tr;1</data><data column="Performance">17350.18</data></row><row><data column="Variable Features">freq;2400.0,tr;2</data><data column="Performance">11410.74</data></row><row><data column="Variable Features">freq;2400.0,tr;3</data><data column="Performance">6596.71</data></row><row><data column="Variable Features">freq;2400.0,tr;4</data><data column="Performance">5400.95</data></row><row><data column="Variable Features">freq;2400.0,tr;5</data><data column="Performance">5084.44</data></row><row><data column="Variable Features">freq;2400.0,tr;6</data><data column="Performance">7207.29</data></row><row><data column="Variable Features">freq;2700.0,tr;1</data><data column="Performance">15497.92</data></row><row><data column="Variable Features">freq;2700.0,tr;2</data><data column="Performance">11106.68</data></row><row><data column="Variable Features">freq;2700.0,tr;3</data><data column="Performance">6601.24</data></row><row><data column="Variable Features">freq;2700.0,tr;4</data><data column="Performance">5559.09</data></row><row><data column="Variable Features">freq;2700.0,tr;5</data><data column="Performance">8971.1</data></row><row><data column="Variable Features">freq;2700.0,tr;6</data><data column="Performance">6689.18</data></row><row><data column="Variable Features">freq;3000.0,tr;1</data><data column="Performance">15172.43</data></row><row><data column="Variable Features">freq;3000.0,tr;2</data><data column="Performance">11361.94</data></row><row><data column="Variable Features">freq;3000.0,tr;3</data><data column="Performance">7069.37</data></row><row><data column="Variable Features">freq;3000.0,tr;4</data><data column="Performance">8020.34</data></row><row><data column="Variable Features">freq;3000.0,tr;5</data><data column="Performance">9590.65</data></row><row><data column="Variable Features">freq;3000.0,tr;6</data><data column="Performance">9131.21</data></row><row><data column="Variable Features">freq;1300.0,tr;1</data><data column="Performance">28295.18</data></row><row><data column="Variable Features">freq;1300.0,tr;2</data><data column="Performance">18262.46</data></row><row><data column="Variable Features">freq;1300.0,tr;3</data><data column="Performance">10096.46</data></row><row><data column="Variable Features">freq;1300.0,tr;4</data><data column="Performance">6825.29</data></row><row><data column="Variable Features">freq;1300.0,tr;5</data><data column="Performance">10062.13</data></row><row><data column="Variable Features">freq;1300.0,tr;6</data><data column="Performance">9223.09</data></row><row><data column="Variable Features">freq;1700.0,tr;1</data><data column="Performance">23751.97</data></row><row><data column="Variable Features">freq;1700.0,tr;2</data><data column="Performance">14801.56</data></row><row><data column="Variable Features">freq;1700.0,tr;3</data><data column="Performance">8306.12</data></row><row><data column="Variable Features">freq;1700.0,tr;4</data><data column="Performance">5449.0</data></row><row><data column="Variable Features">freq;1700.0,tr;5</data><data column="Performance">6045.39</data></row><row><data column="Variable Features">freq;1700.0,tr;6</data><data column="Performance">6461.36</data></row><row><data column="Variable Features">freq;1900.0,tr;1</data><data column="Performance">19945.26</data></row><row><data column="Variable Features">freq;1900.0,tr;2</data><data column="Performance">14075.06</data></row><row><data column="Variable Features">freq;1900.0,tr;3</data><data column="Performance">8030.59</data></row><row><data column="Variable Features">freq;1900.0,tr;4</data><data column="Performance">4870.34</data></row><row><data column="Variable Features">freq;1900.0,tr;5</data><data column="Performance">8220.18</data></row><row><data column="Variable Features">freq;1900.0,tr;6</data><data column="Performance">7190.87</data></row><row><data column="Variable Features">freq;2300.0,tr;1</data><data column="Performance">17814.23</data></row><row><data column="Variable Features">freq;2300.0,tr;2</data><data column="Performance">12538.29</data></row><row><data column="Variable Features">freq;2300.0,tr;3</data><data column="Performance">7298.47</data></row><row><data column="Variable Features">freq;2300.0,tr;4</data><data column="Performance">5151.38</data></row><row><data column="Variable Features">freq;2300.0,tr;5</data><data column="Performance">8148.27</data></row><row><data column="Variable Features">freq;2300.0,tr;6</data><data column="Performance">7329.07</data></row><row><data column="Variable Features">freq;2500.0,tr;1</data><data column="Performance">19061.05</data></row><row><data column="Variable Features">freq;2500.0,tr;2</data><data column="Performance">12074.73</data></row><row><data column="Variable Features">freq;2500.0,tr;3</data><data column="Performance">7129.89</data></row><row><data column="Variable Features">freq;2500.0,tr;4</data><data column="Performance">4572.72</data></row><row><data column="Variable Features">freq;2500.0,tr;5</data><data column="Performance">8103.31</data></row><row><data column="Variable Features">freq;2500.0,tr;6</data><data column="Performance">10374.63</data></row><row><data column="Variable Features">freq;2800.0,tr;1</data><data column="Performance">16942.0</data></row><row><data column="Variable Features">freq;2800.0,tr;2</data><data column="Performance">11491.7</data></row><row><data column="Variable Features">freq;2800.0,tr;3</data><data column="Performance">6917.95</data></row><row><data column="Variable Features">freq;2800.0,tr;4</data><data column="Performance">5292.49</data></row><row><data column="Variable Features">freq;2800.0,tr;5</data><data column="Performance">6726.78</data></row><row><data column="Variable Features">freq;2800.0,tr;6</data><data column="Performance">4527.34</data></row><row><data column="Variable Features">freq;1400.0,tr;1</data><data column="Performance">26038.68</data></row><row><data column="Variable Features">freq;1400.0,tr;2</data><data column="Performance">17283.9</data></row><row><data column="Variable Features">freq;1400.0,tr;3</data><data column="Performance">9609.84</data></row><row><data column="Variable Features">freq;1400.0,tr;4</data><data column="Performance">5592.38</data></row><row><data column="Variable Features">freq;1400.0,tr;5</data><data column="Performance">9327.05</data></row><row><data column="Variable Features">freq;1400.0,tr;6</data><data column="Performance">11943.62</data></row><row><data column="Variable Features">freq;2900.0,tr;1</data><data column="Performance">16229.08</data></row><row><data column="Variable Features">freq;2900.0,tr;2</data><data column="Performance">11324.17</data></row><row><data column="Variable Features">freq;2900.0,tr;3</data><data column="Performance">6845.49</data></row><row><data column="Variable Features">freq;2900.0,tr;4</data><data column="Performance">5245.7</data></row><row><data column="Variable Features">freq;2900.0,tr;5</data><data column="Performance">6643.26</data></row><row><data column="Variable Features">freq;2900.0,tr;6</data><data column="Performance">7615.25</data></row><row><data column="Variable Features">freq;2000.0,tr;1</data><data column="Performance">19586.25</data></row><row><data column="Variable Features">freq;2000.0,tr;2</data><data column="Performance">12180.74</data></row><row><data column="Variable Features">freq;2000.0,tr;3</data><data column="Performance">6915.45</data></row><row><data column="Variable Features">freq;2000.0,tr;4</data><data column="Performance">4518.65</data></row><row><data column="Variable Features">freq;2000.0,tr;5</data><data column="Performance">7304.27</data></row><row><data column="Variable Features">freq;2000.0,tr;6</data><data column="Performance">8244.04</data></row></results>