<results><row><data column="Variable Features">freq;1200.0,tr;1</data><data column="Performance">9734.07</data></row><row><data column="Variable Features">freq;1200.0,tr;2</data><data column="Performance">5078.31</data></row><row><data column="Variable Features">freq;1200.0,tr;3</data><data column="Performance">2744.15</data></row><row><data column="Variable Features">freq;1200.0,tr;4</data><data column="Performance">1571.36</data></row><row><data column="Variable Features">freq;1200.0,tr;5</data><data column="Performance">1046.64</data></row><row><data column="Variable Features">freq;1200.0,tr;6</data><data column="Performance">907.93</data></row><row><data column="Variable Features">freq;1300.0,tr;1</data><data column="Performance">9141.62</data></row><row><data column="Variable Features">freq;1300.0,tr;2</data><data column="Performance">4757.12</data></row><row><data column="Variable Features">freq;1300.0,tr;3</data><data column="Performance">2738.43</data></row><row><data column="Variable Features">freq;1300.0,tr;4</data><data column="Performance">1498.66</data></row><row><data column="Variable Features">freq;1300.0,tr;5</data><data column="Performance">1009.04</data></row><row><data column="Variable Features">freq;1300.0,tr;6</data><data column="Performance">876.75</data></row><row><data column="Variable Features">freq;1400.0,tr;1</data><data column="Performance">8537.1</data></row><row><data column="Variable Features">freq;1400.0,tr;2</data><data column="Performance">4478.33</data></row><row><data column="Variable Features">freq;1400.0,tr;3</data><data column="Performance">2553.0</data></row><row><data column="Variable Features">freq;1400.0,tr;4</data><data column="Performance">1445.48</data></row><row><data column="Variable Features">freq;1400.0,tr;5</data><data column="Performance">973.72</data></row><row><data column="Variable Features">freq;1400.0,tr;6</data><data column="Performance">851.25</data></row><row><data column="Variable Features">freq;1600.0,tr;1</data><data column="Performance">7536.4</data></row><row><data column="Variable Features">freq;1600.0,tr;2</data><data column="Performance">4026.72</data></row><row><data column="Variable Features">freq;1600.0,tr;3</data><data column="Performance">2246.41</data></row><row><data column="Variable Features">freq;1600.0,tr;4</data><data column="Performance">1308.76</data></row><row><data column="Variable Features">freq;1600.0,tr;5</data><data column="Performance">919.2</data></row><row><data column="Variable Features">freq;1600.0,tr;6</data><data column="Performance">807.7</data></row><row><data column="Variable Features">freq;1800.0,tr;1</data><data column="Performance">6793.22</data></row><row><data column="Variable Features">freq;1800.0,tr;2</data><data column="Performance">3695.78</data></row><row><data column="Variable Features">freq;1800.0,tr;3</data><data column="Performance">2112.26</data></row><row><data column="Variable Features">freq;1800.0,tr;4</data><data column="Performance">1260.28</data></row><row><data column="Variable Features">freq;1800.0,tr;5</data><data column="Performance">885.99</data></row><row><data column="Variable Features">freq;1800.0,tr;6</data><data column="Performance">784.9</data></row><row><data column="Variable Features">freq;2200.0,tr;1</data><data column="Performance">5842.07</data></row><row><data column="Variable Features">freq;2200.0,tr;2</data><data column="Performance">3273.74</data></row><row><data column="Variable Features">freq;2200.0,tr;3</data><data column="Performance">1861.46</data></row><row><data column="Variable Features">freq;2200.0,tr;4</data><data column="Performance">1155.69</data></row><row><data column="Variable Features">freq;2200.0,tr;5</data><data column="Performance">865.11</data></row><row><data column="Variable Features">freq;2200.0,tr;6</data><data column="Performance">768.44</data></row><row><data column="Variable Features">freq;2400.0,tr;1</data><data column="Performance">5466.16</data></row><row><data column="Variable Features">freq;2400.0,tr;2</data><data column="Performance">3124.22</data></row><row><data column="Variable Features">freq;2400.0,tr;3</data><data column="Performance">1792.63</data></row><row><data column="Variable Features">freq;2400.0,tr;4</data><data column="Performance">1122.87</data></row><row><data column="Variable Features">freq;2400.0,tr;5</data><data column="Performance">856.35</data></row><row><data column="Variable Features">freq;2400.0,tr;6</data><data column="Performance">781.29</data></row><row><data column="Variable Features">freq;2700.0,tr;1</data><data column="Performance">5035.67</data></row><row><data column="Variable Features">freq;2700.0,tr;2</data><data column="Performance">2929.1</data></row><row><data column="Variable Features">freq;2700.0,tr;3</data><data column="Performance">1713.16</data></row><row><data column="Variable Features">freq;2700.0,tr;4</data><data column="Performance">1104.83</data></row><row><data column="Variable Features">freq;2700.0,tr;5</data><data column="Performance">878.28</data></row><row><data column="Variable Features">freq;2700.0,tr;6</data><data column="Performance">794.8</data></row><row><data column="Variable Features">freq;3000.0,tr;1</data><data column="Performance">4376.94</data></row><row><data column="Variable Features">freq;3000.0,tr;2</data><data column="Performance">2812.76</data></row><row><data column="Variable Features">freq;3000.0,tr;3</data><data column="Performance">1824.89</data></row><row><data column="Variable Features">freq;3000.0,tr;4</data><data column="Performance">1235.66</data></row><row><data column="Variable Features">freq;3000.0,tr;5</data><data column="Performance">1007.46</data></row><row><data column="Variable Features">freq;3000.0,tr;6</data><data column="Performance">926.67</data></row><row><data column="Variable Features">freq;1700.0,tr;1</data><data column="Performance">7211.7</data></row><row><data column="Variable Features">freq;1700.0,tr;2</data><data column="Performance">3839.64</data></row><row><data column="Variable Features">freq;1700.0,tr;3</data><data column="Performance">2258.61</data></row><row><data column="Variable Features">freq;1700.0,tr;4</data><data column="Performance">1289.38</data></row><row><data column="Variable Features">freq;1700.0,tr;5</data><data column="Performance">905.23</data></row><row><data column="Variable Features">freq;1700.0,tr;6</data><data column="Performance">791.73</data></row><row><data column="Variable Features">freq;1900.0,tr;1</data><data column="Performance">6531.54</data></row><row><data column="Variable Features">freq;1900.0,tr;2</data><data column="Performance">3558.23</data></row><row><data column="Variable Features">freq;1900.0,tr;3</data><data column="Performance">2012.38</data></row><row><data column="Variable Features">freq;1900.0,tr;4</data><data column="Performance">1227.22</data></row><row><data column="Variable Features">freq;1900.0,tr;5</data><data column="Performance">884.99</data></row><row><data column="Variable Features">freq;1900.0,tr;6</data><data column="Performance">799.05</data></row><row><data column="Variable Features">freq;2300.0,tr;1</data><data column="Performance">5659.89</data></row><row><data column="Variable Features">freq;2300.0,tr;2</data><data column="Performance">3290.28</data></row><row><data column="Variable Features">freq;2300.0,tr;3</data><data column="Performance">1833.21</data></row><row><data column="Variable Features">freq;2300.0,tr;4</data><data column="Performance">1153.9</data></row><row><data column="Variable Features">freq;2300.0,tr;5</data><data column="Performance">873.89</data></row><row><data column="Variable Features">freq;2300.0,tr;6</data><data column="Performance">800.6</data></row><row><data column="Variable Features">freq;2500.0,tr;1</data><data column="Performance">5332.74</data></row><row><data column="Variable Features">freq;2500.0,tr;2</data><data column="Performance">3050.86</data></row><row><data column="Variable Features">freq;2500.0,tr;3</data><data column="Performance">1774.48</data></row><row><data column="Variable Features">freq;2500.0,tr;4</data><data column="Performance">1131.56</data></row><row><data column="Variable Features">freq;2500.0,tr;5</data><data column="Performance">877.11</data></row><row><data column="Variable Features">freq;2500.0,tr;6</data><data column="Performance">814.7</data></row><row><data column="Variable Features">freq;2800.0,tr;1</data><data column="Performance">4910.05</data></row><row><data column="Variable Features">freq;2800.0,tr;2</data><data column="Performance">2863.09</data></row><row><data column="Variable Features">freq;2800.0,tr;3</data><data column="Performance">1724.58</data></row><row><data column="Variable Features">freq;2800.0,tr;4</data><data column="Performance">1102.88</data></row><row><data column="Variable Features">freq;2800.0,tr;5</data><data column="Performance">897.17</data></row><row><data column="Variable Features">freq;2800.0,tr;6</data><data column="Performance">842.53</data></row><row><data column="Variable Features">freq;2900.0,tr;1</data><data column="Performance">4790.29</data></row><row><data column="Variable Features">freq;2900.0,tr;2</data><data column="Performance">2800.98</data></row><row><data column="Variable Features">freq;2900.0,tr;3</data><data column="Performance">1707.26</data></row><row><data column="Variable Features">freq;2900.0,tr;4</data><data column="Performance">1113.62</data></row><row><data column="Variable Features">freq;2900.0,tr;5</data><data column="Performance">901.94</data></row><row><data column="Variable Features">freq;2900.0,tr;6</data><data column="Performance">831.92</data></row><row><data column="Variable Features">freq;2000.0,tr;1</data><data column="Performance">6314.12</data></row><row><data column="Variable Features">freq;2000.0,tr;2</data><data column="Performance">3446.64</data></row><row><data column="Variable Features">freq;2000.0,tr;3</data><data column="Performance">1961.44</data></row><row><data column="Variable Features">freq;2000.0,tr;4</data><data column="Performance">1209.88</data></row><row><data column="Variable Features">freq;2000.0,tr;5</data><data column="Performance">869.76</data></row><row><data column="Variable Features">freq;2000.0,tr;6</data><data column="Performance">772.59</data></row></results>