<results><row><data column="Variable Features">freq;1200.0,tr;1</data><data column="Performance">4887.81</data></row><row><data column="Variable Features">freq;1200.0,tr;2</data><data column="Performance">4821.47</data></row><row><data column="Variable Features">freq;1200.0,tr;3</data><data column="Performance">4801.69</data></row><row><data column="Variable Features">freq;1200.0,tr;4</data><data column="Performance">4773.51</data></row><row><data column="Variable Features">freq;1200.0,tr;5</data><data column="Performance">4784.26</data></row><row><data column="Variable Features">freq;1200.0,tr;6</data><data column="Performance">4792.48</data></row><row><data column="Variable Features">freq;1300.0,tr;1</data><data column="Performance">4538.56</data></row><row><data column="Variable Features">freq;1300.0,tr;2</data><data column="Performance">4483.21</data></row><row><data column="Variable Features">freq;1300.0,tr;3</data><data column="Performance">4455.93</data></row><row><data column="Variable Features">freq;1300.0,tr;4</data><data column="Performance">4440.0</data></row><row><data column="Variable Features">freq;1300.0,tr;5</data><data column="Performance">4451.98</data></row><row><data column="Variable Features">freq;1300.0,tr;6</data><data column="Performance">4456.55</data></row><row><data column="Variable Features">freq;1400.0,tr;1</data><data column="Performance">4244.65</data></row><row><data column="Variable Features">freq;1400.0,tr;2</data><data column="Performance">4200.3</data></row><row><data column="Variable Features">freq;1400.0,tr;3</data><data column="Performance">4169.85</data></row><row><data column="Variable Features">freq;1400.0,tr;4</data><data column="Performance">4154.91</data></row><row><data column="Variable Features">freq;1400.0,tr;5</data><data column="Performance">4172.59</data></row><row><data column="Variable Features">freq;1400.0,tr;6</data><data column="Performance">4170.14</data></row><row><data column="Variable Features">freq;1600.0,tr;1</data><data column="Performance">3772.81</data></row><row><data column="Variable Features">freq;1600.0,tr;2</data><data column="Performance">3735.31</data></row><row><data column="Variable Features">freq;1600.0,tr;3</data><data column="Performance">3712.69</data></row><row><data column="Variable Features">freq;1600.0,tr;4</data><data column="Performance">3701.0</data></row><row><data column="Variable Features">freq;1600.0,tr;5</data><data column="Performance">3711.49</data></row><row><data column="Variable Features">freq;1600.0,tr;6</data><data column="Performance">3713.09</data></row><row><data column="Variable Features">freq;1700.0,tr;1</data><data column="Performance">3587.2</data></row><row><data column="Variable Features">freq;1700.0,tr;2</data><data column="Performance">3547.64</data></row><row><data column="Variable Features">freq;1700.0,tr;3</data><data column="Performance">3523.63</data></row><row><data column="Variable Features">freq;1700.0,tr;4</data><data column="Performance">3505.78</data></row><row><data column="Variable Features">freq;1700.0,tr;5</data><data column="Performance">3526.35</data></row><row><data column="Variable Features">freq;1700.0,tr;6</data><data column="Performance">3515.28</data></row><row><data column="Variable Features">freq;1800.0,tr;1</data><data column="Performance">3411.17</data></row><row><data column="Variable Features">freq;1800.0,tr;2</data><data column="Performance">3380.67</data></row><row><data column="Variable Features">freq;1800.0,tr;3</data><data column="Performance">3356.77</data></row><row><data column="Variable Features">freq;1800.0,tr;4</data><data column="Performance">3340.56</data></row><row><data column="Variable Features">freq;1800.0,tr;5</data><data column="Performance">3356.1</data></row><row><data column="Variable Features">freq;1800.0,tr;6</data><data column="Performance">3364.38</data></row><row><data column="Variable Features">freq;1900.0,tr;1</data><data column="Performance">3273.31</data></row><row><data column="Variable Features">freq;1900.0,tr;2</data><data column="Performance">3236.97</data></row><row><data column="Variable Features">freq;1900.0,tr;3</data><data column="Performance">3216.98</data></row><row><data column="Variable Features">freq;1900.0,tr;4</data><data column="Performance">3201.24</data></row><row><data column="Variable Features">freq;1900.0,tr;5</data><data column="Performance">3219.61</data></row><row><data column="Variable Features">freq;1900.0,tr;6</data><data column="Performance">3216.85</data></row><row><data column="Variable Features">freq;2000.0,tr;1</data><data column="Performance">3165.04</data></row><row><data column="Variable Features">freq;2000.0,tr;2</data><data column="Performance">3126.07</data></row><row><data column="Variable Features">freq;2000.0,tr;3</data><data column="Performance">3102.47</data></row><row><data column="Variable Features">freq;2000.0,tr;4</data><data column="Performance">3094.19</data></row><row><data column="Variable Features">freq;2000.0,tr;5</data><data column="Performance">3103.47</data></row><row><data column="Variable Features">freq;2000.0,tr;6</data><data column="Performance">3106.65</data></row><row><data column="Variable Features">freq;2200.0,tr;1</data><data column="Performance">2933.23</data></row><row><data column="Variable Features">freq;2200.0,tr;2</data><data column="Performance">2899.19</data></row><row><data column="Variable Features">freq;2200.0,tr;3</data><data column="Performance">2878.61</data></row><row><data column="Variable Features">freq;2200.0,tr;4</data><data column="Performance">2868.58</data></row><row><data column="Variable Features">freq;2200.0,tr;5</data><data column="Performance">2881.81</data></row><row><data column="Variable Features">freq;2200.0,tr;6</data><data column="Performance">2887.52</data></row><row><data column="Variable Features">freq;2300.0,tr;1</data><data column="Performance">2830.9</data></row><row><data column="Variable Features">freq;2300.0,tr;2</data><data column="Performance">2795.35</data></row><row><data column="Variable Features">freq;2300.0,tr;3</data><data column="Performance">2781.46</data></row><row><data column="Variable Features">freq;2300.0,tr;4</data><data column="Performance">2769.2</data></row><row><data column="Variable Features">freq;2300.0,tr;5</data><data column="Performance">2787.94</data></row><row><data column="Variable Features">freq;2300.0,tr;6</data><data column="Performance">2790.49</data></row><row><data column="Variable Features">freq;2400.0,tr;1</data><data column="Performance">2743.69</data></row><row><data column="Variable Features">freq;2400.0,tr;2</data><data column="Performance">2710.81</data></row><row><data column="Variable Features">freq;2400.0,tr;3</data><data column="Performance">2698.31</data></row><row><data column="Variable Features">freq;2400.0,tr;4</data><data column="Performance">2686.69</data></row><row><data column="Variable Features">freq;2400.0,tr;5</data><data column="Performance">2703.18</data></row><row><data column="Variable Features">freq;2400.0,tr;6</data><data column="Performance">2701.27</data></row><row><data column="Variable Features">freq;2500.0,tr;1</data><data column="Performance">2666.59</data></row><row><data column="Variable Features">freq;2500.0,tr;2</data><data column="Performance">2634.12</data></row><row><data column="Variable Features">freq;2500.0,tr;3</data><data column="Performance">2623.57</data></row><row><data column="Variable Features">freq;2500.0,tr;4</data><data column="Performance">2609.25</data></row><row><data column="Variable Features">freq;2500.0,tr;5</data><data column="Performance">2627.48</data></row><row><data column="Variable Features">freq;2500.0,tr;6</data><data column="Performance">2624.5</data></row><row><data column="Variable Features">freq;2700.0,tr;1</data><data column="Performance">2524.44</data></row><row><data column="Variable Features">freq;2700.0,tr;2</data><data column="Performance">2495.15</data></row><row><data column="Variable Features">freq;2700.0,tr;3</data><data column="Performance">2477.59</data></row><row><data column="Variable Features">freq;2700.0,tr;4</data><data column="Performance">2473.13</data></row><row><data column="Variable Features">freq;2700.0,tr;5</data><data column="Performance">2492.77</data></row><row><data column="Variable Features">freq;2700.0,tr;6</data><data column="Performance">2484.94</data></row><row><data column="Variable Features">freq;2800.0,tr;1</data><data column="Performance">2459.05</data></row><row><data column="Variable Features">freq;2800.0,tr;2</data><data column="Performance">2427.24</data></row><row><data column="Variable Features">freq;2800.0,tr;3</data><data column="Performance">2418.62</data></row><row><data column="Variable Features">freq;2800.0,tr;4</data><data column="Performance">2406.74</data></row><row><data column="Variable Features">freq;2800.0,tr;5</data><data column="Performance">2426.53</data></row><row><data column="Variable Features">freq;2800.0,tr;6</data><data column="Performance">2427.98</data></row><row><data column="Variable Features">freq;2900.0,tr;1</data><data column="Performance">2402.61</data></row><row><data column="Variable Features">freq;2900.0,tr;2</data><data column="Performance">2382.94</data></row><row><data column="Variable Features">freq;2900.0,tr;3</data><data column="Performance">2364.08</data></row><row><data column="Variable Features">freq;2900.0,tr;4</data><data column="Performance">2359.99</data></row><row><data column="Variable Features">freq;2900.0,tr;5</data><data column="Performance">2374.55</data></row><row><data column="Variable Features">freq;2900.0,tr;6</data><data column="Performance">2375.2</data></row><row><data column="Variable Features">freq;3000.0,tr;1</data><data column="Performance">2235.64</data></row><row><data column="Variable Features">freq;3000.0,tr;2</data><data column="Performance">2216.78</data></row><row><data column="Variable Features">freq;3000.0,tr;3</data><data column="Performance">2209.37</data></row><row><data column="Variable Features">freq;3000.0,tr;4</data><data column="Performance">2215.66</data></row><row><data column="Variable Features">freq;3000.0,tr;5</data><data column="Performance">2258.93</data></row><row><data column="Variable Features">freq;3000.0,tr;6</data><data column="Performance">2251.33</data></row></results>