<results><row><data column="Variable Features">freq;1200.0,tr;1</data><data column="Performance">2007.38</data></row><row><data column="Variable Features">freq;1200.0,tr;2</data><data column="Performance">1113.55</data></row><row><data column="Variable Features">freq;1200.0,tr;3</data><data column="Performance">716.08</data></row><row><data column="Variable Features">freq;1200.0,tr;4</data><data column="Performance">483.38</data></row><row><data column="Variable Features">freq;1200.0,tr;5</data><data column="Performance">430.14</data></row><row><data column="Variable Features">freq;1200.0,tr;6</data><data column="Performance">401.55</data></row><row><data column="Variable Features">freq;1600.0,tr;1</data><data column="Performance">1476.24</data></row><row><data column="Variable Features">freq;1600.0,tr;2</data><data column="Performance">945.83</data></row><row><data column="Variable Features">freq;1600.0,tr;3</data><data column="Performance">620.31</data></row><row><data column="Variable Features">freq;1600.0,tr;4</data><data column="Performance">439.49</data></row><row><data column="Variable Features">freq;1600.0,tr;5</data><data column="Performance">377.45</data></row><row><data column="Variable Features">freq;1600.0,tr;6</data><data column="Performance">340.61</data></row><row><data column="Variable Features">freq;1800.0,tr;1</data><data column="Performance">1341.9</data></row><row><data column="Variable Features">freq;1800.0,tr;2</data><data column="Performance">885.53</data></row><row><data column="Variable Features">freq;1800.0,tr;3</data><data column="Performance">576.26</data></row><row><data column="Variable Features">freq;1800.0,tr;4</data><data column="Performance">415.53</data></row><row><data column="Variable Features">freq;1800.0,tr;5</data><data column="Performance">365.7</data></row><row><data column="Variable Features">freq;1800.0,tr;6</data><data column="Performance">330.73</data></row><row><data column="Variable Features">freq;2200.0,tr;1</data><data column="Performance">1181.38</data></row><row><data column="Variable Features">freq;2200.0,tr;2</data><data column="Performance">787.61</data></row><row><data column="Variable Features">freq;2200.0,tr;3</data><data column="Performance">522.98</data></row><row><data column="Variable Features">freq;2200.0,tr;4</data><data column="Performance">372.93</data></row><row><data column="Variable Features">freq;2200.0,tr;5</data><data column="Performance">332.37</data></row><row><data column="Variable Features">freq;2200.0,tr;6</data><data column="Performance">305.05</data></row><row><data column="Variable Features">freq;2400.0,tr;1</data><data column="Performance">1107.79</data></row><row><data column="Variable Features">freq;2400.0,tr;2</data><data column="Performance">752.69</data></row><row><data column="Variable Features">freq;2400.0,tr;3</data><data column="Performance">502.82</data></row><row><data column="Variable Features">freq;2400.0,tr;4</data><data column="Performance">369.01</data></row><row><data column="Variable Features">freq;2400.0,tr;5</data><data column="Performance">330.06</data></row><row><data column="Variable Features">freq;2400.0,tr;6</data><data column="Performance">297.59</data></row><row><data column="Variable Features">freq;2700.0,tr;1</data><data column="Performance">1024.85</data></row><row><data column="Variable Features">freq;2700.0,tr;2</data><data column="Performance">707.31</data></row><row><data column="Variable Features">freq;2700.0,tr;3</data><data column="Performance">487.35</data></row><row><data column="Variable Features">freq;2700.0,tr;4</data><data column="Performance">365.65</data></row><row><data column="Variable Features">freq;2700.0,tr;5</data><data column="Performance">329.0</data></row><row><data column="Variable Features">freq;2700.0,tr;6</data><data column="Performance">300.15</data></row><row><data column="Variable Features">freq;3000.0,tr;1</data><data column="Performance">957.97</data></row><row><data column="Variable Features">freq;3000.0,tr;2</data><data column="Performance">711.97</data></row><row><data column="Variable Features">freq;3000.0,tr;3</data><data column="Performance">501.07</data></row><row><data column="Variable Features">freq;3000.0,tr;4</data><data column="Performance">398.43</data></row><row><data column="Variable Features">freq;3000.0,tr;5</data><data column="Performance">348.32</data></row><row><data column="Variable Features">freq;3000.0,tr;6</data><data column="Performance">351.79</data></row><row><data column="Variable Features">freq;1300.0,tr;1</data><data column="Performance">1739.25</data></row><row><data column="Variable Features">freq;1300.0,tr;2</data><data column="Performance">1119.92</data></row><row><data column="Variable Features">freq;1300.0,tr;3</data><data column="Performance">702.99</data></row><row><data column="Variable Features">freq;1300.0,tr;4</data><data column="Performance">476.64</data></row><row><data column="Variable Features">freq;1300.0,tr;5</data><data column="Performance">413.43</data></row><row><data column="Variable Features">freq;1300.0,tr;6</data><data column="Performance">387.52</data></row><row><data column="Variable Features">freq;1700.0,tr;1</data><data column="Performance">1402.09</data></row><row><data column="Variable Features">freq;1700.0,tr;2</data><data column="Performance">920.78</data></row><row><data column="Variable Features">freq;1700.0,tr;3</data><data column="Performance">597.67</data></row><row><data column="Variable Features">freq;1700.0,tr;4</data><data column="Performance">422.58</data></row><row><data column="Variable Features">freq;1700.0,tr;5</data><data column="Performance">372.81</data></row><row><data column="Variable Features">freq;1700.0,tr;6</data><data column="Performance">333.7</data></row><row><data column="Variable Features">freq;1900.0,tr;1</data><data column="Performance">1309.35</data></row><row><data column="Variable Features">freq;1900.0,tr;2</data><data column="Performance">859.57</data></row><row><data column="Variable Features">freq;1900.0,tr;3</data><data column="Performance">566.75</data></row><row><data column="Variable Features">freq;1900.0,tr;4</data><data column="Performance">406.96</data></row><row><data column="Variable Features">freq;1900.0,tr;5</data><data column="Performance">355.76</data></row><row><data column="Variable Features">freq;1900.0,tr;6</data><data column="Performance">328.52</data></row><row><data column="Variable Features">freq;2300.0,tr;1</data><data column="Performance">1149.18</data></row><row><data column="Variable Features">freq;2300.0,tr;2</data><data column="Performance">784.11</data></row><row><data column="Variable Features">freq;2300.0,tr;3</data><data column="Performance">530.18</data></row><row><data column="Variable Features">freq;2300.0,tr;4</data><data column="Performance">387.85</data></row><row><data column="Variable Features">freq;2300.0,tr;5</data><data column="Performance">339.91</data></row><row><data column="Variable Features">freq;2300.0,tr;6</data><data column="Performance">308.84</data></row><row><data column="Variable Features">freq;2500.0,tr;1</data><data column="Performance">1088.91</data></row><row><data column="Variable Features">freq;2500.0,tr;2</data><data column="Performance">735.84</data></row><row><data column="Variable Features">freq;2500.0,tr;3</data><data column="Performance">506.36</data></row><row><data column="Variable Features">freq;2500.0,tr;4</data><data column="Performance">377.57</data></row><row><data column="Variable Features">freq;2500.0,tr;5</data><data column="Performance">330.52</data></row><row><data column="Variable Features">freq;2500.0,tr;6</data><data column="Performance">309.05</data></row><row><data column="Variable Features">freq;2800.0,tr;1</data><data column="Performance">1020.83</data></row><row><data column="Variable Features">freq;2800.0,tr;2</data><data column="Performance">716.96</data></row><row><data column="Variable Features">freq;2800.0,tr;3</data><data column="Performance">484.86</data></row><row><data column="Variable Features">freq;2800.0,tr;4</data><data column="Performance">374.75</data></row><row><data column="Variable Features">freq;2800.0,tr;5</data><data column="Performance">331.04</data></row><row><data column="Variable Features">freq;2800.0,tr;6</data><data column="Performance">321.13</data></row><row><data column="Variable Features">freq;1400.0,tr;1</data><data column="Performance">1629.47</data></row><row><data column="Variable Features">freq;1400.0,tr;2</data><data column="Performance">1057.82</data></row><row><data column="Variable Features">freq;1400.0,tr;3</data><data column="Performance">677.72</data></row><row><data column="Variable Features">freq;1400.0,tr;4</data><data column="Performance">464.81</data></row><row><data column="Variable Features">freq;1400.0,tr;5</data><data column="Performance">401.7</data></row><row><data column="Variable Features">freq;1400.0,tr;6</data><data column="Performance">370.03</data></row><row><data column="Variable Features">freq;2900.0,tr;1</data><data column="Performance">1005.2</data></row><row><data column="Variable Features">freq;2900.0,tr;2</data><data column="Performance">707.17</data></row><row><data column="Variable Features">freq;2900.0,tr;3</data><data column="Performance">485.74</data></row><row><data column="Variable Features">freq;2900.0,tr;4</data><data column="Performance">372.7</data></row><row><data column="Variable Features">freq;2900.0,tr;5</data><data column="Performance">327.9</data></row><row><data column="Variable Features">freq;2900.0,tr;6</data><data column="Performance">311.76</data></row><row><data column="Variable Features">freq;2000.0,tr;1</data><data column="Performance">1269.79</data></row><row><data column="Variable Features">freq;2000.0,tr;2</data><data column="Performance">850.44</data></row><row><data column="Variable Features">freq;2000.0,tr;3</data><data column="Performance">554.27</data></row><row><data column="Variable Features">freq;2000.0,tr;4</data><data column="Performance">404.17</data></row><row><data column="Variable Features">freq;2000.0,tr;5</data><data column="Performance">357.42</data></row><row><data column="Variable Features">freq;2000.0,tr;6</data><data column="Performance">326.57</data></row></results>