<results><row><data column="Variable Features">freq;1200.0,tr;1</data><data column="Performance">6040.08</data></row><row><data column="Variable Features">freq;1200.0,tr;2</data><data column="Performance">3178.17</data></row><row><data column="Variable Features">freq;1200.0,tr;3</data><data column="Performance">2003.89</data></row><row><data column="Variable Features">freq;1200.0,tr;4</data><data column="Performance">1281.46</data></row><row><data column="Variable Features">freq;1200.0,tr;5</data><data column="Performance">1127.14</data></row><row><data column="Variable Features">freq;1200.0,tr;6</data><data column="Performance">1126.86</data></row><row><data column="Variable Features">freq;1600.0,tr;1</data><data column="Performance">4709.23</data></row><row><data column="Variable Features">freq;1600.0,tr;2</data><data column="Performance">2559.55</data></row><row><data column="Variable Features">freq;1600.0,tr;3</data><data column="Performance">1487.38</data></row><row><data column="Variable Features">freq;1600.0,tr;4</data><data column="Performance">974.94</data></row><row><data column="Variable Features">freq;1600.0,tr;5</data><data column="Performance">712.54</data></row><row><data column="Variable Features">freq;1600.0,tr;6</data><data column="Performance">711.0</data></row><row><data column="Variable Features">freq;1800.0,tr;1</data><data column="Performance">4241.71</data></row><row><data column="Variable Features">freq;1800.0,tr;2</data><data column="Performance">2325.57</data></row><row><data column="Variable Features">freq;1800.0,tr;3</data><data column="Performance">1293.97</data></row><row><data column="Variable Features">freq;1800.0,tr;4</data><data column="Performance">867.83</data></row><row><data column="Variable Features">freq;1800.0,tr;5</data><data column="Performance">869.56</data></row><row><data column="Variable Features">freq;1800.0,tr;6</data><data column="Performance">869.43</data></row><row><data column="Variable Features">freq;2200.0,tr;1</data><data column="Performance">3645.17</data></row><row><data column="Variable Features">freq;2200.0,tr;2</data><data column="Performance">1949.53</data></row><row><data column="Variable Features">freq;2200.0,tr;3</data><data column="Performance">1175.42</data></row><row><data column="Variable Features">freq;2200.0,tr;4</data><data column="Performance">822.0</data></row><row><data column="Variable Features">freq;2200.0,tr;5</data><data column="Performance">620.72</data></row><row><data column="Variable Features">freq;2200.0,tr;6</data><data column="Performance">619.59</data></row><row><data column="Variable Features">freq;2400.0,tr;1</data><data column="Performance">3390.91</data></row><row><data column="Variable Features">freq;2400.0,tr;2</data><data column="Performance">1853.69</data></row><row><data column="Variable Features">freq;2400.0,tr;3</data><data column="Performance">1094.59</data></row><row><data column="Variable Features">freq;2400.0,tr;4</data><data column="Performance">914.71</data></row><row><data column="Variable Features">freq;2400.0,tr;5</data><data column="Performance">764.45</data></row><row><data column="Variable Features">freq;2400.0,tr;6</data><data column="Performance">763.73</data></row><row><data column="Variable Features">freq;2700.0,tr;1</data><data column="Performance">3167.93</data></row><row><data column="Variable Features">freq;2700.0,tr;2</data><data column="Performance">1761.06</data></row><row><data column="Variable Features">freq;2700.0,tr;3</data><data column="Performance">1082.25</data></row><row><data column="Variable Features">freq;2700.0,tr;4</data><data column="Performance">738.12</data></row><row><data column="Variable Features">freq;2700.0,tr;5</data><data column="Performance">750.45</data></row><row><data column="Variable Features">freq;2700.0,tr;6</data><data column="Performance">752.14</data></row><row><data column="Variable Features">freq;3000.0,tr;1</data><data column="Performance">2814.0</data></row><row><data column="Variable Features">freq;3000.0,tr;2</data><data column="Performance">1673.34</data></row><row><data column="Variable Features">freq;3000.0,tr;3</data><data column="Performance">1053.43</data></row><row><data column="Variable Features">freq;3000.0,tr;4</data><data column="Performance">837.58</data></row><row><data column="Variable Features">freq;3000.0,tr;5</data><data column="Performance">828.14</data></row><row><data column="Variable Features">freq;3000.0,tr;6</data><data column="Performance">825.2</data></row><row><data column="Variable Features">freq;1300.0,tr;1</data><data column="Performance">5639.53</data></row><row><data column="Variable Features">freq;1300.0,tr;2</data><data column="Performance">3021.86</data></row><row><data column="Variable Features">freq;1300.0,tr;3</data><data column="Performance">1750.23</data></row><row><data column="Variable Features">freq;1300.0,tr;4</data><data column="Performance">1102.9</data></row><row><data column="Variable Features">freq;1300.0,tr;5</data><data column="Performance">800.71</data></row><row><data column="Variable Features">freq;1300.0,tr;6</data><data column="Performance">799.46</data></row><row><data column="Variable Features">freq;1700.0,tr;1</data><data column="Performance">4547.32</data></row><row><data column="Variable Features">freq;1700.0,tr;2</data><data column="Performance">2443.71</data></row><row><data column="Variable Features">freq;1700.0,tr;3</data><data column="Performance">1392.89</data></row><row><data column="Variable Features">freq;1700.0,tr;4</data><data column="Performance">966.55</data></row><row><data column="Variable Features">freq;1700.0,tr;5</data><data column="Performance">645.48</data></row><row><data column="Variable Features">freq;1700.0,tr;6</data><data column="Performance">649.23</data></row><row><data column="Variable Features">freq;1900.0,tr;1</data><data column="Performance">4136.02</data></row><row><data column="Variable Features">freq;1900.0,tr;2</data><data column="Performance">2269.06</data></row><row><data column="Variable Features">freq;1900.0,tr;3</data><data column="Performance">1356.17</data></row><row><data column="Variable Features">freq;1900.0,tr;4</data><data column="Performance">879.58</data></row><row><data column="Variable Features">freq;1900.0,tr;5</data><data column="Performance">656.99</data></row><row><data column="Variable Features">freq;1900.0,tr;6</data><data column="Performance">656.88</data></row><row><data column="Variable Features">freq;2300.0,tr;1</data><data column="Performance">3604.11</data></row><row><data column="Variable Features">freq;2300.0,tr;2</data><data column="Performance">1951.52</data></row><row><data column="Variable Features">freq;2300.0,tr;3</data><data column="Performance">1145.95</data></row><row><data column="Variable Features">freq;2300.0,tr;4</data><data column="Performance">875.27</data></row><row><data column="Variable Features">freq;2300.0,tr;5</data><data column="Performance">585.01</data></row><row><data column="Variable Features">freq;2300.0,tr;6</data><data column="Performance">586.04</data></row><row><data column="Variable Features">freq;2500.0,tr;1</data><data column="Performance">3354.67</data></row><row><data column="Variable Features">freq;2500.0,tr;2</data><data column="Performance">1855.76</data></row><row><data column="Variable Features">freq;2500.0,tr;3</data><data column="Performance">1130.35</data></row><row><data column="Variable Features">freq;2500.0,tr;4</data><data column="Performance">834.07</data></row><row><data column="Variable Features">freq;2500.0,tr;5</data><data column="Performance">765.85</data></row><row><data column="Variable Features">freq;2500.0,tr;6</data><data column="Performance">771.12</data></row><row><data column="Variable Features">freq;2800.0,tr;1</data><data column="Performance">3112.02</data></row><row><data column="Variable Features">freq;2800.0,tr;2</data><data column="Performance">1725.13</data></row><row><data column="Variable Features">freq;2800.0,tr;3</data><data column="Performance">1007.99</data></row><row><data column="Variable Features">freq;2800.0,tr;4</data><data column="Performance">736.68</data></row><row><data column="Variable Features">freq;2800.0,tr;5</data><data column="Performance">754.01</data></row><row><data column="Variable Features">freq;2800.0,tr;6</data><data column="Performance">752.05</data></row><row><data column="Variable Features">freq;1400.0,tr;1</data><data column="Performance">5350.72</data></row><row><data column="Variable Features">freq;1400.0,tr;2</data><data column="Performance">2857.29</data></row><row><data column="Variable Features">freq;1400.0,tr;3</data><data column="Performance">1665.01</data></row><row><data column="Variable Features">freq;1400.0,tr;4</data><data column="Performance">1075.18</data></row><row><data column="Variable Features">freq;1400.0,tr;5</data><data column="Performance">1013.63</data></row><row><data column="Variable Features">freq;1400.0,tr;6</data><data column="Performance">1013.37</data></row><row><data column="Variable Features">freq;2900.0,tr;1</data><data column="Performance">2990.18</data></row><row><data column="Variable Features">freq;2900.0,tr;2</data><data column="Performance">1652.23</data></row><row><data column="Variable Features">freq;2900.0,tr;3</data><data column="Performance">1008.05</data></row><row><data column="Variable Features">freq;2900.0,tr;4</data><data column="Performance">810.08</data></row><row><data column="Variable Features">freq;2900.0,tr;5</data><data column="Performance">580.26</data></row><row><data column="Variable Features">freq;2900.0,tr;6</data><data column="Performance">581.79</data></row><row><data column="Variable Features">freq;2000.0,tr;1</data><data column="Performance">3937.22</data></row><row><data column="Variable Features">freq;2000.0,tr;2</data><data column="Performance">2170.22</data></row><row><data column="Variable Features">freq;2000.0,tr;3</data><data column="Performance">1253.18</data></row><row><data column="Variable Features">freq;2000.0,tr;4</data><data column="Performance">881.05</data></row><row><data column="Variable Features">freq;2000.0,tr;5</data><data column="Performance">760.95</data></row><row><data column="Variable Features">freq;2000.0,tr;6</data><data column="Performance">756.99</data></row></results>