<results><row><data column="Variable Features">freq;1200.0,tr;1</data><data column="Performance">3435.34</data></row><row><data column="Variable Features">freq;1200.0,tr;2</data><data column="Performance">1783.08</data></row><row><data column="Variable Features">freq;1200.0,tr;3</data><data column="Performance">951.26</data></row><row><data column="Variable Features">freq;1200.0,tr;4</data><data column="Performance">532.72</data></row><row><data column="Variable Features">freq;1200.0,tr;5</data><data column="Performance">344.0</data></row><row><data column="Variable Features">freq;1200.0,tr;6</data><data column="Performance">270.13</data></row><row><data column="Variable Features">freq;1300.0,tr;1</data><data column="Performance">3215.3</data></row><row><data column="Variable Features">freq;1300.0,tr;2</data><data column="Performance">1647.33</data></row><row><data column="Variable Features">freq;1300.0,tr;3</data><data column="Performance">914.12</data></row><row><data column="Variable Features">freq;1300.0,tr;4</data><data column="Performance">504.81</data></row><row><data column="Variable Features">freq;1300.0,tr;5</data><data column="Performance">328.45</data></row><row><data column="Variable Features">freq;1300.0,tr;6</data><data column="Performance">259.34</data></row><row><data column="Variable Features">freq;1400.0,tr;1</data><data column="Performance">3029.44</data></row><row><data column="Variable Features">freq;1400.0,tr;2</data><data column="Performance">1552.36</data></row><row><data column="Variable Features">freq;1400.0,tr;3</data><data column="Performance">845.07</data></row><row><data column="Variable Features">freq;1400.0,tr;4</data><data column="Performance">484.73</data></row><row><data column="Variable Features">freq;1400.0,tr;5</data><data column="Performance">325.71</data></row><row><data column="Variable Features">freq;1400.0,tr;6</data><data column="Performance">251.98</data></row><row><data column="Variable Features">freq;1600.0,tr;1</data><data column="Performance">2691.72</data></row><row><data column="Variable Features">freq;1600.0,tr;2</data><data column="Performance">1393.45</data></row><row><data column="Variable Features">freq;1600.0,tr;3</data><data column="Performance">770.26</data></row><row><data column="Variable Features">freq;1600.0,tr;4</data><data column="Performance">440.86</data></row><row><data column="Variable Features">freq;1600.0,tr;5</data><data column="Performance">296.16</data></row><row><data column="Variable Features">freq;1600.0,tr;6</data><data column="Performance">239.53</data></row><row><data column="Variable Features">freq;1800.0,tr;1</data><data column="Performance">2436.4</data></row><row><data column="Variable Features">freq;1800.0,tr;2</data><data column="Performance">1265.21</data></row><row><data column="Variable Features">freq;1800.0,tr;3</data><data column="Performance">704.89</data></row><row><data column="Variable Features">freq;1800.0,tr;4</data><data column="Performance">420.8</data></row><row><data column="Variable Features">freq;1800.0,tr;5</data><data column="Performance">281.83</data></row><row><data column="Variable Features">freq;1800.0,tr;6</data><data column="Performance">228.63</data></row><row><data column="Variable Features">freq;2200.0,tr;1</data><data column="Performance">2081.5</data></row><row><data column="Variable Features">freq;2200.0,tr;2</data><data column="Performance">1109.45</data></row><row><data column="Variable Features">freq;2200.0,tr;3</data><data column="Performance">626.76</data></row><row><data column="Variable Features">freq;2200.0,tr;4</data><data column="Performance">380.27</data></row><row><data column="Variable Features">freq;2200.0,tr;5</data><data column="Performance">267.37</data></row><row><data column="Variable Features">freq;2200.0,tr;6</data><data column="Performance">226.85</data></row><row><data column="Variable Features">freq;2400.0,tr;1</data><data column="Performance">1958.68</data></row><row><data column="Variable Features">freq;2400.0,tr;2</data><data column="Performance">1069.53</data></row><row><data column="Variable Features">freq;2400.0,tr;3</data><data column="Performance">602.35</data></row><row><data column="Variable Features">freq;2400.0,tr;4</data><data column="Performance">370.12</data></row><row><data column="Variable Features">freq;2400.0,tr;5</data><data column="Performance">267.63</data></row><row><data column="Variable Features">freq;2400.0,tr;6</data><data column="Performance">220.5</data></row><row><data column="Variable Features">freq;2700.0,tr;1</data><data column="Performance">1792.58</data></row><row><data column="Variable Features">freq;2700.0,tr;2</data><data column="Performance">1003.62</data></row><row><data column="Variable Features">freq;2700.0,tr;3</data><data column="Performance">572.35</data></row><row><data column="Variable Features">freq;2700.0,tr;4</data><data column="Performance">362.18</data></row><row><data column="Variable Features">freq;2700.0,tr;5</data><data column="Performance">266.78</data></row><row><data column="Variable Features">freq;2700.0,tr;6</data><data column="Performance">231.3</data></row><row><data column="Variable Features">freq;3000.0,tr;1</data><data column="Performance">1569.21</data></row><row><data column="Variable Features">freq;3000.0,tr;2</data><data column="Performance">992.9</data></row><row><data column="Variable Features">freq;3000.0,tr;3</data><data column="Performance">599.48</data></row><row><data column="Variable Features">freq;3000.0,tr;4</data><data column="Performance">396.82</data></row><row><data column="Variable Features">freq;3000.0,tr;5</data><data column="Performance">305.48</data></row><row><data column="Variable Features">freq;3000.0,tr;6</data><data column="Performance">264.45</data></row><row><data column="Variable Features">freq;1700.0,tr;1</data><data column="Performance">2496.74</data></row><row><data column="Variable Features">freq;1700.0,tr;2</data><data column="Performance">1326.26</data></row><row><data column="Variable Features">freq;1700.0,tr;3</data><data column="Performance">731.72</data></row><row><data column="Variable Features">freq;1700.0,tr;4</data><data column="Performance">426.2</data></row><row><data column="Variable Features">freq;1700.0,tr;5</data><data column="Performance">284.93</data></row><row><data column="Variable Features">freq;1700.0,tr;6</data><data column="Performance">231.2</data></row><row><data column="Variable Features">freq;1900.0,tr;1</data><data column="Performance">2313.33</data></row><row><data column="Variable Features">freq;1900.0,tr;2</data><data column="Performance">1229.77</data></row><row><data column="Variable Features">freq;1900.0,tr;3</data><data column="Performance">688.43</data></row><row><data column="Variable Features">freq;1900.0,tr;4</data><data column="Performance">408.46</data></row><row><data column="Variable Features">freq;1900.0,tr;5</data><data column="Performance">282.07</data></row><row><data column="Variable Features">freq;1900.0,tr;6</data><data column="Performance">238.44</data></row><row><data column="Variable Features">freq;2300.0,tr;1</data><data column="Performance">2015.01</data></row><row><data column="Variable Features">freq;2300.0,tr;2</data><data column="Performance">1097.98</data></row><row><data column="Variable Features">freq;2300.0,tr;3</data><data column="Performance">627.93</data></row><row><data column="Variable Features">freq;2300.0,tr;4</data><data column="Performance">383.09</data></row><row><data column="Variable Features">freq;2300.0,tr;5</data><data column="Performance">274.17</data></row><row><data column="Variable Features">freq;2300.0,tr;6</data><data column="Performance">240.05</data></row><row><data column="Variable Features">freq;2500.0,tr;1</data><data column="Performance">1915.79</data></row><row><data column="Variable Features">freq;2500.0,tr;2</data><data column="Performance">1037.98</data></row><row><data column="Variable Features">freq;2500.0,tr;3</data><data column="Performance">596.68</data></row><row><data column="Variable Features">freq;2500.0,tr;4</data><data column="Performance">373.41</data></row><row><data column="Variable Features">freq;2500.0,tr;5</data><data column="Performance">269.99</data></row><row><data column="Variable Features">freq;2500.0,tr;6</data><data column="Performance">244.7</data></row><row><data column="Variable Features">freq;2800.0,tr;1</data><data column="Performance">1770.58</data></row><row><data column="Variable Features">freq;2800.0,tr;2</data><data column="Performance">972.84</data></row><row><data column="Variable Features">freq;2800.0,tr;3</data><data column="Performance">579.49</data></row><row><data column="Variable Features">freq;2800.0,tr;4</data><data column="Performance">365.01</data></row><row><data column="Variable Features">freq;2800.0,tr;5</data><data column="Performance">280.15</data></row><row><data column="Variable Features">freq;2800.0,tr;6</data><data column="Performance">247.75</data></row><row><data column="Variable Features">freq;2900.0,tr;1</data><data column="Performance">1723.47</data></row><row><data column="Variable Features">freq;2900.0,tr;2</data><data column="Performance">963.92</data></row><row><data column="Variable Features">freq;2900.0,tr;3</data><data column="Performance">571.14</data></row><row><data column="Variable Features">freq;2900.0,tr;4</data><data column="Performance">368.06</data></row><row><data column="Variable Features">freq;2900.0,tr;5</data><data column="Performance">278.26</data></row><row><data column="Variable Features">freq;2900.0,tr;6</data><data column="Performance">260.73</data></row><row><data column="Variable Features">freq;2000.0,tr;1</data><data column="Performance">2291.44</data></row><row><data column="Variable Features">freq;2000.0,tr;2</data><data column="Performance">1192.9</data></row><row><data column="Variable Features">freq;2000.0,tr;3</data><data column="Performance">664.64</data></row><row><data column="Variable Features">freq;2000.0,tr;4</data><data column="Performance">399.56</data></row><row><data column="Variable Features">freq;2000.0,tr;5</data><data column="Performance">278.55</data></row><row><data column="Variable Features">freq;2000.0,tr;6</data><data column="Performance">228.12</data></row></results>