<results><row><data column="Variable Features">freq;1200.0,tr;1</data><data column="Performance">4811.43</data></row><row><data column="Variable Features">freq;1200.0,tr;2</data><data column="Performance">2485.24</data></row><row><data column="Variable Features">freq;1200.0,tr;3</data><data column="Performance">1339.66</data></row><row><data column="Variable Features">freq;1200.0,tr;4</data><data column="Performance">802.89</data></row><row><data column="Variable Features">freq;1200.0,tr;5</data><data column="Performance">546.2</data></row><row><data column="Variable Features">freq;1200.0,tr;6</data><data column="Performance">476.85</data></row><row><data column="Variable Features">freq;1300.0,tr;1</data><data column="Performance">4486.77</data></row><row><data column="Variable Features">freq;1300.0,tr;2</data><data column="Performance">2326.41</data></row><row><data column="Variable Features">freq;1300.0,tr;3</data><data column="Performance">1260.79</data></row><row><data column="Variable Features">freq;1300.0,tr;4</data><data column="Performance">761.89</data></row><row><data column="Variable Features">freq;1300.0,tr;5</data><data column="Performance">516.52</data></row><row><data column="Variable Features">freq;1300.0,tr;6</data><data column="Performance">463.59</data></row><row><data column="Variable Features">freq;1400.0,tr;1</data><data column="Performance">4179.85</data></row><row><data column="Variable Features">freq;1400.0,tr;2</data><data column="Performance">2175.94</data></row><row><data column="Variable Features">freq;1400.0,tr;3</data><data column="Performance">1209.36</data></row><row><data column="Variable Features">freq;1400.0,tr;4</data><data column="Performance">715.94</data></row><row><data column="Variable Features">freq;1400.0,tr;5</data><data column="Performance">499.06</data></row><row><data column="Variable Features">freq;1400.0,tr;6</data><data column="Performance">446.73</data></row><row><data column="Variable Features">freq;1600.0,tr;1</data><data column="Performance">3707.38</data></row><row><data column="Variable Features">freq;1600.0,tr;2</data><data column="Performance">1965.64</data></row><row><data column="Variable Features">freq;1600.0,tr;3</data><data column="Performance">1119.69</data></row><row><data column="Variable Features">freq;1600.0,tr;4</data><data column="Performance">657.89</data></row><row><data column="Variable Features">freq;1600.0,tr;5</data><data column="Performance">469.59</data></row><row><data column="Variable Features">freq;1600.0,tr;6</data><data column="Performance">418.33</data></row><row><data column="Variable Features">freq;1800.0,tr;1</data><data column="Performance">3343.35</data></row><row><data column="Variable Features">freq;1800.0,tr;2</data><data column="Performance">1801.86</data></row><row><data column="Variable Features">freq;1800.0,tr;3</data><data column="Performance">1026.18</data></row><row><data column="Variable Features">freq;1800.0,tr;4</data><data column="Performance">617.84</data></row><row><data column="Variable Features">freq;1800.0,tr;5</data><data column="Performance">449.19</data></row><row><data column="Variable Features">freq;1800.0,tr;6</data><data column="Performance">413.23</data></row><row><data column="Variable Features">freq;2200.0,tr;1</data><data column="Performance">2868.83</data></row><row><data column="Variable Features">freq;2200.0,tr;2</data><data column="Performance">1673.44</data></row><row><data column="Variable Features">freq;2200.0,tr;3</data><data column="Performance">923.77</data></row><row><data column="Variable Features">freq;2200.0,tr;4</data><data column="Performance">580.57</data></row><row><data column="Variable Features">freq;2200.0,tr;5</data><data column="Performance">444.02</data></row><row><data column="Variable Features">freq;2200.0,tr;6</data><data column="Performance">411.86</data></row><row><data column="Variable Features">freq;2400.0,tr;1</data><data column="Performance">2678.12</data></row><row><data column="Variable Features">freq;2400.0,tr;2</data><data column="Performance">1524.0</data></row><row><data column="Variable Features">freq;2400.0,tr;3</data><data column="Performance">871.29</data></row><row><data column="Variable Features">freq;2400.0,tr;4</data><data column="Performance">569.09</data></row><row><data column="Variable Features">freq;2400.0,tr;5</data><data column="Performance">432.89</data></row><row><data column="Variable Features">freq;2400.0,tr;6</data><data column="Performance">400.09</data></row><row><data column="Variable Features">freq;2700.0,tr;1</data><data column="Performance">2474.82</data></row><row><data column="Variable Features">freq;2700.0,tr;2</data><data column="Performance">1428.36</data></row><row><data column="Variable Features">freq;2700.0,tr;3</data><data column="Performance">854.82</data></row><row><data column="Variable Features">freq;2700.0,tr;4</data><data column="Performance">560.59</data></row><row><data column="Variable Features">freq;2700.0,tr;5</data><data column="Performance">445.24</data></row><row><data column="Variable Features">freq;2700.0,tr;6</data><data column="Performance">416.61</data></row><row><data column="Variable Features">freq;3000.0,tr;1</data><data column="Performance">2158.76</data></row><row><data column="Variable Features">freq;3000.0,tr;2</data><data column="Performance">1344.37</data></row><row><data column="Variable Features">freq;3000.0,tr;3</data><data column="Performance">881.86</data></row><row><data column="Variable Features">freq;3000.0,tr;4</data><data column="Performance">609.74</data></row><row><data column="Variable Features">freq;3000.0,tr;5</data><data column="Performance">506.14</data></row><row><data column="Variable Features">freq;3000.0,tr;6</data><data column="Performance">486.63</data></row><row><data column="Variable Features">freq;1700.0,tr;1</data><data column="Performance">3512.13</data></row><row><data column="Variable Features">freq;1700.0,tr;2</data><data column="Performance">1876.16</data></row><row><data column="Variable Features">freq;1700.0,tr;3</data><data column="Performance">1048.19</data></row><row><data column="Variable Features">freq;1700.0,tr;4</data><data column="Performance">641.75</data></row><row><data column="Variable Features">freq;1700.0,tr;5</data><data column="Performance">453.36</data></row><row><data column="Variable Features">freq;1700.0,tr;6</data><data column="Performance">418.04</data></row><row><data column="Variable Features">freq;1900.0,tr;1</data><data column="Performance">3180.57</data></row><row><data column="Variable Features">freq;1900.0,tr;2</data><data column="Performance">1752.59</data></row><row><data column="Variable Features">freq;1900.0,tr;3</data><data column="Performance">994.62</data></row><row><data column="Variable Features">freq;1900.0,tr;4</data><data column="Performance">613.69</data></row><row><data column="Variable Features">freq;1900.0,tr;5</data><data column="Performance">455.98</data></row><row><data column="Variable Features">freq;1900.0,tr;6</data><data column="Performance">426.83</data></row><row><data column="Variable Features">freq;2300.0,tr;1</data><data column="Performance">2774.85</data></row><row><data column="Variable Features">freq;2300.0,tr;2</data><data column="Performance">1554.45</data></row><row><data column="Variable Features">freq;2300.0,tr;3</data><data column="Performance">897.59</data></row><row><data column="Variable Features">freq;2300.0,tr;4</data><data column="Performance">575.83</data></row><row><data column="Variable Features">freq;2300.0,tr;5</data><data column="Performance">441.74</data></row><row><data column="Variable Features">freq;2300.0,tr;6</data><data column="Performance">431.53</data></row><row><data column="Variable Features">freq;2500.0,tr;1</data><data column="Performance">2617.43</data></row><row><data column="Variable Features">freq;2500.0,tr;2</data><data column="Performance">1487.64</data></row><row><data column="Variable Features">freq;2500.0,tr;3</data><data column="Performance">871.28</data></row><row><data column="Variable Features">freq;2500.0,tr;4</data><data column="Performance">568.99</data></row><row><data column="Variable Features">freq;2500.0,tr;5</data><data column="Performance">455.66</data></row><row><data column="Variable Features">freq;2500.0,tr;6</data><data column="Performance">441.17</data></row><row><data column="Variable Features">freq;2800.0,tr;1</data><data column="Performance">2414.37</data></row><row><data column="Variable Features">freq;2800.0,tr;2</data><data column="Performance">1411.1</data></row><row><data column="Variable Features">freq;2800.0,tr;3</data><data column="Performance">850.0</data></row><row><data column="Variable Features">freq;2800.0,tr;4</data><data column="Performance">563.08</data></row><row><data column="Variable Features">freq;2800.0,tr;5</data><data column="Performance">463.71</data></row><row><data column="Variable Features">freq;2800.0,tr;6</data><data column="Performance">459.82</data></row><row><data column="Variable Features">freq;2900.0,tr;1</data><data column="Performance">2347.13</data></row><row><data column="Variable Features">freq;2900.0,tr;2</data><data column="Performance">1384.43</data></row><row><data column="Variable Features">freq;2900.0,tr;3</data><data column="Performance">823.93</data></row><row><data column="Variable Features">freq;2900.0,tr;4</data><data column="Performance">553.23</data></row><row><data column="Variable Features">freq;2900.0,tr;5</data><data column="Performance">452.77</data></row><row><data column="Variable Features">freq;2900.0,tr;6</data><data column="Performance">439.63</data></row><row><data column="Variable Features">freq;2000.0,tr;1</data><data column="Performance">3103.13</data></row><row><data column="Variable Features">freq;2000.0,tr;2</data><data column="Performance">1682.07</data></row><row><data column="Variable Features">freq;2000.0,tr;3</data><data column="Performance">953.98</data></row><row><data column="Variable Features">freq;2000.0,tr;4</data><data column="Performance">597.79</data></row><row><data column="Variable Features">freq;2000.0,tr;5</data><data column="Performance">437.29</data></row><row><data column="Variable Features">freq;2000.0,tr;6</data><data column="Performance">403.98</data></row></results>