<results><row><data column="Variable Features">freq;1200.0,tr;1</data><data column="Performance">2575.08</data></row><row><data column="Variable Features">freq;1200.0,tr;2</data><data column="Performance">1373.32</data></row><row><data column="Variable Features">freq;1200.0,tr;3</data><data column="Performance">751.17</data></row><row><data column="Variable Features">freq;1200.0,tr;4</data><data column="Performance">736.09</data></row><row><data column="Variable Features">freq;1200.0,tr;5</data><data column="Performance">1075.2</data></row><row><data column="Variable Features">freq;1200.0,tr;6</data><data column="Performance">997.81</data></row><row><data column="Variable Features">freq;1600.0,tr;1</data><data column="Performance">1917.83</data></row><row><data column="Variable Features">freq;1600.0,tr;2</data><data column="Performance">1038.34</data></row><row><data column="Variable Features">freq;1600.0,tr;3</data><data column="Performance">585.15</data></row><row><data column="Variable Features">freq;1600.0,tr;4</data><data column="Performance">418.75</data></row><row><data column="Variable Features">freq;1600.0,tr;5</data><data column="Performance">877.7</data></row><row><data column="Variable Features">freq;1600.0,tr;6</data><data column="Performance">909.16</data></row><row><data column="Variable Features">freq;1800.0,tr;1</data><data column="Performance">1729.32</data></row><row><data column="Variable Features">freq;1800.0,tr;2</data><data column="Performance">952.17</data></row><row><data column="Variable Features">freq;1800.0,tr;3</data><data column="Performance">540.6</data></row><row><data column="Variable Features">freq;1800.0,tr;4</data><data column="Performance">365.89</data></row><row><data column="Variable Features">freq;1800.0,tr;5</data><data column="Performance">852.47</data></row><row><data column="Variable Features">freq;1800.0,tr;6</data><data column="Performance">853.68</data></row><row><data column="Variable Features">freq;2200.0,tr;1</data><data column="Performance">1493.13</data></row><row><data column="Variable Features">freq;2200.0,tr;2</data><data column="Performance">816.06</data></row><row><data column="Variable Features">freq;2200.0,tr;3</data><data column="Performance">474.73</data></row><row><data column="Variable Features">freq;2200.0,tr;4</data><data column="Performance">455.26</data></row><row><data column="Variable Features">freq;2200.0,tr;5</data><data column="Performance">757.29</data></row><row><data column="Variable Features">freq;2200.0,tr;6</data><data column="Performance">756.02</data></row><row><data column="Variable Features">freq;2400.0,tr;1</data><data column="Performance">1392.2</data></row><row><data column="Variable Features">freq;2400.0,tr;2</data><data column="Performance">777.24</data></row><row><data column="Variable Features">freq;2400.0,tr;3</data><data column="Performance">461.38</data></row><row><data column="Variable Features">freq;2400.0,tr;4</data><data column="Performance">502.6</data></row><row><data column="Variable Features">freq;2400.0,tr;5</data><data column="Performance">775.55</data></row><row><data column="Variable Features">freq;2400.0,tr;6</data><data column="Performance">825.99</data></row><row><data column="Variable Features">freq;2700.0,tr;1</data><data column="Performance">1292.81</data></row><row><data column="Variable Features">freq;2700.0,tr;2</data><data column="Performance">724.03</data></row><row><data column="Variable Features">freq;2700.0,tr;3</data><data column="Performance">432.91</data></row><row><data column="Variable Features">freq;2700.0,tr;4</data><data column="Performance">495.64</data></row><row><data column="Variable Features">freq;2700.0,tr;5</data><data column="Performance">668.05</data></row><row><data column="Variable Features">freq;2700.0,tr;6</data><data column="Performance">728.0</data></row><row><data column="Variable Features">freq;3000.0,tr;1</data><data column="Performance">1180.52</data></row><row><data column="Variable Features">freq;3000.0,tr;2</data><data column="Performance">711.81</data></row><row><data column="Variable Features">freq;3000.0,tr;3</data><data column="Performance">494.65</data></row><row><data column="Variable Features">freq;3000.0,tr;4</data><data column="Performance">655.18</data></row><row><data column="Variable Features">freq;3000.0,tr;5</data><data column="Performance">823.97</data></row><row><data column="Variable Features">freq;3000.0,tr;6</data><data column="Performance">838.77</data></row><row><data column="Variable Features">freq;1300.0,tr;1</data><data column="Performance">2280.47</data></row><row><data column="Variable Features">freq;1300.0,tr;2</data><data column="Performance">1216.96</data></row><row><data column="Variable Features">freq;1300.0,tr;3</data><data column="Performance">722.36</data></row><row><data column="Variable Features">freq;1300.0,tr;4</data><data column="Performance">639.4</data></row><row><data column="Variable Features">freq;1300.0,tr;5</data><data column="Performance">1002.98</data></row><row><data column="Variable Features">freq;1300.0,tr;6</data><data column="Performance">1068.0</data></row><row><data column="Variable Features">freq;1700.0,tr;1</data><data column="Performance">1827.34</data></row><row><data column="Variable Features">freq;1700.0,tr;2</data><data column="Performance">1006.2</data></row><row><data column="Variable Features">freq;1700.0,tr;3</data><data column="Performance">569.81</data></row><row><data column="Variable Features">freq;1700.0,tr;4</data><data column="Performance">412.4</data></row><row><data column="Variable Features">freq;1700.0,tr;5</data><data column="Performance">779.08</data></row><row><data column="Variable Features">freq;1700.0,tr;6</data><data column="Performance">879.13</data></row><row><data column="Variable Features">freq;1900.0,tr;1</data><data column="Performance">1667.83</data></row><row><data column="Variable Features">freq;1900.0,tr;2</data><data column="Performance">921.43</data></row><row><data column="Variable Features">freq;1900.0,tr;3</data><data column="Performance">535.94</data></row><row><data column="Variable Features">freq;1900.0,tr;4</data><data column="Performance">363.98</data></row><row><data column="Variable Features">freq;1900.0,tr;5</data><data column="Performance">705.72</data></row><row><data column="Variable Features">freq;1900.0,tr;6</data><data column="Performance">732.74</data></row><row><data column="Variable Features">freq;2300.0,tr;1</data><data column="Performance">1452.37</data></row><row><data column="Variable Features">freq;2300.0,tr;2</data><data column="Performance">813.51</data></row><row><data column="Variable Features">freq;2300.0,tr;3</data><data column="Performance">479.83</data></row><row><data column="Variable Features">freq;2300.0,tr;4</data><data column="Performance">450.1</data></row><row><data column="Variable Features">freq;2300.0,tr;5</data><data column="Performance">582.45</data></row><row><data column="Variable Features">freq;2300.0,tr;6</data><data column="Performance">806.62</data></row><row><data column="Variable Features">freq;2500.0,tr;1</data><data column="Performance">1370.76</data></row><row><data column="Variable Features">freq;2500.0,tr;2</data><data column="Performance">771.76</data></row><row><data column="Variable Features">freq;2500.0,tr;3</data><data column="Performance">465.81</data></row><row><data column="Variable Features">freq;2500.0,tr;4</data><data column="Performance">503.15</data></row><row><data column="Variable Features">freq;2500.0,tr;5</data><data column="Performance">651.06</data></row><row><data column="Variable Features">freq;2500.0,tr;6</data><data column="Performance">664.73</data></row><row><data column="Variable Features">freq;2800.0,tr;1</data><data column="Performance">1268.27</data></row><row><data column="Variable Features">freq;2800.0,tr;2</data><data column="Performance">721.95</data></row><row><data column="Variable Features">freq;2800.0,tr;3</data><data column="Performance">435.6</data></row><row><data column="Variable Features">freq;2800.0,tr;4</data><data column="Performance">500.25</data></row><row><data column="Variable Features">freq;2800.0,tr;5</data><data column="Performance">579.82</data></row><row><data column="Variable Features">freq;2800.0,tr;6</data><data column="Performance">765.96</data></row><row><data column="Variable Features">freq;1400.0,tr;1</data><data column="Performance">2154.59</data></row><row><data column="Variable Features">freq;1400.0,tr;2</data><data column="Performance">1166.24</data></row><row><data column="Variable Features">freq;1400.0,tr;3</data><data column="Performance">654.62</data></row><row><data column="Variable Features">freq;1400.0,tr;4</data><data column="Performance">508.19</data></row><row><data column="Variable Features">freq;1400.0,tr;5</data><data column="Performance">895.09</data></row><row><data column="Variable Features">freq;1400.0,tr;6</data><data column="Performance">822.71</data></row><row><data column="Variable Features">freq;2900.0,tr;1</data><data column="Performance">1286.25</data></row><row><data column="Variable Features">freq;2900.0,tr;2</data><data column="Performance">723.02</data></row><row><data column="Variable Features">freq;2900.0,tr;3</data><data column="Performance">442.43</data></row><row><data column="Variable Features">freq;2900.0,tr;4</data><data column="Performance">544.18</data></row><row><data column="Variable Features">freq;2900.0,tr;5</data><data column="Performance">647.44</data></row><row><data column="Variable Features">freq;2900.0,tr;6</data><data column="Performance">635.47</data></row><row><data column="Variable Features">freq;2000.0,tr;1</data><data column="Performance">1691.56</data></row><row><data column="Variable Features">freq;2000.0,tr;2</data><data column="Performance">916.08</data></row><row><data column="Variable Features">freq;2000.0,tr;3</data><data column="Performance">533.92</data></row><row><data column="Variable Features">freq;2000.0,tr;4</data><data column="Performance">384.58</data></row><row><data column="Variable Features">freq;2000.0,tr;5</data><data column="Performance">766.7</data></row><row><data column="Variable Features">freq;2000.0,tr;6</data><data column="Performance">577.99</data></row></results>