<results><row><data column="Variable Features">freq;1200.0,tr;1</data><data column="Performance">2142.32</data></row><row><data column="Variable Features">freq;1200.0,tr;2</data><data column="Performance">1978.44</data></row><row><data column="Variable Features">freq;1200.0,tr;3</data><data column="Performance">1481.54</data></row><row><data column="Variable Features">freq;1200.0,tr;4</data><data column="Performance">1066.28</data></row><row><data column="Variable Features">freq;1200.0,tr;5</data><data column="Performance">771.02</data></row><row><data column="Variable Features">freq;1200.0,tr;6</data><data column="Performance">575.73</data></row><row><data column="Variable Features">freq;1600.0,tr;1</data><data column="Performance">1695.57</data></row><row><data column="Variable Features">freq;1600.0,tr;2</data><data column="Performance">1542.59</data></row><row><data column="Variable Features">freq;1600.0,tr;3</data><data column="Performance">1171.16</data></row><row><data column="Variable Features">freq;1600.0,tr;4</data><data column="Performance">860.5</data></row><row><data column="Variable Features">freq;1600.0,tr;5</data><data column="Performance">631.65</data></row><row><data column="Variable Features">freq;1600.0,tr;6</data><data column="Performance">473.28</data></row><row><data column="Variable Features">freq;1800.0,tr;1</data><data column="Performance">1541.25</data></row><row><data column="Variable Features">freq;1800.0,tr;2</data><data column="Performance">1402.82</data></row><row><data column="Variable Features">freq;1800.0,tr;3</data><data column="Performance">1063.41</data></row><row><data column="Variable Features">freq;1800.0,tr;4</data><data column="Performance">783.36</data></row><row><data column="Variable Features">freq;1800.0,tr;5</data><data column="Performance">575.82</data></row><row><data column="Variable Features">freq;1800.0,tr;6</data><data column="Performance">442.1</data></row><row><data column="Variable Features">freq;2200.0,tr;1</data><data column="Performance">1335.75</data></row><row><data column="Variable Features">freq;2200.0,tr;2</data><data column="Performance">1213.85</data></row><row><data column="Variable Features">freq;2200.0,tr;3</data><data column="Performance">933.11</data></row><row><data column="Variable Features">freq;2200.0,tr;4</data><data column="Performance">695.7</data></row><row><data column="Variable Features">freq;2200.0,tr;5</data><data column="Performance">513.24</data></row><row><data column="Variable Features">freq;2200.0,tr;6</data><data column="Performance">405.5</data></row><row><data column="Variable Features">freq;2400.0,tr;1</data><data column="Performance">1251.5</data></row><row><data column="Variable Features">freq;2400.0,tr;2</data><data column="Performance">1145.7</data></row><row><data column="Variable Features">freq;2400.0,tr;3</data><data column="Performance">884.52</data></row><row><data column="Variable Features">freq;2400.0,tr;4</data><data column="Performance">663.03</data></row><row><data column="Variable Features">freq;2400.0,tr;5</data><data column="Performance">495.98</data></row><row><data column="Variable Features">freq;2400.0,tr;6</data><data column="Performance">388.76</data></row><row><data column="Variable Features">freq;2700.0,tr;1</data><data column="Performance">1149.86</data></row><row><data column="Variable Features">freq;2700.0,tr;2</data><data column="Performance">1071.17</data></row><row><data column="Variable Features">freq;2700.0,tr;3</data><data column="Performance">835.34</data></row><row><data column="Variable Features">freq;2700.0,tr;4</data><data column="Performance">636.84</data></row><row><data column="Variable Features">freq;2700.0,tr;5</data><data column="Performance">468.68</data></row><row><data column="Variable Features">freq;2700.0,tr;6</data><data column="Performance">375.72</data></row><row><data column="Variable Features">freq;3000.0,tr;1</data><data column="Performance">1062.08</data></row><row><data column="Variable Features">freq;3000.0,tr;2</data><data column="Performance">986.28</data></row><row><data column="Variable Features">freq;3000.0,tr;3</data><data column="Performance">807.6</data></row><row><data column="Variable Features">freq;3000.0,tr;4</data><data column="Performance">629.11</data></row><row><data column="Variable Features">freq;3000.0,tr;5</data><data column="Performance">492.94</data></row><row><data column="Variable Features">freq;3000.0,tr;6</data><data column="Performance">413.93</data></row><row><data column="Variable Features">freq;1300.0,tr;1</data><data column="Performance">2028.93</data></row><row><data column="Variable Features">freq;1300.0,tr;2</data><data column="Performance">1831.52</data></row><row><data column="Variable Features">freq;1300.0,tr;3</data><data column="Performance">1379.92</data></row><row><data column="Variable Features">freq;1300.0,tr;4</data><data column="Performance">999.51</data></row><row><data column="Variable Features">freq;1300.0,tr;5</data><data column="Performance">717.83</data></row><row><data column="Variable Features">freq;1300.0,tr;6</data><data column="Performance">548.09</data></row><row><data column="Variable Features">freq;1700.0,tr;1</data><data column="Performance">1606.63</data></row><row><data column="Variable Features">freq;1700.0,tr;2</data><data column="Performance">1467.77</data></row><row><data column="Variable Features">freq;1700.0,tr;3</data><data column="Performance">1106.63</data></row><row><data column="Variable Features">freq;1700.0,tr;4</data><data column="Performance">815.58</data></row><row><data column="Variable Features">freq;1700.0,tr;5</data><data column="Performance">595.08</data></row><row><data column="Variable Features">freq;1700.0,tr;6</data><data column="Performance">452.86</data></row><row><data column="Variable Features">freq;1900.0,tr;1</data><data column="Performance">1476.39</data></row><row><data column="Variable Features">freq;1900.0,tr;2</data><data column="Performance">1342.09</data></row><row><data column="Variable Features">freq;1900.0,tr;3</data><data column="Performance">1021.27</data></row><row><data column="Variable Features">freq;1900.0,tr;4</data><data column="Performance">757.2</data></row><row><data column="Variable Features">freq;1900.0,tr;5</data><data column="Performance">557.84</data></row><row><data column="Variable Features">freq;1900.0,tr;6</data><data column="Performance">426.92</data></row><row><data column="Variable Features">freq;2300.0,tr;1</data><data column="Performance">1296.27</data></row><row><data column="Variable Features">freq;2300.0,tr;2</data><data column="Performance">1191.24</data></row><row><data column="Variable Features">freq;2300.0,tr;3</data><data column="Performance">917.5</data></row><row><data column="Variable Features">freq;2300.0,tr;4</data><data column="Performance">678.06</data></row><row><data column="Variable Features">freq;2300.0,tr;5</data><data column="Performance">504.35</data></row><row><data column="Variable Features">freq;2300.0,tr;6</data><data column="Performance">399.74</data></row><row><data column="Variable Features">freq;2500.0,tr;1</data><data column="Performance">1220.55</data></row><row><data column="Variable Features">freq;2500.0,tr;2</data><data column="Performance">1126.53</data></row><row><data column="Variable Features">freq;2500.0,tr;3</data><data column="Performance">871.69</data></row><row><data column="Variable Features">freq;2500.0,tr;4</data><data column="Performance">650.11</data></row><row><data column="Variable Features">freq;2500.0,tr;5</data><data column="Performance">489.67</data></row><row><data column="Variable Features">freq;2500.0,tr;6</data><data column="Performance">386.36</data></row><row><data column="Variable Features">freq;2800.0,tr;1</data><data column="Performance">1136.28</data></row><row><data column="Variable Features">freq;2800.0,tr;2</data><data column="Performance">1046.79</data></row><row><data column="Variable Features">freq;2800.0,tr;3</data><data column="Performance">823.32</data></row><row><data column="Variable Features">freq;2800.0,tr;4</data><data column="Performance">634.4</data></row><row><data column="Variable Features">freq;2800.0,tr;5</data><data column="Performance">469.71</data></row><row><data column="Variable Features">freq;2800.0,tr;6</data><data column="Performance">377.02</data></row><row><data column="Variable Features">freq;1400.0,tr;1</data><data column="Performance">1907.28</data></row><row><data column="Variable Features">freq;1400.0,tr;2</data><data column="Performance">1727.46</data></row><row><data column="Variable Features">freq;1400.0,tr;3</data><data column="Performance">1300.85</data></row><row><data column="Variable Features">freq;1400.0,tr;4</data><data column="Performance">945.24</data></row><row><data column="Variable Features">freq;1400.0,tr;5</data><data column="Performance">687.56</data></row><row><data column="Variable Features">freq;1400.0,tr;6</data><data column="Performance">528.78</data></row><row><data column="Variable Features">freq;2900.0,tr;1</data><data column="Performance">1119.02</data></row><row><data column="Variable Features">freq;2900.0,tr;2</data><data column="Performance">1034.98</data></row><row><data column="Variable Features">freq;2900.0,tr;3</data><data column="Performance">804.14</data></row><row><data column="Variable Features">freq;2900.0,tr;4</data><data column="Performance">615.68</data></row><row><data column="Variable Features">freq;2900.0,tr;5</data><data column="Performance">466.55</data></row><row><data column="Variable Features">freq;2900.0,tr;6</data><data column="Performance">375.76</data></row><row><data column="Variable Features">freq;2000.0,tr;1</data><data column="Performance">1443.93</data></row><row><data column="Variable Features">freq;2000.0,tr;2</data><data column="Performance">1308.14</data></row><row><data column="Variable Features">freq;2000.0,tr;3</data><data column="Performance">1005.24</data></row><row><data column="Variable Features">freq;2000.0,tr;4</data><data column="Performance">739.86</data></row><row><data column="Variable Features">freq;2000.0,tr;5</data><data column="Performance">551.8</data></row><row><data column="Variable Features">freq;2000.0,tr;6</data><data column="Performance">424.21</data></row></results>