<results><row><data column="Variable Features">freq;1200.0,tr;1</data><data column="Performance">92.07</data></row><row><data column="Variable Features">freq;1200.0,tr;2</data><data column="Performance">86.32</data></row><row><data column="Variable Features">freq;1200.0,tr;3</data><data column="Performance">86.24</data></row><row><data column="Variable Features">freq;1200.0,tr;4</data><data column="Performance">88.03</data></row><row><data column="Variable Features">freq;1200.0,tr;5</data><data column="Performance">84.92</data></row><row><data column="Variable Features">freq;1200.0,tr;6</data><data column="Performance">90.03</data></row><row><data column="Variable Features">freq;1600.0,tr;1</data><data column="Performance">78.95</data></row><row><data column="Variable Features">freq;1600.0,tr;2</data><data column="Performance">74.53</data></row><row><data column="Variable Features">freq;1600.0,tr;3</data><data column="Performance">74.69</data></row><row><data column="Variable Features">freq;1600.0,tr;4</data><data column="Performance">78.33</data></row><row><data column="Variable Features">freq;1600.0,tr;5</data><data column="Performance">76.28</data></row><row><data column="Variable Features">freq;1600.0,tr;6</data><data column="Performance">75.84</data></row><row><data column="Variable Features">freq;1800.0,tr;1</data><data column="Performance">71.96</data></row><row><data column="Variable Features">freq;1800.0,tr;2</data><data column="Performance">77.49</data></row><row><data column="Variable Features">freq;1800.0,tr;3</data><data column="Performance">73.86</data></row><row><data column="Variable Features">freq;1800.0,tr;4</data><data column="Performance">73.97</data></row><row><data column="Variable Features">freq;1800.0,tr;5</data><data column="Performance">76.04</data></row><row><data column="Variable Features">freq;1800.0,tr;6</data><data column="Performance">76.03</data></row><row><data column="Variable Features">freq;2200.0,tr;1</data><data column="Performance">72.97</data></row><row><data column="Variable Features">freq;2200.0,tr;2</data><data column="Performance">74.6</data></row><row><data column="Variable Features">freq;2200.0,tr;3</data><data column="Performance">69.64</data></row><row><data column="Variable Features">freq;2200.0,tr;4</data><data column="Performance">74.37</data></row><row><data column="Variable Features">freq;2200.0,tr;5</data><data column="Performance">72.82</data></row><row><data column="Variable Features">freq;2200.0,tr;6</data><data column="Performance">70.28</data></row><row><data column="Variable Features">freq;2400.0,tr;1</data><data column="Performance">67.65</data></row><row><data column="Variable Features">freq;2400.0,tr;2</data><data column="Performance">62.6</data></row><row><data column="Variable Features">freq;2400.0,tr;3</data><data column="Performance">64.81</data></row><row><data column="Variable Features">freq;2400.0,tr;4</data><data column="Performance">70.19</data></row><row><data column="Variable Features">freq;2400.0,tr;5</data><data column="Performance">67.04</data></row><row><data column="Variable Features">freq;2400.0,tr;6</data><data column="Performance">66.62</data></row><row><data column="Variable Features">freq;2700.0,tr;1</data><data column="Performance">62.24</data></row><row><data column="Variable Features">freq;2700.0,tr;2</data><data column="Performance">71.2</data></row><row><data column="Variable Features">freq;2700.0,tr;3</data><data column="Performance">73.17</data></row><row><data column="Variable Features">freq;2700.0,tr;4</data><data column="Performance">67.63</data></row><row><data column="Variable Features">freq;2700.0,tr;5</data><data column="Performance">68.44</data></row><row><data column="Variable Features">freq;2700.0,tr;6</data><data column="Performance">73.19</data></row><row><data column="Variable Features">freq;3000.0,tr;1</data><data column="Performance">62.78</data></row><row><data column="Variable Features">freq;3000.0,tr;2</data><data column="Performance">72.57</data></row><row><data column="Variable Features">freq;3000.0,tr;3</data><data column="Performance">85.49</data></row><row><data column="Variable Features">freq;3000.0,tr;4</data><data column="Performance">73.64</data></row><row><data column="Variable Features">freq;3000.0,tr;5</data><data column="Performance">79.07</data></row><row><data column="Variable Features">freq;3000.0,tr;6</data><data column="Performance">77.2</data></row><row><data column="Variable Features">freq;1300.0,tr;1</data><data column="Performance">86.72</data></row><row><data column="Variable Features">freq;1300.0,tr;2</data><data column="Performance">88.65</data></row><row><data column="Variable Features">freq;1300.0,tr;3</data><data column="Performance">83.93</data></row><row><data column="Variable Features">freq;1300.0,tr;4</data><data column="Performance">87.44</data></row><row><data column="Variable Features">freq;1300.0,tr;5</data><data column="Performance">88.83</data></row><row><data column="Variable Features">freq;1300.0,tr;6</data><data column="Performance">90.95</data></row><row><data column="Variable Features">freq;1700.0,tr;1</data><data column="Performance">75.67</data></row><row><data column="Variable Features">freq;1700.0,tr;2</data><data column="Performance">78.69</data></row><row><data column="Variable Features">freq;1700.0,tr;3</data><data column="Performance">78.33</data></row><row><data column="Variable Features">freq;1700.0,tr;4</data><data column="Performance">77.92</data></row><row><data column="Variable Features">freq;1700.0,tr;5</data><data column="Performance">84.13</data></row><row><data column="Variable Features">freq;1700.0,tr;6</data><data column="Performance">80.54</data></row><row><data column="Variable Features">freq;1900.0,tr;1</data><data column="Performance">74.86</data></row><row><data column="Variable Features">freq;1900.0,tr;2</data><data column="Performance">79.06</data></row><row><data column="Variable Features">freq;1900.0,tr;3</data><data column="Performance">77.77</data></row><row><data column="Variable Features">freq;1900.0,tr;4</data><data column="Performance">81.86</data></row><row><data column="Variable Features">freq;1900.0,tr;5</data><data column="Performance">80.22</data></row><row><data column="Variable Features">freq;1900.0,tr;6</data><data column="Performance">77.43</data></row><row><data column="Variable Features">freq;2300.0,tr;1</data><data column="Performance">69.26</data></row><row><data column="Variable Features">freq;2300.0,tr;2</data><data column="Performance">73.16</data></row><row><data column="Variable Features">freq;2300.0,tr;3</data><data column="Performance">71.33</data></row><row><data column="Variable Features">freq;2300.0,tr;4</data><data column="Performance">70.19</data></row><row><data column="Variable Features">freq;2300.0,tr;5</data><data column="Performance">70.37</data></row><row><data column="Variable Features">freq;2300.0,tr;6</data><data column="Performance">72.8</data></row><row><data column="Variable Features">freq;2500.0,tr;1</data><data column="Performance">64.37</data></row><row><data column="Variable Features">freq;2500.0,tr;2</data><data column="Performance">75.0</data></row><row><data column="Variable Features">freq;2500.0,tr;3</data><data column="Performance">67.65</data></row><row><data column="Variable Features">freq;2500.0,tr;4</data><data column="Performance">72.34</data></row><row><data column="Variable Features">freq;2500.0,tr;5</data><data column="Performance">72.34</data></row><row><data column="Variable Features">freq;2500.0,tr;6</data><data column="Performance">69.53</data></row><row><data column="Variable Features">freq;2800.0,tr;1</data><data column="Performance">63.02</data></row><row><data column="Variable Features">freq;2800.0,tr;2</data><data column="Performance">78.51</data></row><row><data column="Variable Features">freq;2800.0,tr;3</data><data column="Performance">69.21</data></row><row><data column="Variable Features">freq;2800.0,tr;4</data><data column="Performance">81.47</data></row><row><data column="Variable Features">freq;2800.0,tr;5</data><data column="Performance">73.14</data></row><row><data column="Variable Features">freq;2800.0,tr;6</data><data column="Performance">74.53</data></row><row><data column="Variable Features">freq;1400.0,tr;1</data><data column="Performance">88.69</data></row><row><data column="Variable Features">freq;1400.0,tr;2</data><data column="Performance">94.75</data></row><row><data column="Variable Features">freq;1400.0,tr;3</data><data column="Performance">89.39</data></row><row><data column="Variable Features">freq;1400.0,tr;4</data><data column="Performance">84.8</data></row><row><data column="Variable Features">freq;1400.0,tr;5</data><data column="Performance">84.76</data></row><row><data column="Variable Features">freq;1400.0,tr;6</data><data column="Performance">90.79</data></row><row><data column="Variable Features">freq;2900.0,tr;1</data><data column="Performance">66.29</data></row><row><data column="Variable Features">freq;2900.0,tr;2</data><data column="Performance">71.45</data></row><row><data column="Variable Features">freq;2900.0,tr;3</data><data column="Performance">72.01</data></row><row><data column="Variable Features">freq;2900.0,tr;4</data><data column="Performance">74.06</data></row><row><data column="Variable Features">freq;2900.0,tr;5</data><data column="Performance">74.19</data></row><row><data column="Variable Features">freq;2900.0,tr;6</data><data column="Performance">73.33</data></row><row><data column="Variable Features">freq;2000.0,tr;1</data><data column="Performance">72.34</data></row><row><data column="Variable Features">freq;2000.0,tr;2</data><data column="Performance">75.86</data></row><row><data column="Variable Features">freq;2000.0,tr;3</data><data column="Performance">75.48</data></row><row><data column="Variable Features">freq;2000.0,tr;4</data><data column="Performance">79.81</data></row><row><data column="Variable Features">freq;2000.0,tr;5</data><data column="Performance">85.31</data></row><row><data column="Variable Features">freq;2000.0,tr;6</data><data column="Performance">81.42</data></row></results>