<results><row><data column="Variable Features">freq;1200.0,tr;1</data><data column="Performance">11032.34</data></row><row><data column="Variable Features">freq;1200.0,tr;2</data><data column="Performance">6382.82</data></row><row><data column="Variable Features">freq;1200.0,tr;3</data><data column="Performance">3655.15</data></row><row><data column="Variable Features">freq;1200.0,tr;4</data><data column="Performance">2330.47</data></row><row><data column="Variable Features">freq;1200.0,tr;5</data><data column="Performance">2338.26</data></row><row><data column="Variable Features">freq;1200.0,tr;6</data><data column="Performance">2364.47</data></row><row><data column="Variable Features">freq;1600.0,tr;1</data><data column="Performance">8839.3</data></row><row><data column="Variable Features">freq;1600.0,tr;2</data><data column="Performance">5167.77</data></row><row><data column="Variable Features">freq;1600.0,tr;3</data><data column="Performance">3529.14</data></row><row><data column="Variable Features">freq;1600.0,tr;4</data><data column="Performance">1918.76</data></row><row><data column="Variable Features">freq;1600.0,tr;5</data><data column="Performance">1926.36</data></row><row><data column="Variable Features">freq;1600.0,tr;6</data><data column="Performance">1923.2</data></row><row><data column="Variable Features">freq;1800.0,tr;1</data><data column="Performance">8298.3</data></row><row><data column="Variable Features">freq;1800.0,tr;2</data><data column="Performance">4870.65</data></row><row><data column="Variable Features">freq;1800.0,tr;3</data><data column="Performance">2982.25</data></row><row><data column="Variable Features">freq;1800.0,tr;4</data><data column="Performance">1859.7</data></row><row><data column="Variable Features">freq;1800.0,tr;5</data><data column="Performance">1873.11</data></row><row><data column="Variable Features">freq;1800.0,tr;6</data><data column="Performance">1878.42</data></row><row><data column="Variable Features">freq;2200.0,tr;1</data><data column="Performance">7410.41</data></row><row><data column="Variable Features">freq;2200.0,tr;2</data><data column="Performance">4547.09</data></row><row><data column="Variable Features">freq;2200.0,tr;3</data><data column="Performance">2739.61</data></row><row><data column="Variable Features">freq;2200.0,tr;4</data><data column="Performance">1819.74</data></row><row><data column="Variable Features">freq;2200.0,tr;5</data><data column="Performance">1776.09</data></row><row><data column="Variable Features">freq;2200.0,tr;6</data><data column="Performance">1796.35</data></row><row><data column="Variable Features">freq;2400.0,tr;1</data><data column="Performance">7193.0</data></row><row><data column="Variable Features">freq;2400.0,tr;2</data><data column="Performance">4380.22</data></row><row><data column="Variable Features">freq;2400.0,tr;3</data><data column="Performance">2652.07</data></row><row><data column="Variable Features">freq;2400.0,tr;4</data><data column="Performance">1775.32</data></row><row><data column="Variable Features">freq;2400.0,tr;5</data><data column="Performance">1819.35</data></row><row><data column="Variable Features">freq;2400.0,tr;6</data><data column="Performance">1779.66</data></row><row><data column="Variable Features">freq;2700.0,tr;1</data><data column="Performance">6743.24</data></row><row><data column="Variable Features">freq;2700.0,tr;2</data><data column="Performance">4210.34</data></row><row><data column="Variable Features">freq;2700.0,tr;3</data><data column="Performance">2678.86</data></row><row><data column="Variable Features">freq;2700.0,tr;4</data><data column="Performance">1803.59</data></row><row><data column="Variable Features">freq;2700.0,tr;5</data><data column="Performance">1812.26</data></row><row><data column="Variable Features">freq;2700.0,tr;6</data><data column="Performance">1837.32</data></row><row><data column="Variable Features">freq;3000.0,tr;1</data><data column="Performance">6428.0</data></row><row><data column="Variable Features">freq;3000.0,tr;2</data><data column="Performance">4364.45</data></row><row><data column="Variable Features">freq;3000.0,tr;3</data><data column="Performance">2908.9</data></row><row><data column="Variable Features">freq;3000.0,tr;4</data><data column="Performance">2086.11</data></row><row><data column="Variable Features">freq;3000.0,tr;5</data><data column="Performance">2088.51</data></row><row><data column="Variable Features">freq;3000.0,tr;6</data><data column="Performance">2066.55</data></row><row><data column="Variable Features">freq;1300.0,tr;1</data><data column="Performance">10496.52</data></row><row><data column="Variable Features">freq;1300.0,tr;2</data><data column="Performance">5865.7</data></row><row><data column="Variable Features">freq;1300.0,tr;3</data><data column="Performance">3868.62</data></row><row><data column="Variable Features">freq;1300.0,tr;4</data><data column="Performance">2384.83</data></row><row><data column="Variable Features">freq;1300.0,tr;5</data><data column="Performance">2370.39</data></row><row><data column="Variable Features">freq;1300.0,tr;6</data><data column="Performance">2361.48</data></row><row><data column="Variable Features">freq;1700.0,tr;1</data><data column="Performance">8676.78</data></row><row><data column="Variable Features">freq;1700.0,tr;2</data><data column="Performance">5057.63</data></row><row><data column="Variable Features">freq;1700.0,tr;3</data><data column="Performance">2967.52</data></row><row><data column="Variable Features">freq;1700.0,tr;4</data><data column="Performance">1921.96</data></row><row><data column="Variable Features">freq;1700.0,tr;5</data><data column="Performance">1874.1</data></row><row><data column="Variable Features">freq;1700.0,tr;6</data><data column="Performance">1923.21</data></row><row><data column="Variable Features">freq;1900.0,tr;1</data><data column="Performance">8410.75</data></row><row><data column="Variable Features">freq;1900.0,tr;2</data><data column="Performance">4891.08</data></row><row><data column="Variable Features">freq;1900.0,tr;3</data><data column="Performance">3387.3</data></row><row><data column="Variable Features">freq;1900.0,tr;4</data><data column="Performance">2122.33</data></row><row><data column="Variable Features">freq;1900.0,tr;5</data><data column="Performance">2131.65</data></row><row><data column="Variable Features">freq;1900.0,tr;6</data><data column="Performance">2120.58</data></row><row><data column="Variable Features">freq;2300.0,tr;1</data><data column="Performance">7729.08</data></row><row><data column="Variable Features">freq;2300.0,tr;2</data><data column="Performance">4712.33</data></row><row><data column="Variable Features">freq;2300.0,tr;3</data><data column="Performance">3149.92</data></row><row><data column="Variable Features">freq;2300.0,tr;4</data><data column="Performance">2036.08</data></row><row><data column="Variable Features">freq;2300.0,tr;5</data><data column="Performance">2025.89</data></row><row><data column="Variable Features">freq;2300.0,tr;6</data><data column="Performance">2036.88</data></row><row><data column="Variable Features">freq;2500.0,tr;1</data><data column="Performance">7396.31</data></row><row><data column="Variable Features">freq;2500.0,tr;2</data><data column="Performance">4607.44</data></row><row><data column="Variable Features">freq;2500.0,tr;3</data><data column="Performance">3126.14</data></row><row><data column="Variable Features">freq;2500.0,tr;4</data><data column="Performance">2042.28</data></row><row><data column="Variable Features">freq;2500.0,tr;5</data><data column="Performance">2049.46</data></row><row><data column="Variable Features">freq;2500.0,tr;6</data><data column="Performance">2042.46</data></row><row><data column="Variable Features">freq;2800.0,tr;1</data><data column="Performance">6904.98</data></row><row><data column="Variable Features">freq;2800.0,tr;2</data><data column="Performance">4466.25</data></row><row><data column="Variable Features">freq;2800.0,tr;3</data><data column="Performance">3142.05</data></row><row><data column="Variable Features">freq;2800.0,tr;4</data><data column="Performance">2098.06</data></row><row><data column="Variable Features">freq;2800.0,tr;5</data><data column="Performance">2094.99</data></row><row><data column="Variable Features">freq;2800.0,tr;6</data><data column="Performance">2102.05</data></row><row><data column="Variable Features">freq;1400.0,tr;1</data><data column="Performance">10076.2</data></row><row><data column="Variable Features">freq;1400.0,tr;2</data><data column="Performance">5944.03</data></row><row><data column="Variable Features">freq;1400.0,tr;3</data><data column="Performance">3723.85</data></row><row><data column="Variable Features">freq;1400.0,tr;4</data><data column="Performance">2302.57</data></row><row><data column="Variable Features">freq;1400.0,tr;5</data><data column="Performance">2312.26</data></row><row><data column="Variable Features">freq;1400.0,tr;6</data><data column="Performance">2320.67</data></row><row><data column="Variable Features">freq;2900.0,tr;1</data><data column="Performance">6820.2</data></row><row><data column="Variable Features">freq;2900.0,tr;2</data><data column="Performance">4329.31</data></row><row><data column="Variable Features">freq;2900.0,tr;3</data><data column="Performance">3124.46</data></row><row><data column="Variable Features">freq;2900.0,tr;4</data><data column="Performance">2111.51</data></row><row><data column="Variable Features">freq;2900.0,tr;5</data><data column="Performance">2126.54</data></row><row><data column="Variable Features">freq;2900.0,tr;6</data><data column="Performance">2132.48</data></row><row><data column="Variable Features">freq;2000.0,tr;1</data><data column="Performance">7807.54</data></row><row><data column="Variable Features">freq;2000.0,tr;2</data><data column="Performance">4693.4</data></row><row><data column="Variable Features">freq;2000.0,tr;3</data><data column="Performance">2813.39</data></row><row><data column="Variable Features">freq;2000.0,tr;4</data><data column="Performance">1825.37</data></row><row><data column="Variable Features">freq;2000.0,tr;5</data><data column="Performance">1846.88</data></row><row><data column="Variable Features">freq;2000.0,tr;6</data><data column="Performance">1839.39</data></row></results>