<results><row><data column="Variable Features">freq;1200.0,tr;1</data><data column="Performance">6919.63</data></row><row><data column="Variable Features">freq;1200.0,tr;2</data><data column="Performance">3777.8</data></row><row><data column="Variable Features">freq;1200.0,tr;3</data><data column="Performance">1935.33</data></row><row><data column="Variable Features">freq;1200.0,tr;4</data><data column="Performance">1118.77</data></row><row><data column="Variable Features">freq;1200.0,tr;5</data><data column="Performance">741.2</data></row><row><data column="Variable Features">freq;1200.0,tr;6</data><data column="Performance">617.86</data></row><row><data column="Variable Features">freq;1300.0,tr;1</data><data column="Performance">6485.39</data></row><row><data column="Variable Features">freq;1300.0,tr;2</data><data column="Performance">3360.64</data></row><row><data column="Variable Features">freq;1300.0,tr;3</data><data column="Performance">1830.05</data></row><row><data column="Variable Features">freq;1300.0,tr;4</data><data column="Performance">1062.82</data></row><row><data column="Variable Features">freq;1300.0,tr;5</data><data column="Performance">703.5</data></row><row><data column="Variable Features">freq;1300.0,tr;6</data><data column="Performance">595.2</data></row><row><data column="Variable Features">freq;1400.0,tr;1</data><data column="Performance">6033.67</data></row><row><data column="Variable Features">freq;1400.0,tr;2</data><data column="Performance">3164.69</data></row><row><data column="Variable Features">freq;1400.0,tr;3</data><data column="Performance">1760.02</data></row><row><data column="Variable Features">freq;1400.0,tr;4</data><data column="Performance">1026.01</data></row><row><data column="Variable Features">freq;1400.0,tr;5</data><data column="Performance">679.94</data></row><row><data column="Variable Features">freq;1400.0,tr;6</data><data column="Performance">575.25</data></row><row><data column="Variable Features">freq;1600.0,tr;1</data><data column="Performance">5329.3</data></row><row><data column="Variable Features">freq;1600.0,tr;2</data><data column="Performance">2836.14</data></row><row><data column="Variable Features">freq;1600.0,tr;3</data><data column="Performance">1633.61</data></row><row><data column="Variable Features">freq;1600.0,tr;4</data><data column="Performance">927.28</data></row><row><data column="Variable Features">freq;1600.0,tr;5</data><data column="Performance">637.14</data></row><row><data column="Variable Features">freq;1600.0,tr;6</data><data column="Performance">546.3</data></row><row><data column="Variable Features">freq;1800.0,tr;1</data><data column="Performance">4819.52</data></row><row><data column="Variable Features">freq;1800.0,tr;2</data><data column="Performance">2607.62</data></row><row><data column="Variable Features">freq;1800.0,tr;3</data><data column="Performance">1488.45</data></row><row><data column="Variable Features">freq;1800.0,tr;4</data><data column="Performance">884.65</data></row><row><data column="Variable Features">freq;1800.0,tr;5</data><data column="Performance">613.18</data></row><row><data column="Variable Features">freq;1800.0,tr;6</data><data column="Performance">532.07</data></row><row><data column="Variable Features">freq;2200.0,tr;1</data><data column="Performance">4147.22</data></row><row><data column="Variable Features">freq;2200.0,tr;2</data><data column="Performance">2418.05</data></row><row><data column="Variable Features">freq;2200.0,tr;3</data><data column="Performance">1303.59</data></row><row><data column="Variable Features">freq;2200.0,tr;4</data><data column="Performance">819.91</data></row><row><data column="Variable Features">freq;2200.0,tr;5</data><data column="Performance">599.2</data></row><row><data column="Variable Features">freq;2200.0,tr;6</data><data column="Performance">524.3</data></row><row><data column="Variable Features">freq;2400.0,tr;1</data><data column="Performance">3872.47</data></row><row><data column="Variable Features">freq;2400.0,tr;2</data><data column="Performance">2176.67</data></row><row><data column="Variable Features">freq;2400.0,tr;3</data><data column="Performance">1256.42</data></row><row><data column="Variable Features">freq;2400.0,tr;4</data><data column="Performance">800.83</data></row><row><data column="Variable Features">freq;2400.0,tr;5</data><data column="Performance">594.42</data></row><row><data column="Variable Features">freq;2400.0,tr;6</data><data column="Performance">525.2</data></row><row><data column="Variable Features">freq;2700.0,tr;1</data><data column="Performance">3556.25</data></row><row><data column="Variable Features">freq;2700.0,tr;2</data><data column="Performance">2077.63</data></row><row><data column="Variable Features">freq;2700.0,tr;3</data><data column="Performance">1223.5</data></row><row><data column="Variable Features">freq;2700.0,tr;4</data><data column="Performance">782.68</data></row><row><data column="Variable Features">freq;2700.0,tr;5</data><data column="Performance">609.0</data></row><row><data column="Variable Features">freq;2700.0,tr;6</data><data column="Performance">540.83</data></row><row><data column="Variable Features">freq;3000.0,tr;1</data><data column="Performance">3105.92</data></row><row><data column="Variable Features">freq;3000.0,tr;2</data><data column="Performance">2019.02</data></row><row><data column="Variable Features">freq;3000.0,tr;3</data><data column="Performance">1257.16</data></row><row><data column="Variable Features">freq;3000.0,tr;4</data><data column="Performance">864.22</data></row><row><data column="Variable Features">freq;3000.0,tr;5</data><data column="Performance">690.1</data></row><row><data column="Variable Features">freq;3000.0,tr;6</data><data column="Performance">626.87</data></row><row><data column="Variable Features">freq;1700.0,tr;1</data><data column="Performance">5033.34</data></row><row><data column="Variable Features">freq;1700.0,tr;2</data><data column="Performance">2705.99</data></row><row><data column="Variable Features">freq;1700.0,tr;3</data><data column="Performance">1543.99</data></row><row><data column="Variable Features">freq;1700.0,tr;4</data><data column="Performance">904.6</data></row><row><data column="Variable Features">freq;1700.0,tr;5</data><data column="Performance">626.15</data></row><row><data column="Variable Features">freq;1700.0,tr;6</data><data column="Performance">534.94</data></row><row><data column="Variable Features">freq;1900.0,tr;1</data><data column="Performance">4592.69</data></row><row><data column="Variable Features">freq;1900.0,tr;2</data><data column="Performance">2496.33</data></row><row><data column="Variable Features">freq;1900.0,tr;3</data><data column="Performance">1411.49</data></row><row><data column="Variable Features">freq;1900.0,tr;4</data><data column="Performance">868.63</data></row><row><data column="Variable Features">freq;1900.0,tr;5</data><data column="Performance">625.89</data></row><row><data column="Variable Features">freq;1900.0,tr;6</data><data column="Performance">544.02</data></row><row><data column="Variable Features">freq;2300.0,tr;1</data><data column="Performance">4021.78</data></row><row><data column="Variable Features">freq;2300.0,tr;2</data><data column="Performance">2252.28</data></row><row><data column="Variable Features">freq;2300.0,tr;3</data><data column="Performance">1307.9</data></row><row><data column="Variable Features">freq;2300.0,tr;4</data><data column="Performance">805.35</data></row><row><data column="Variable Features">freq;2300.0,tr;5</data><data column="Performance">614.84</data></row><row><data column="Variable Features">freq;2300.0,tr;6</data><data column="Performance">549.17</data></row><row><data column="Variable Features">freq;2500.0,tr;1</data><data column="Performance">3798.12</data></row><row><data column="Variable Features">freq;2500.0,tr;2</data><data column="Performance">2164.7</data></row><row><data column="Variable Features">freq;2500.0,tr;3</data><data column="Performance">1246.24</data></row><row><data column="Variable Features">freq;2500.0,tr;4</data><data column="Performance">803.89</data></row><row><data column="Variable Features">freq;2500.0,tr;5</data><data column="Performance">617.32</data></row><row><data column="Variable Features">freq;2500.0,tr;6</data><data column="Performance">561.0</data></row><row><data column="Variable Features">freq;2800.0,tr;1</data><data column="Performance">3504.23</data></row><row><data column="Variable Features">freq;2800.0,tr;2</data><data column="Performance">2040.65</data></row><row><data column="Variable Features">freq;2800.0,tr;3</data><data column="Performance">1209.09</data></row><row><data column="Variable Features">freq;2800.0,tr;4</data><data column="Performance">801.56</data></row><row><data column="Variable Features">freq;2800.0,tr;5</data><data column="Performance">631.51</data></row><row><data column="Variable Features">freq;2800.0,tr;6</data><data column="Performance">586.23</data></row><row><data column="Variable Features">freq;2900.0,tr;1</data><data column="Performance">3400.01</data></row><row><data column="Variable Features">freq;2900.0,tr;2</data><data column="Performance">1962.41</data></row><row><data column="Variable Features">freq;2900.0,tr;3</data><data column="Performance">1199.43</data></row><row><data column="Variable Features">freq;2900.0,tr;4</data><data column="Performance">800.64</data></row><row><data column="Variable Features">freq;2900.0,tr;5</data><data column="Performance">621.25</data></row><row><data column="Variable Features">freq;2900.0,tr;6</data><data column="Performance">570.71</data></row><row><data column="Variable Features">freq;2000.0,tr;1</data><data column="Performance">4468.09</data></row><row><data column="Variable Features">freq;2000.0,tr;2</data><data column="Performance">2428.88</data></row><row><data column="Variable Features">freq;2000.0,tr;3</data><data column="Performance">1396.83</data></row><row><data column="Variable Features">freq;2000.0,tr;4</data><data column="Performance">845.77</data></row><row><data column="Variable Features">freq;2000.0,tr;5</data><data column="Performance">604.03</data></row><row><data column="Variable Features">freq;2000.0,tr;6</data><data column="Performance">524.46</data></row></results>