<results><row><data column="Variable Features">freq;1200.0,tr;1</data><data column="Performance">2581.66</data></row><row><data column="Variable Features">freq;1200.0,tr;2</data><data column="Performance">1371.05</data></row><row><data column="Variable Features">freq;1200.0,tr;3</data><data column="Performance">753.7</data></row><row><data column="Variable Features">freq;1200.0,tr;4</data><data column="Performance">798.36</data></row><row><data column="Variable Features">freq;1200.0,tr;5</data><data column="Performance">1066.0</data></row><row><data column="Variable Features">freq;1200.0,tr;6</data><data column="Performance">1016.59</data></row><row><data column="Variable Features">freq;1600.0,tr;1</data><data column="Performance">2001.31</data></row><row><data column="Variable Features">freq;1600.0,tr;2</data><data column="Performance">1087.29</data></row><row><data column="Variable Features">freq;1600.0,tr;3</data><data column="Performance">608.7</data></row><row><data column="Variable Features">freq;1600.0,tr;4</data><data column="Performance">366.12</data></row><row><data column="Variable Features">freq;1600.0,tr;5</data><data column="Performance">840.01</data></row><row><data column="Variable Features">freq;1600.0,tr;6</data><data column="Performance">866.4</data></row><row><data column="Variable Features">freq;1800.0,tr;1</data><data column="Performance">1861.85</data></row><row><data column="Variable Features">freq;1800.0,tr;2</data><data column="Performance">1078.66</data></row><row><data column="Variable Features">freq;1800.0,tr;3</data><data column="Performance">601.8</data></row><row><data column="Variable Features">freq;1800.0,tr;4</data><data column="Performance">363.75</data></row><row><data column="Variable Features">freq;1800.0,tr;5</data><data column="Performance">767.4</data></row><row><data column="Variable Features">freq;1800.0,tr;6</data><data column="Performance">791.35</data></row><row><data column="Variable Features">freq;2200.0,tr;1</data><data column="Performance">1534.21</data></row><row><data column="Variable Features">freq;2200.0,tr;2</data><data column="Performance">926.98</data></row><row><data column="Variable Features">freq;2200.0,tr;3</data><data column="Performance">532.18</data></row><row><data column="Variable Features">freq;2200.0,tr;4</data><data column="Performance">438.41</data></row><row><data column="Variable Features">freq;2200.0,tr;5</data><data column="Performance">783.71</data></row><row><data column="Variable Features">freq;2200.0,tr;6</data><data column="Performance">694.72</data></row><row><data column="Variable Features">freq;2400.0,tr;1</data><data column="Performance">1434.95</data></row><row><data column="Variable Features">freq;2400.0,tr;2</data><data column="Performance">873.7</data></row><row><data column="Variable Features">freq;2400.0,tr;3</data><data column="Performance">510.07</data></row><row><data column="Variable Features">freq;2400.0,tr;4</data><data column="Performance">452.64</data></row><row><data column="Variable Features">freq;2400.0,tr;5</data><data column="Performance">709.59</data></row><row><data column="Variable Features">freq;2400.0,tr;6</data><data column="Performance">680.38</data></row><row><data column="Variable Features">freq;2700.0,tr;1</data><data column="Performance">1334.79</data></row><row><data column="Variable Features">freq;2700.0,tr;2</data><data column="Performance">810.38</data></row><row><data column="Variable Features">freq;2700.0,tr;3</data><data column="Performance">479.73</data></row><row><data column="Variable Features">freq;2700.0,tr;4</data><data column="Performance">363.36</data></row><row><data column="Variable Features">freq;2700.0,tr;5</data><data column="Performance">610.67</data></row><row><data column="Variable Features">freq;2700.0,tr;6</data><data column="Performance">733.95</data></row><row><data column="Variable Features">freq;3000.0,tr;1</data><data column="Performance">1335.63</data></row><row><data column="Variable Features">freq;3000.0,tr;2</data><data column="Performance">792.31</data></row><row><data column="Variable Features">freq;3000.0,tr;3</data><data column="Performance">491.33</data></row><row><data column="Variable Features">freq;3000.0,tr;4</data><data column="Performance">643.37</data></row><row><data column="Variable Features">freq;3000.0,tr;5</data><data column="Performance">734.47</data></row><row><data column="Variable Features">freq;3000.0,tr;6</data><data column="Performance">771.13</data></row><row><data column="Variable Features">freq;1300.0,tr;1</data><data column="Performance">2457.17</data></row><row><data column="Variable Features">freq;1300.0,tr;2</data><data column="Performance">1405.45</data></row><row><data column="Variable Features">freq;1300.0,tr;3</data><data column="Performance">785.84</data></row><row><data column="Variable Features">freq;1300.0,tr;4</data><data column="Performance">641.86</data></row><row><data column="Variable Features">freq;1300.0,tr;5</data><data column="Performance">856.47</data></row><row><data column="Variable Features">freq;1300.0,tr;6</data><data column="Performance">973.47</data></row><row><data column="Variable Features">freq;1700.0,tr;1</data><data column="Performance">1851.91</data></row><row><data column="Variable Features">freq;1700.0,tr;2</data><data column="Performance">1138.21</data></row><row><data column="Variable Features">freq;1700.0,tr;3</data><data column="Performance">640.3</data></row><row><data column="Variable Features">freq;1700.0,tr;4</data><data column="Performance">382.45</data></row><row><data column="Variable Features">freq;1700.0,tr;5</data><data column="Performance">638.29</data></row><row><data column="Variable Features">freq;1700.0,tr;6</data><data column="Performance">775.13</data></row><row><data column="Variable Features">freq;1900.0,tr;1</data><data column="Performance">1712.85</data></row><row><data column="Variable Features">freq;1900.0,tr;2</data><data column="Performance">1041.39</data></row><row><data column="Variable Features">freq;1900.0,tr;3</data><data column="Performance">596.68</data></row><row><data column="Variable Features">freq;1900.0,tr;4</data><data column="Performance">430.07</data></row><row><data column="Variable Features">freq;1900.0,tr;5</data><data column="Performance">548.47</data></row><row><data column="Variable Features">freq;1900.0,tr;6</data><data column="Performance">839.42</data></row><row><data column="Variable Features">freq;2300.0,tr;1</data><data column="Performance">1554.83</data></row><row><data column="Variable Features">freq;2300.0,tr;2</data><data column="Performance">917.76</data></row><row><data column="Variable Features">freq;2300.0,tr;3</data><data column="Performance">527.96</data></row><row><data column="Variable Features">freq;2300.0,tr;4</data><data column="Performance">336.8</data></row><row><data column="Variable Features">freq;2300.0,tr;5</data><data column="Performance">674.0</data></row><row><data column="Variable Features">freq;2300.0,tr;6</data><data column="Performance">633.01</data></row><row><data column="Variable Features">freq;2500.0,tr;1</data><data column="Performance">1445.75</data></row><row><data column="Variable Features">freq;2500.0,tr;2</data><data column="Performance">870.9</data></row><row><data column="Variable Features">freq;2500.0,tr;3</data><data column="Performance">507.85</data></row><row><data column="Variable Features">freq;2500.0,tr;4</data><data column="Performance">380.89</data></row><row><data column="Variable Features">freq;2500.0,tr;5</data><data column="Performance">704.46</data></row><row><data column="Variable Features">freq;2500.0,tr;6</data><data column="Performance">688.38</data></row><row><data column="Variable Features">freq;2800.0,tr;1</data><data column="Performance">1461.01</data></row><row><data column="Variable Features">freq;2800.0,tr;2</data><data column="Performance">808.45</data></row><row><data column="Variable Features">freq;2800.0,tr;3</data><data column="Performance">486.02</data></row><row><data column="Variable Features">freq;2800.0,tr;4</data><data column="Performance">498.82</data></row><row><data column="Variable Features">freq;2800.0,tr;5</data><data column="Performance">594.18</data></row><row><data column="Variable Features">freq;2800.0,tr;6</data><data column="Performance">715.2</data></row><row><data column="Variable Features">freq;1400.0,tr;1</data><data column="Performance">2188.73</data></row><row><data column="Variable Features">freq;1400.0,tr;2</data><data column="Performance">1325.48</data></row><row><data column="Variable Features">freq;1400.0,tr;3</data><data column="Performance">736.29</data></row><row><data column="Variable Features">freq;1400.0,tr;4</data><data column="Performance">537.89</data></row><row><data column="Variable Features">freq;1400.0,tr;5</data><data column="Performance">891.11</data></row><row><data column="Variable Features">freq;1400.0,tr;6</data><data column="Performance">793.94</data></row><row><data column="Variable Features">freq;2900.0,tr;1</data><data column="Performance">1297.34</data></row><row><data column="Variable Features">freq;2900.0,tr;2</data><data column="Performance">797.01</data></row><row><data column="Variable Features">freq;2900.0,tr;3</data><data column="Performance">484.02</data></row><row><data column="Variable Features">freq;2900.0,tr;4</data><data column="Performance">322.21</data></row><row><data column="Variable Features">freq;2900.0,tr;5</data><data column="Performance">550.3</data></row><row><data column="Variable Features">freq;2900.0,tr;6</data><data column="Performance">556.1</data></row><row><data column="Variable Features">freq;2000.0,tr;1</data><data column="Performance">1636.86</data></row><row><data column="Variable Features">freq;2000.0,tr;2</data><data column="Performance">991.26</data></row><row><data column="Variable Features">freq;2000.0,tr;3</data><data column="Performance">567.54</data></row><row><data column="Variable Features">freq;2000.0,tr;4</data><data column="Performance">502.23</data></row><row><data column="Variable Features">freq;2000.0,tr;5</data><data column="Performance">648.58</data></row><row><data column="Variable Features">freq;2000.0,tr;6</data><data column="Performance">683.67</data></row></results>