<results><row><data column="Variable Features">freq;1200.0,tr;1</data><data column="Performance">2322.75</data></row><row><data column="Variable Features">freq;1200.0,tr;2</data><data column="Performance">1437.4</data></row><row><data column="Variable Features">freq;1200.0,tr;3</data><data column="Performance">983.94</data></row><row><data column="Variable Features">freq;1200.0,tr;4</data><data column="Performance">752.66</data></row><row><data column="Variable Features">freq;1200.0,tr;5</data><data column="Performance">633.7</data></row><row><data column="Variable Features">freq;1200.0,tr;6</data><data column="Performance">635.31</data></row><row><data column="Variable Features">freq;1300.0,tr;1</data><data column="Performance">2154.43</data></row><row><data column="Variable Features">freq;1300.0,tr;2</data><data column="Performance">1338.51</data></row><row><data column="Variable Features">freq;1300.0,tr;3</data><data column="Performance">917.33</data></row><row><data column="Variable Features">freq;1300.0,tr;4</data><data column="Performance">703.62</data></row><row><data column="Variable Features">freq;1300.0,tr;5</data><data column="Performance">594.94</data></row><row><data column="Variable Features">freq;1300.0,tr;6</data><data column="Performance">594.62</data></row><row><data column="Variable Features">freq;1400.0,tr;1</data><data column="Performance">2016.64</data></row><row><data column="Variable Features">freq;1400.0,tr;2</data><data column="Performance">1254.03</data></row><row><data column="Variable Features">freq;1400.0,tr;3</data><data column="Performance">861.32</data></row><row><data column="Variable Features">freq;1400.0,tr;4</data><data column="Performance">660.7</data></row><row><data column="Variable Features">freq;1400.0,tr;5</data><data column="Performance">561.31</data></row><row><data column="Variable Features">freq;1400.0,tr;6</data><data column="Performance">562.2</data></row><row><data column="Variable Features">freq;1600.0,tr;1</data><data column="Performance">1791.94</data></row><row><data column="Variable Features">freq;1600.0,tr;2</data><data column="Performance">1126.87</data></row><row><data column="Variable Features">freq;1600.0,tr;3</data><data column="Performance">771.36</data></row><row><data column="Variable Features">freq;1600.0,tr;4</data><data column="Performance">598.82</data></row><row><data column="Variable Features">freq;1600.0,tr;5</data><data column="Performance">511.8</data></row><row><data column="Variable Features">freq;1600.0,tr;6</data><data column="Performance">512.05</data></row><row><data column="Variable Features">freq;1700.0,tr;1</data><data column="Performance">1700.42</data></row><row><data column="Variable Features">freq;1700.0,tr;2</data><data column="Performance">1070.22</data></row><row><data column="Variable Features">freq;1700.0,tr;3</data><data column="Performance">736.32</data></row><row><data column="Variable Features">freq;1700.0,tr;4</data><data column="Performance">569.91</data></row><row><data column="Variable Features">freq;1700.0,tr;5</data><data column="Performance">489.87</data></row><row><data column="Variable Features">freq;1700.0,tr;6</data><data column="Performance">488.47</data></row><row><data column="Variable Features">freq;1800.0,tr;1</data><data column="Performance">1621.91</data></row><row><data column="Variable Features">freq;1800.0,tr;2</data><data column="Performance">1022.44</data></row><row><data column="Variable Features">freq;1800.0,tr;3</data><data column="Performance">705.53</data></row><row><data column="Variable Features">freq;1800.0,tr;4</data><data column="Performance">549.71</data></row><row><data column="Variable Features">freq;1800.0,tr;5</data><data column="Performance">470.67</data></row><row><data column="Variable Features">freq;1800.0,tr;6</data><data column="Performance">471.16</data></row><row><data column="Variable Features">freq;1900.0,tr;1</data><data column="Performance">1552.89</data></row><row><data column="Variable Features">freq;1900.0,tr;2</data><data column="Performance">982.56</data></row><row><data column="Variable Features">freq;1900.0,tr;3</data><data column="Performance">677.55</data></row><row><data column="Variable Features">freq;1900.0,tr;4</data><data column="Performance">527.76</data></row><row><data column="Variable Features">freq;1900.0,tr;5</data><data column="Performance">457.54</data></row><row><data column="Variable Features">freq;1900.0,tr;6</data><data column="Performance">455.21</data></row><row><data column="Variable Features">freq;2000.0,tr;1</data><data column="Performance">1500.37</data></row><row><data column="Variable Features">freq;2000.0,tr;2</data><data column="Performance">947.49</data></row><row><data column="Variable Features">freq;2000.0,tr;3</data><data column="Performance">657.93</data></row><row><data column="Variable Features">freq;2000.0,tr;4</data><data column="Performance">513.03</data></row><row><data column="Variable Features">freq;2000.0,tr;5</data><data column="Performance">441.89</data></row><row><data column="Variable Features">freq;2000.0,tr;6</data><data column="Performance">442.74</data></row><row><data column="Variable Features">freq;2200.0,tr;1</data><data column="Performance">1391.82</data></row><row><data column="Variable Features">freq;2200.0,tr;2</data><data column="Performance">877.55</data></row><row><data column="Variable Features">freq;2200.0,tr;3</data><data column="Performance">612.63</data></row><row><data column="Variable Features">freq;2200.0,tr;4</data><data column="Performance">482.68</data></row><row><data column="Variable Features">freq;2200.0,tr;5</data><data column="Performance">421.34</data></row><row><data column="Variable Features">freq;2200.0,tr;6</data><data column="Performance">421.22</data></row><row><data column="Variable Features">freq;2300.0,tr;1</data><data column="Performance">1342.68</data></row><row><data column="Variable Features">freq;2300.0,tr;2</data><data column="Performance">851.47</data></row><row><data column="Variable Features">freq;2300.0,tr;3</data><data column="Performance">594.94</data></row><row><data column="Variable Features">freq;2300.0,tr;4</data><data column="Performance">468.91</data></row><row><data column="Variable Features">freq;2300.0,tr;5</data><data column="Performance">410.67</data></row><row><data column="Variable Features">freq;2300.0,tr;6</data><data column="Performance">410.7</data></row><row><data column="Variable Features">freq;2400.0,tr;1</data><data column="Performance">1301.38</data></row><row><data column="Variable Features">freq;2400.0,tr;2</data><data column="Performance">827.69</data></row><row><data column="Variable Features">freq;2400.0,tr;3</data><data column="Performance">578.34</data></row><row><data column="Variable Features">freq;2400.0,tr;4</data><data column="Performance">460.01</data></row><row><data column="Variable Features">freq;2400.0,tr;5</data><data column="Performance">402.36</data></row><row><data column="Variable Features">freq;2400.0,tr;6</data><data column="Performance">404.4</data></row><row><data column="Variable Features">freq;2500.0,tr;1</data><data column="Performance">1260.96</data></row><row><data column="Variable Features">freq;2500.0,tr;2</data><data column="Performance">802.23</data></row><row><data column="Variable Features">freq;2500.0,tr;3</data><data column="Performance">566.29</data></row><row><data column="Variable Features">freq;2500.0,tr;4</data><data column="Performance">448.24</data></row><row><data column="Variable Features">freq;2500.0,tr;5</data><data column="Performance">396.52</data></row><row><data column="Variable Features">freq;2500.0,tr;6</data><data column="Performance">397.67</data></row><row><data column="Variable Features">freq;2700.0,tr;1</data><data column="Performance">1196.84</data></row><row><data column="Variable Features">freq;2700.0,tr;2</data><data column="Performance">764.07</data></row><row><data column="Variable Features">freq;2700.0,tr;3</data><data column="Performance">541.35</data></row><row><data column="Variable Features">freq;2700.0,tr;4</data><data column="Performance">433.05</data></row><row><data column="Variable Features">freq;2700.0,tr;5</data><data column="Performance">389.03</data></row><row><data column="Variable Features">freq;2700.0,tr;6</data><data column="Performance">387.73</data></row><row><data column="Variable Features">freq;2800.0,tr;1</data><data column="Performance">1166.25</data></row><row><data column="Variable Features">freq;2800.0,tr;2</data><data column="Performance">750.59</data></row><row><data column="Variable Features">freq;2800.0,tr;3</data><data column="Performance">531.17</data></row><row><data column="Variable Features">freq;2800.0,tr;4</data><data column="Performance">427.53</data></row><row><data column="Variable Features">freq;2800.0,tr;5</data><data column="Performance">383.93</data></row><row><data column="Variable Features">freq;2800.0,tr;6</data><data column="Performance">387.47</data></row><row><data column="Variable Features">freq;2900.0,tr;1</data><data column="Performance">1141.69</data></row><row><data column="Variable Features">freq;2900.0,tr;2</data><data column="Performance">732.0</data></row><row><data column="Variable Features">freq;2900.0,tr;3</data><data column="Performance">523.47</data></row><row><data column="Variable Features">freq;2900.0,tr;4</data><data column="Performance">422.59</data></row><row><data column="Variable Features">freq;2900.0,tr;5</data><data column="Performance">383.18</data></row><row><data column="Variable Features">freq;2900.0,tr;6</data><data column="Performance">382.18</data></row><row><data column="Variable Features">freq;3000.0,tr;1</data><data column="Performance">1069.19</data></row><row><data column="Variable Features">freq;3000.0,tr;2</data><data column="Performance">711.22</data></row><row><data column="Variable Features">freq;3000.0,tr;3</data><data column="Performance">521.73</data></row><row><data column="Variable Features">freq;3000.0,tr;4</data><data column="Performance">428.47</data></row><row><data column="Variable Features">freq;3000.0,tr;5</data><data column="Performance">397.14</data></row><row><data column="Variable Features">freq;3000.0,tr;6</data><data column="Performance">401.29</data></row></results>