<results><row><data column="Variable Features">freq;1200.0,tr;1</data><data column="Performance">434.79</data></row><row><data column="Variable Features">freq;1200.0,tr;2</data><data column="Performance">362.8</data></row><row><data column="Variable Features">freq;1200.0,tr;3</data><data column="Performance">364.49</data></row><row><data column="Variable Features">freq;1200.0,tr;4</data><data column="Performance">364.08</data></row><row><data column="Variable Features">freq;1200.0,tr;5</data><data column="Performance">375.93</data></row><row><data column="Variable Features">freq;1200.0,tr;6</data><data column="Performance">357.0</data></row><row><data column="Variable Features">freq;1600.0,tr;1</data><data column="Performance">342.54</data></row><row><data column="Variable Features">freq;1600.0,tr;2</data><data column="Performance">304.12</data></row><row><data column="Variable Features">freq;1600.0,tr;3</data><data column="Performance">303.94</data></row><row><data column="Variable Features">freq;1600.0,tr;4</data><data column="Performance">308.53</data></row><row><data column="Variable Features">freq;1600.0,tr;5</data><data column="Performance">300.91</data></row><row><data column="Variable Features">freq;1600.0,tr;6</data><data column="Performance">298.47</data></row><row><data column="Variable Features">freq;1800.0,tr;1</data><data column="Performance">317.8</data></row><row><data column="Variable Features">freq;1800.0,tr;2</data><data column="Performance">286.64</data></row><row><data column="Variable Features">freq;1800.0,tr;3</data><data column="Performance">283.83</data></row><row><data column="Variable Features">freq;1800.0,tr;4</data><data column="Performance">282.5</data></row><row><data column="Variable Features">freq;1800.0,tr;5</data><data column="Performance">289.23</data></row><row><data column="Variable Features">freq;1800.0,tr;6</data><data column="Performance">279.47</data></row><row><data column="Variable Features">freq;2200.0,tr;1</data><data column="Performance">291.59</data></row><row><data column="Variable Features">freq;2200.0,tr;2</data><data column="Performance">260.11</data></row><row><data column="Variable Features">freq;2200.0,tr;3</data><data column="Performance">253.69</data></row><row><data column="Variable Features">freq;2200.0,tr;4</data><data column="Performance">256.41</data></row><row><data column="Variable Features">freq;2200.0,tr;5</data><data column="Performance">257.54</data></row><row><data column="Variable Features">freq;2200.0,tr;6</data><data column="Performance">256.82</data></row><row><data column="Variable Features">freq;2400.0,tr;1</data><data column="Performance">275.1</data></row><row><data column="Variable Features">freq;2400.0,tr;2</data><data column="Performance">254.18</data></row><row><data column="Variable Features">freq;2400.0,tr;3</data><data column="Performance">251.71</data></row><row><data column="Variable Features">freq;2400.0,tr;4</data><data column="Performance">254.92</data></row><row><data column="Variable Features">freq;2400.0,tr;5</data><data column="Performance">250.78</data></row><row><data column="Variable Features">freq;2400.0,tr;6</data><data column="Performance">249.22</data></row><row><data column="Variable Features">freq;2700.0,tr;1</data><data column="Performance">264.03</data></row><row><data column="Variable Features">freq;2700.0,tr;2</data><data column="Performance">242.1</data></row><row><data column="Variable Features">freq;2700.0,tr;3</data><data column="Performance">239.76</data></row><row><data column="Variable Features">freq;2700.0,tr;4</data><data column="Performance">254.01</data></row><row><data column="Variable Features">freq;2700.0,tr;5</data><data column="Performance">242.6</data></row><row><data column="Variable Features">freq;2700.0,tr;6</data><data column="Performance">250.67</data></row><row><data column="Variable Features">freq;3000.0,tr;1</data><data column="Performance">249.34</data></row><row><data column="Variable Features">freq;3000.0,tr;2</data><data column="Performance">265.5</data></row><row><data column="Variable Features">freq;3000.0,tr;3</data><data column="Performance">268.48</data></row><row><data column="Variable Features">freq;3000.0,tr;4</data><data column="Performance">266.69</data></row><row><data column="Variable Features">freq;3000.0,tr;5</data><data column="Performance">272.1</data></row><row><data column="Variable Features">freq;3000.0,tr;6</data><data column="Performance">265.64</data></row><row><data column="Variable Features">freq;1300.0,tr;1</data><data column="Performance">411.79</data></row><row><data column="Variable Features">freq;1300.0,tr;2</data><data column="Performance">355.22</data></row><row><data column="Variable Features">freq;1300.0,tr;3</data><data column="Performance">351.85</data></row><row><data column="Variable Features">freq;1300.0,tr;4</data><data column="Performance">348.81</data></row><row><data column="Variable Features">freq;1300.0,tr;5</data><data column="Performance">354.92</data></row><row><data column="Variable Features">freq;1300.0,tr;6</data><data column="Performance">353.42</data></row><row><data column="Variable Features">freq;1700.0,tr;1</data><data column="Performance">342.33</data></row><row><data column="Variable Features">freq;1700.0,tr;2</data><data column="Performance">299.99</data></row><row><data column="Variable Features">freq;1700.0,tr;3</data><data column="Performance">305.41</data></row><row><data column="Variable Features">freq;1700.0,tr;4</data><data column="Performance">300.62</data></row><row><data column="Variable Features">freq;1700.0,tr;5</data><data column="Performance">302.42</data></row><row><data column="Variable Features">freq;1700.0,tr;6</data><data column="Performance">314.87</data></row><row><data column="Variable Features">freq;1900.0,tr;1</data><data column="Performance">318.74</data></row><row><data column="Variable Features">freq;1900.0,tr;2</data><data column="Performance">291.94</data></row><row><data column="Variable Features">freq;1900.0,tr;3</data><data column="Performance">296.7</data></row><row><data column="Variable Features">freq;1900.0,tr;4</data><data column="Performance">294.85</data></row><row><data column="Variable Features">freq;1900.0,tr;5</data><data column="Performance">283.22</data></row><row><data column="Variable Features">freq;1900.0,tr;6</data><data column="Performance">290.77</data></row><row><data column="Variable Features">freq;2300.0,tr;1</data><data column="Performance">288.25</data></row><row><data column="Variable Features">freq;2300.0,tr;2</data><data column="Performance">258.85</data></row><row><data column="Variable Features">freq;2300.0,tr;3</data><data column="Performance">262.08</data></row><row><data column="Variable Features">freq;2300.0,tr;4</data><data column="Performance">257.63</data></row><row><data column="Variable Features">freq;2300.0,tr;5</data><data column="Performance">264.73</data></row><row><data column="Variable Features">freq;2300.0,tr;6</data><data column="Performance">264.28</data></row><row><data column="Variable Features">freq;2500.0,tr;1</data><data column="Performance">268.19</data></row><row><data column="Variable Features">freq;2500.0,tr;2</data><data column="Performance">259.88</data></row><row><data column="Variable Features">freq;2500.0,tr;3</data><data column="Performance">262.07</data></row><row><data column="Variable Features">freq;2500.0,tr;4</data><data column="Performance">258.91</data></row><row><data column="Variable Features">freq;2500.0,tr;5</data><data column="Performance">257.68</data></row><row><data column="Variable Features">freq;2500.0,tr;6</data><data column="Performance">265.45</data></row><row><data column="Variable Features">freq;2800.0,tr;1</data><data column="Performance">252.17</data></row><row><data column="Variable Features">freq;2800.0,tr;2</data><data column="Performance">250.38</data></row><row><data column="Variable Features">freq;2800.0,tr;3</data><data column="Performance">250.03</data></row><row><data column="Variable Features">freq;2800.0,tr;4</data><data column="Performance">250.16</data></row><row><data column="Variable Features">freq;2800.0,tr;5</data><data column="Performance">249.01</data></row><row><data column="Variable Features">freq;2800.0,tr;6</data><data column="Performance">247.61</data></row><row><data column="Variable Features">freq;1400.0,tr;1</data><data column="Performance">394.64</data></row><row><data column="Variable Features">freq;1400.0,tr;2</data><data column="Performance">340.51</data></row><row><data column="Variable Features">freq;1400.0,tr;3</data><data column="Performance">353.62</data></row><row><data column="Variable Features">freq;1400.0,tr;4</data><data column="Performance">338.86</data></row><row><data column="Variable Features">freq;1400.0,tr;5</data><data column="Performance">346.63</data></row><row><data column="Variable Features">freq;1400.0,tr;6</data><data column="Performance">333.07</data></row><row><data column="Variable Features">freq;2900.0,tr;1</data><data column="Performance">256.13</data></row><row><data column="Variable Features">freq;2900.0,tr;2</data><data column="Performance">248.34</data></row><row><data column="Variable Features">freq;2900.0,tr;3</data><data column="Performance">252.79</data></row><row><data column="Variable Features">freq;2900.0,tr;4</data><data column="Performance">250.41</data></row><row><data column="Variable Features">freq;2900.0,tr;5</data><data column="Performance">255.91</data></row><row><data column="Variable Features">freq;2900.0,tr;6</data><data column="Performance">252.06</data></row><row><data column="Variable Features">freq;2000.0,tr;1</data><data column="Performance">307.9</data></row><row><data column="Variable Features">freq;2000.0,tr;2</data><data column="Performance">277.83</data></row><row><data column="Variable Features">freq;2000.0,tr;3</data><data column="Performance">281.9</data></row><row><data column="Variable Features">freq;2000.0,tr;4</data><data column="Performance">282.95</data></row><row><data column="Variable Features">freq;2000.0,tr;5</data><data column="Performance">285.23</data></row><row><data column="Variable Features">freq;2000.0,tr;6</data><data column="Performance">279.11</data></row></results>