<results><row><data column="Variable Features">freq;1200.0,tr;1</data><data column="Performance">18472.79</data></row><row><data column="Variable Features">freq;1200.0,tr;2</data><data column="Performance">10106.77</data></row><row><data column="Variable Features">freq;1200.0,tr;3</data><data column="Performance">6037.52</data></row><row><data column="Variable Features">freq;1200.0,tr;4</data><data column="Performance">4007.96</data></row><row><data column="Variable Features">freq;1200.0,tr;5</data><data column="Performance">2850.74</data></row><row><data column="Variable Features">freq;1200.0,tr;6</data><data column="Performance">2815.41</data></row><row><data column="Variable Features">freq;1600.0,tr;1</data><data column="Performance">15029.12</data></row><row><data column="Variable Features">freq;1600.0,tr;2</data><data column="Performance">8396.1</data></row><row><data column="Variable Features">freq;1600.0,tr;3</data><data column="Performance">5133.78</data></row><row><data column="Variable Features">freq;1600.0,tr;4</data><data column="Performance">3444.43</data></row><row><data column="Variable Features">freq;1600.0,tr;5</data><data column="Performance">2444.93</data></row><row><data column="Variable Features">freq;1600.0,tr;6</data><data column="Performance">2502.25</data></row><row><data column="Variable Features">freq;1800.0,tr;1</data><data column="Performance">14082.09</data></row><row><data column="Variable Features">freq;1800.0,tr;2</data><data column="Performance">7893.59</data></row><row><data column="Variable Features">freq;1800.0,tr;3</data><data column="Performance">4900.54</data></row><row><data column="Variable Features">freq;1800.0,tr;4</data><data column="Performance">3362.21</data></row><row><data column="Variable Features">freq;1800.0,tr;5</data><data column="Performance">2411.07</data></row><row><data column="Variable Features">freq;1800.0,tr;6</data><data column="Performance">2416.06</data></row><row><data column="Variable Features">freq;2200.0,tr;1</data><data column="Performance">12658.92</data></row><row><data column="Variable Features">freq;2200.0,tr;2</data><data column="Performance">7293.05</data></row><row><data column="Variable Features">freq;2200.0,tr;3</data><data column="Performance">4584.79</data></row><row><data column="Variable Features">freq;2200.0,tr;4</data><data column="Performance">3179.12</data></row><row><data column="Variable Features">freq;2200.0,tr;5</data><data column="Performance">2328.08</data></row><row><data column="Variable Features">freq;2200.0,tr;6</data><data column="Performance">2352.49</data></row><row><data column="Variable Features">freq;2400.0,tr;1</data><data column="Performance">12005.07</data></row><row><data column="Variable Features">freq;2400.0,tr;2</data><data column="Performance">7076.11</data></row><row><data column="Variable Features">freq;2400.0,tr;3</data><data column="Performance">4472.29</data></row><row><data column="Variable Features">freq;2400.0,tr;4</data><data column="Performance">3197.98</data></row><row><data column="Variable Features">freq;2400.0,tr;5</data><data column="Performance">2334.61</data></row><row><data column="Variable Features">freq;2400.0,tr;6</data><data column="Performance">2395.02</data></row><row><data column="Variable Features">freq;2700.0,tr;1</data><data column="Performance">11453.48</data></row><row><data column="Variable Features">freq;2700.0,tr;2</data><data column="Performance">6911.36</data></row><row><data column="Variable Features">freq;2700.0,tr;3</data><data column="Performance">4410.72</data></row><row><data column="Variable Features">freq;2700.0,tr;4</data><data column="Performance">3247.93</data></row><row><data column="Variable Features">freq;2700.0,tr;5</data><data column="Performance">2373.68</data></row><row><data column="Variable Features">freq;2700.0,tr;6</data><data column="Performance">2496.46</data></row><row><data column="Variable Features">freq;3000.0,tr;1</data><data column="Performance">10903.15</data></row><row><data column="Variable Features">freq;3000.0,tr;2</data><data column="Performance">7127.01</data></row><row><data column="Variable Features">freq;3000.0,tr;3</data><data column="Performance">4746.67</data></row><row><data column="Variable Features">freq;3000.0,tr;4</data><data column="Performance">3678.15</data></row><row><data column="Variable Features">freq;3000.0,tr;5</data><data column="Performance">2848.16</data></row><row><data column="Variable Features">freq;3000.0,tr;6</data><data column="Performance">2840.6</data></row><row><data column="Variable Features">freq;1300.0,tr;1</data><data column="Performance">17560.73</data></row><row><data column="Variable Features">freq;1300.0,tr;2</data><data column="Performance">10160.38</data></row><row><data column="Variable Features">freq;1300.0,tr;3</data><data column="Performance">6004.86</data></row><row><data column="Variable Features">freq;1300.0,tr;4</data><data column="Performance">4112.16</data></row><row><data column="Variable Features">freq;1300.0,tr;5</data><data column="Performance">2793.04</data></row><row><data column="Variable Features">freq;1300.0,tr;6</data><data column="Performance">2863.22</data></row><row><data column="Variable Features">freq;1700.0,tr;1</data><data column="Performance">14424.49</data></row><row><data column="Variable Features">freq;1700.0,tr;2</data><data column="Performance">8114.22</data></row><row><data column="Variable Features">freq;1700.0,tr;3</data><data column="Performance">5002.59</data></row><row><data column="Variable Features">freq;1700.0,tr;4</data><data column="Performance">3391.87</data></row><row><data column="Variable Features">freq;1700.0,tr;5</data><data column="Performance">2385.48</data></row><row><data column="Variable Features">freq;1700.0,tr;6</data><data column="Performance">2471.46</data></row><row><data column="Variable Features">freq;1900.0,tr;1</data><data column="Performance">13744.85</data></row><row><data column="Variable Features">freq;1900.0,tr;2</data><data column="Performance">8390.9</data></row><row><data column="Variable Features">freq;1900.0,tr;3</data><data column="Performance">5239.3</data></row><row><data column="Variable Features">freq;1900.0,tr;4</data><data column="Performance">3598.48</data></row><row><data column="Variable Features">freq;1900.0,tr;5</data><data column="Performance">2625.18</data></row><row><data column="Variable Features">freq;1900.0,tr;6</data><data column="Performance">2658.03</data></row><row><data column="Variable Features">freq;2300.0,tr;1</data><data column="Performance">12616.71</data></row><row><data column="Variable Features">freq;2300.0,tr;2</data><data column="Performance">7729.38</data></row><row><data column="Variable Features">freq;2300.0,tr;3</data><data column="Performance">4981.73</data></row><row><data column="Variable Features">freq;2300.0,tr;4</data><data column="Performance">3492.43</data></row><row><data column="Variable Features">freq;2300.0,tr;5</data><data column="Performance">2640.75</data></row><row><data column="Variable Features">freq;2300.0,tr;6</data><data column="Performance">2612.87</data></row><row><data column="Variable Features">freq;2500.0,tr;1</data><data column="Performance">12137.08</data></row><row><data column="Variable Features">freq;2500.0,tr;2</data><data column="Performance">7353.83</data></row><row><data column="Variable Features">freq;2500.0,tr;3</data><data column="Performance">4914.33</data></row><row><data column="Variable Features">freq;2500.0,tr;4</data><data column="Performance">3530.6</data></row><row><data column="Variable Features">freq;2500.0,tr;5</data><data column="Performance">2649.51</data></row><row><data column="Variable Features">freq;2500.0,tr;6</data><data column="Performance">2654.29</data></row><row><data column="Variable Features">freq;2800.0,tr;1</data><data column="Performance">11508.02</data></row><row><data column="Variable Features">freq;2800.0,tr;2</data><data column="Performance">7162.68</data></row><row><data column="Variable Features">freq;2800.0,tr;3</data><data column="Performance">4885.73</data></row><row><data column="Variable Features">freq;2800.0,tr;4</data><data column="Performance">3565.03</data></row><row><data column="Variable Features">freq;2800.0,tr;5</data><data column="Performance">2795.56</data></row><row><data column="Variable Features">freq;2800.0,tr;6</data><data column="Performance">2773.4</data></row><row><data column="Variable Features">freq;1400.0,tr;1</data><data column="Performance">16675.34</data></row><row><data column="Variable Features">freq;1400.0,tr;2</data><data column="Performance">9788.41</data></row><row><data column="Variable Features">freq;1400.0,tr;3</data><data column="Performance">5780.74</data></row><row><data column="Variable Features">freq;1400.0,tr;4</data><data column="Performance">3937.02</data></row><row><data column="Variable Features">freq;1400.0,tr;5</data><data column="Performance">2741.52</data></row><row><data column="Variable Features">freq;1400.0,tr;6</data><data column="Performance">2764.84</data></row><row><data column="Variable Features">freq;2900.0,tr;1</data><data column="Performance">11354.65</data></row><row><data column="Variable Features">freq;2900.0,tr;2</data><data column="Performance">7191.18</data></row><row><data column="Variable Features">freq;2900.0,tr;3</data><data column="Performance">4936.88</data></row><row><data column="Variable Features">freq;2900.0,tr;4</data><data column="Performance">3677.53</data></row><row><data column="Variable Features">freq;2900.0,tr;5</data><data column="Performance">2840.76</data></row><row><data column="Variable Features">freq;2900.0,tr;6</data><data column="Performance">2853.32</data></row><row><data column="Variable Features">freq;2000.0,tr;1</data><data column="Performance">13201.81</data></row><row><data column="Variable Features">freq;2000.0,tr;2</data><data column="Performance">7497.01</data></row><row><data column="Variable Features">freq;2000.0,tr;3</data><data column="Performance">4679.71</data></row><row><data column="Variable Features">freq;2000.0,tr;4</data><data column="Performance">3282.77</data></row><row><data column="Variable Features">freq;2000.0,tr;5</data><data column="Performance">2367.02</data></row><row><data column="Variable Features">freq;2000.0,tr;6</data><data column="Performance">2371.99</data></row></results>