<results><row><data column="Variable Features">freq;1200.0,tr;1</data><data column="Performance">19930.79</data></row><row><data column="Variable Features">freq;1200.0,tr;2</data><data column="Performance">7902.83</data></row><row><data column="Variable Features">freq;1200.0,tr;3</data><data column="Performance">4082.73</data></row><row><data column="Variable Features">freq;1200.0,tr;4</data><data column="Performance">2371.29</data></row><row><data column="Variable Features">freq;1200.0,tr;5</data><data column="Performance">2820.69</data></row><row><data column="Variable Features">freq;1200.0,tr;6</data><data column="Performance">2928.28</data></row><row><data column="Variable Features">freq;1600.0,tr;1</data><data column="Performance">15725.4</data></row><row><data column="Variable Features">freq;1600.0,tr;2</data><data column="Performance">6307.71</data></row><row><data column="Variable Features">freq;1600.0,tr;3</data><data column="Performance">3323.93</data></row><row><data column="Variable Features">freq;1600.0,tr;4</data><data column="Performance">1954.88</data></row><row><data column="Variable Features">freq;1600.0,tr;5</data><data column="Performance">1790.42</data></row><row><data column="Variable Features">freq;1600.0,tr;6</data><data column="Performance">2074.63</data></row><row><data column="Variable Features">freq;1800.0,tr;1</data><data column="Performance">13698.96</data></row><row><data column="Variable Features">freq;1800.0,tr;2</data><data column="Performance">6627.12</data></row><row><data column="Variable Features">freq;1800.0,tr;3</data><data column="Performance">3323.63</data></row><row><data column="Variable Features">freq;1800.0,tr;4</data><data column="Performance">1964.96</data></row><row><data column="Variable Features">freq;1800.0,tr;5</data><data column="Performance">1884.5</data></row><row><data column="Variable Features">freq;1800.0,tr;6</data><data column="Performance">2004.82</data></row><row><data column="Variable Features">freq;2200.0,tr;1</data><data column="Performance">11701.66</data></row><row><data column="Variable Features">freq;2200.0,tr;2</data><data column="Performance">5674.86</data></row><row><data column="Variable Features">freq;2200.0,tr;3</data><data column="Performance">2891.86</data></row><row><data column="Variable Features">freq;2200.0,tr;4</data><data column="Performance">1849.22</data></row><row><data column="Variable Features">freq;2200.0,tr;5</data><data column="Performance">1991.44</data></row><row><data column="Variable Features">freq;2200.0,tr;6</data><data column="Performance">1568.19</data></row><row><data column="Variable Features">freq;2400.0,tr;1</data><data column="Performance">11069.51</data></row><row><data column="Variable Features">freq;2400.0,tr;2</data><data column="Performance">5427.19</data></row><row><data column="Variable Features">freq;2400.0,tr;3</data><data column="Performance">2745.33</data></row><row><data column="Variable Features">freq;2400.0,tr;4</data><data column="Performance">1729.81</data></row><row><data column="Variable Features">freq;2400.0,tr;5</data><data column="Performance">2353.68</data></row><row><data column="Variable Features">freq;2400.0,tr;6</data><data column="Performance">1617.73</data></row><row><data column="Variable Features">freq;2700.0,tr;1</data><data column="Performance">12126.91</data></row><row><data column="Variable Features">freq;2700.0,tr;2</data><data column="Performance">5550.85</data></row><row><data column="Variable Features">freq;2700.0,tr;3</data><data column="Performance">2876.42</data></row><row><data column="Variable Features">freq;2700.0,tr;4</data><data column="Performance">1741.19</data></row><row><data column="Variable Features">freq;2700.0,tr;5</data><data column="Performance">1695.11</data></row><row><data column="Variable Features">freq;2700.0,tr;6</data><data column="Performance">1446.24</data></row><row><data column="Variable Features">freq;3000.0,tr;1</data><data column="Performance">12667.04</data></row><row><data column="Variable Features">freq;3000.0,tr;2</data><data column="Performance">6090.63</data></row><row><data column="Variable Features">freq;3000.0,tr;3</data><data column="Performance">3225.34</data></row><row><data column="Variable Features">freq;3000.0,tr;4</data><data column="Performance">2206.89</data></row><row><data column="Variable Features">freq;3000.0,tr;5</data><data column="Performance">2258.7</data></row><row><data column="Variable Features">freq;3000.0,tr;6</data><data column="Performance">2367.81</data></row><row><data column="Variable Features">freq;1300.0,tr;1</data><data column="Performance">20075.84</data></row><row><data column="Variable Features">freq;1300.0,tr;2</data><data column="Performance">9059.65</data></row><row><data column="Variable Features">freq;1300.0,tr;3</data><data column="Performance">4385.28</data></row><row><data column="Variable Features">freq;1300.0,tr;4</data><data column="Performance">2529.73</data></row><row><data column="Variable Features">freq;1300.0,tr;5</data><data column="Performance">2348.85</data></row><row><data column="Variable Features">freq;1300.0,tr;6</data><data column="Performance">2499.81</data></row><row><data column="Variable Features">freq;1700.0,tr;1</data><data column="Performance">16003.06</data></row><row><data column="Variable Features">freq;1700.0,tr;2</data><data column="Performance">7516.19</data></row><row><data column="Variable Features">freq;1700.0,tr;3</data><data column="Performance">3696.34</data></row><row><data column="Variable Features">freq;1700.0,tr;4</data><data column="Performance">2219.32</data></row><row><data column="Variable Features">freq;1700.0,tr;5</data><data column="Performance">1840.45</data></row><row><data column="Variable Features">freq;1700.0,tr;6</data><data column="Performance">2008.96</data></row><row><data column="Variable Features">freq;1900.0,tr;1</data><data column="Performance">15666.63</data></row><row><data column="Variable Features">freq;1900.0,tr;2</data><data column="Performance">7034.6</data></row><row><data column="Variable Features">freq;1900.0,tr;3</data><data column="Performance">3491.92</data></row><row><data column="Variable Features">freq;1900.0,tr;4</data><data column="Performance">2079.35</data></row><row><data column="Variable Features">freq;1900.0,tr;5</data><data column="Performance">1927.17</data></row><row><data column="Variable Features">freq;1900.0,tr;6</data><data column="Performance">1612.93</data></row><row><data column="Variable Features">freq;2300.0,tr;1</data><data column="Performance">13884.32</data></row><row><data column="Variable Features">freq;2300.0,tr;2</data><data column="Performance">6339.52</data></row><row><data column="Variable Features">freq;2300.0,tr;3</data><data column="Performance">3240.68</data></row><row><data column="Variable Features">freq;2300.0,tr;4</data><data column="Performance">1994.13</data></row><row><data column="Variable Features">freq;2300.0,tr;5</data><data column="Performance">2056.29</data></row><row><data column="Variable Features">freq;2300.0,tr;6</data><data column="Performance">2063.38</data></row><row><data column="Variable Features">freq;2500.0,tr;1</data><data column="Performance">13768.1</data></row><row><data column="Variable Features">freq;2500.0,tr;2</data><data column="Performance">6171.92</data></row><row><data column="Variable Features">freq;2500.0,tr;3</data><data column="Performance">3162.83</data></row><row><data column="Variable Features">freq;2500.0,tr;4</data><data column="Performance">2005.54</data></row><row><data column="Variable Features">freq;2500.0,tr;5</data><data column="Performance">2010.98</data></row><row><data column="Variable Features">freq;2500.0,tr;6</data><data column="Performance">1939.34</data></row><row><data column="Variable Features">freq;2800.0,tr;1</data><data column="Performance">12966.4</data></row><row><data column="Variable Features">freq;2800.0,tr;2</data><data column="Performance">5971.19</data></row><row><data column="Variable Features">freq;2800.0,tr;3</data><data column="Performance">3090.02</data></row><row><data column="Variable Features">freq;2800.0,tr;4</data><data column="Performance">2016.45</data></row><row><data column="Variable Features">freq;2800.0,tr;5</data><data column="Performance">1698.79</data></row><row><data column="Variable Features">freq;2800.0,tr;6</data><data column="Performance">1967.47</data></row><row><data column="Variable Features">freq;1400.0,tr;1</data><data column="Performance">18262.21</data></row><row><data column="Variable Features">freq;1400.0,tr;2</data><data column="Performance">8523.11</data></row><row><data column="Variable Features">freq;1400.0,tr;3</data><data column="Performance">4160.25</data></row><row><data column="Variable Features">freq;1400.0,tr;4</data><data column="Performance">2428.12</data></row><row><data column="Variable Features">freq;1400.0,tr;5</data><data column="Performance">2443.11</data></row><row><data column="Variable Features">freq;1400.0,tr;6</data><data column="Performance">2393.77</data></row><row><data column="Variable Features">freq;2900.0,tr;1</data><data column="Performance">12532.52</data></row><row><data column="Variable Features">freq;2900.0,tr;2</data><data column="Performance">5920.74</data></row><row><data column="Variable Features">freq;2900.0,tr;3</data><data column="Performance">3108.55</data></row><row><data column="Variable Features">freq;2900.0,tr;4</data><data column="Performance">1946.09</data></row><row><data column="Variable Features">freq;2900.0,tr;5</data><data column="Performance">1944.21</data></row><row><data column="Variable Features">freq;2900.0,tr;6</data><data column="Performance">1642.45</data></row><row><data column="Variable Features">freq;2000.0,tr;1</data><data column="Performance">12408.44</data></row><row><data column="Variable Features">freq;2000.0,tr;2</data><data column="Performance">6037.63</data></row><row><data column="Variable Features">freq;2000.0,tr;3</data><data column="Performance">3043.41</data></row><row><data column="Variable Features">freq;2000.0,tr;4</data><data column="Performance">1907.29</data></row><row><data column="Variable Features">freq;2000.0,tr;5</data><data column="Performance">1964.43</data></row><row><data column="Variable Features">freq;2000.0,tr;6</data><data column="Performance">2099.54</data></row></results>