<results><row><data column="Variable Features">freq;1200.0,tr;1</data><data column="Performance">2318.61</data></row><row><data column="Variable Features">freq;1200.0,tr;2</data><data column="Performance">1439.41</data></row><row><data column="Variable Features">freq;1200.0,tr;3</data><data column="Performance">983.14</data></row><row><data column="Variable Features">freq;1200.0,tr;4</data><data column="Performance">738.08</data></row><row><data column="Variable Features">freq;1200.0,tr;5</data><data column="Performance">638.13</data></row><row><data column="Variable Features">freq;1200.0,tr;6</data><data column="Performance">640.37</data></row><row><data column="Variable Features">freq;1600.0,tr;1</data><data column="Performance">1795.1</data></row><row><data column="Variable Features">freq;1600.0,tr;2</data><data column="Performance">1126.6</data></row><row><data column="Variable Features">freq;1600.0,tr;3</data><data column="Performance">774.66</data></row><row><data column="Variable Features">freq;1600.0,tr;4</data><data column="Performance">596.68</data></row><row><data column="Variable Features">freq;1600.0,tr;5</data><data column="Performance">508.21</data></row><row><data column="Variable Features">freq;1600.0,tr;6</data><data column="Performance">509.7</data></row><row><data column="Variable Features">freq;1800.0,tr;1</data><data column="Performance">1623.94</data></row><row><data column="Variable Features">freq;1800.0,tr;2</data><data column="Performance">1023.97</data></row><row><data column="Variable Features">freq;1800.0,tr;3</data><data column="Performance">707.3</data></row><row><data column="Variable Features">freq;1800.0,tr;4</data><data column="Performance">540.06</data></row><row><data column="Variable Features">freq;1800.0,tr;5</data><data column="Performance">481.67</data></row><row><data column="Variable Features">freq;1800.0,tr;6</data><data column="Performance">479.35</data></row><row><data column="Variable Features">freq;2200.0,tr;1</data><data column="Performance">1389.56</data></row><row><data column="Variable Features">freq;2200.0,tr;2</data><data column="Performance">877.54</data></row><row><data column="Variable Features">freq;2200.0,tr;3</data><data column="Performance">611.83</data></row><row><data column="Variable Features">freq;2200.0,tr;4</data><data column="Performance">474.42</data></row><row><data column="Variable Features">freq;2200.0,tr;5</data><data column="Performance">432.47</data></row><row><data column="Variable Features">freq;2200.0,tr;6</data><data column="Performance">430.81</data></row><row><data column="Variable Features">freq;2400.0,tr;1</data><data column="Performance">1297.01</data></row><row><data column="Variable Features">freq;2400.0,tr;2</data><data column="Performance">826.79</data></row><row><data column="Variable Features">freq;2400.0,tr;3</data><data column="Performance">578.05</data></row><row><data column="Variable Features">freq;2400.0,tr;4</data><data column="Performance">450.18</data></row><row><data column="Variable Features">freq;2400.0,tr;5</data><data column="Performance">412.36</data></row><row><data column="Variable Features">freq;2400.0,tr;6</data><data column="Performance">414.93</data></row><row><data column="Variable Features">freq;2700.0,tr;1</data><data column="Performance">1198.64</data></row><row><data column="Variable Features">freq;2700.0,tr;2</data><data column="Performance">770.15</data></row><row><data column="Variable Features">freq;2700.0,tr;3</data><data column="Performance">497.57</data></row><row><data column="Variable Features">freq;2700.0,tr;4</data><data column="Performance">376.56</data></row><row><data column="Variable Features">freq;2700.0,tr;5</data><data column="Performance">382.19</data></row><row><data column="Variable Features">freq;2700.0,tr;6</data><data column="Performance">383.73</data></row><row><data column="Variable Features">freq;3000.0,tr;1</data><data column="Performance">1081.57</data></row><row><data column="Variable Features">freq;3000.0,tr;2</data><data column="Performance">722.31</data></row><row><data column="Variable Features">freq;3000.0,tr;3</data><data column="Performance">420.92</data></row><row><data column="Variable Features">freq;3000.0,tr;4</data><data column="Performance">378.79</data></row><row><data column="Variable Features">freq;3000.0,tr;5</data><data column="Performance">398.18</data></row><row><data column="Variable Features">freq;3000.0,tr;6</data><data column="Performance">389.42</data></row><row><data column="Variable Features">freq;1300.0,tr;1</data><data column="Performance">2150.63</data></row><row><data column="Variable Features">freq;1300.0,tr;2</data><data column="Performance">1335.88</data></row><row><data column="Variable Features">freq;1300.0,tr;3</data><data column="Performance">915.64</data></row><row><data column="Variable Features">freq;1300.0,tr;4</data><data column="Performance">689.52</data></row><row><data column="Variable Features">freq;1300.0,tr;5</data><data column="Performance">598.43</data></row><row><data column="Variable Features">freq;1300.0,tr;6</data><data column="Performance">598.15</data></row><row><data column="Variable Features">freq;1700.0,tr;1</data><data column="Performance">1702.84</data></row><row><data column="Variable Features">freq;1700.0,tr;2</data><data column="Performance">1078.89</data></row><row><data column="Variable Features">freq;1700.0,tr;3</data><data column="Performance">744.24</data></row><row><data column="Variable Features">freq;1700.0,tr;4</data><data column="Performance">565.52</data></row><row><data column="Variable Features">freq;1700.0,tr;5</data><data column="Performance">496.52</data></row><row><data column="Variable Features">freq;1700.0,tr;6</data><data column="Performance">491.69</data></row><row><data column="Variable Features">freq;1900.0,tr;1</data><data column="Performance">1554.45</data></row><row><data column="Variable Features">freq;1900.0,tr;2</data><data column="Performance">989.67</data></row><row><data column="Variable Features">freq;1900.0,tr;3</data><data column="Performance">684.7</data></row><row><data column="Variable Features">freq;1900.0,tr;4</data><data column="Performance">526.59</data></row><row><data column="Variable Features">freq;1900.0,tr;5</data><data column="Performance">461.82</data></row><row><data column="Variable Features">freq;1900.0,tr;6</data><data column="Performance">468.55</data></row><row><data column="Variable Features">freq;2300.0,tr;1</data><data column="Performance">1350.12</data></row><row><data column="Variable Features">freq;2300.0,tr;2</data><data column="Performance">860.24</data></row><row><data column="Variable Features">freq;2300.0,tr;3</data><data column="Performance">600.84</data></row><row><data column="Variable Features">freq;2300.0,tr;4</data><data column="Performance">480.26</data></row><row><data column="Variable Features">freq;2300.0,tr;5</data><data column="Performance">410.97</data></row><row><data column="Variable Features">freq;2300.0,tr;6</data><data column="Performance">415.35</data></row><row><data column="Variable Features">freq;2500.0,tr;1</data><data column="Performance">1268.24</data></row><row><data column="Variable Features">freq;2500.0,tr;2</data><data column="Performance">809.04</data></row><row><data column="Variable Features">freq;2500.0,tr;3</data><data column="Performance">576.11</data></row><row><data column="Variable Features">freq;2500.0,tr;4</data><data column="Performance">390.86</data></row><row><data column="Variable Features">freq;2500.0,tr;5</data><data column="Performance">398.31</data></row><row><data column="Variable Features">freq;2500.0,tr;6</data><data column="Performance">398.98</data></row><row><data column="Variable Features">freq;2800.0,tr;1</data><data column="Performance">1178.93</data></row><row><data column="Variable Features">freq;2800.0,tr;2</data><data column="Performance">758.09</data></row><row><data column="Variable Features">freq;2800.0,tr;3</data><data column="Performance">427.13</data></row><row><data column="Variable Features">freq;2800.0,tr;4</data><data column="Performance">376.55</data></row><row><data column="Variable Features">freq;2800.0,tr;5</data><data column="Performance">386.38</data></row><row><data column="Variable Features">freq;2800.0,tr;6</data><data column="Performance">392.02</data></row><row><data column="Variable Features">freq;1400.0,tr;1</data><data column="Performance">2022.83</data></row><row><data column="Variable Features">freq;1400.0,tr;2</data><data column="Performance">1260.85</data></row><row><data column="Variable Features">freq;1400.0,tr;3</data><data column="Performance">878.72</data></row><row><data column="Variable Features">freq;1400.0,tr;4</data><data column="Performance">568.99</data></row><row><data column="Variable Features">freq;1400.0,tr;5</data><data column="Performance">573.56</data></row><row><data column="Variable Features">freq;1400.0,tr;6</data><data column="Performance">569.86</data></row><row><data column="Variable Features">freq;2900.0,tr;1</data><data column="Performance">1143.28</data></row><row><data column="Variable Features">freq;2900.0,tr;2</data><data column="Performance">733.0</data></row><row><data column="Variable Features">freq;2900.0,tr;3</data><data column="Performance">520.78</data></row><row><data column="Variable Features">freq;2900.0,tr;4</data><data column="Performance">423.9</data></row><row><data column="Variable Features">freq;2900.0,tr;5</data><data column="Performance">386.97</data></row><row><data column="Variable Features">freq;2900.0,tr;6</data><data column="Performance">376.86</data></row><row><data column="Variable Features">freq;2000.0,tr;1</data><data column="Performance">1500.03</data></row><row><data column="Variable Features">freq;2000.0,tr;2</data><data column="Performance">944.77</data></row><row><data column="Variable Features">freq;2000.0,tr;3</data><data column="Performance">655.02</data></row><row><data column="Variable Features">freq;2000.0,tr;4</data><data column="Performance">512.5</data></row><row><data column="Variable Features">freq;2000.0,tr;5</data><data column="Performance">442.57</data></row><row><data column="Variable Features">freq;2000.0,tr;6</data><data column="Performance">440.78</data></row></results>