<results><row><data column="Variable Features">freq;1200.0,tr;1</data><data column="Performance">3371.38</data></row><row><data column="Variable Features">freq;1200.0,tr;2</data><data column="Performance">2975.81</data></row><row><data column="Variable Features">freq;1200.0,tr;3</data><data column="Performance">2104.75</data></row><row><data column="Variable Features">freq;1200.0,tr;4</data><data column="Performance">1481.75</data></row><row><data column="Variable Features">freq;1200.0,tr;5</data><data column="Performance">1050.09</data></row><row><data column="Variable Features">freq;1200.0,tr;6</data><data column="Performance">769.7</data></row><row><data column="Variable Features">freq;1600.0,tr;1</data><data column="Performance">2594.48</data></row><row><data column="Variable Features">freq;1600.0,tr;2</data><data column="Performance">2312.09</data></row><row><data column="Variable Features">freq;1600.0,tr;3</data><data column="Performance">1670.14</data></row><row><data column="Variable Features">freq;1600.0,tr;4</data><data column="Performance">1193.5</data></row><row><data column="Variable Features">freq;1600.0,tr;5</data><data column="Performance">852.07</data></row><row><data column="Variable Features">freq;1600.0,tr;6</data><data column="Performance">644.08</data></row><row><data column="Variable Features">freq;1800.0,tr;1</data><data column="Performance">2371.12</data></row><row><data column="Variable Features">freq;1800.0,tr;2</data><data column="Performance">2101.79</data></row><row><data column="Variable Features">freq;1800.0,tr;3</data><data column="Performance">1532.23</data></row><row><data column="Variable Features">freq;1800.0,tr;4</data><data column="Performance">1097.41</data></row><row><data column="Variable Features">freq;1800.0,tr;5</data><data column="Performance">795.9</data></row><row><data column="Variable Features">freq;1800.0,tr;6</data><data column="Performance">605.67</data></row><row><data column="Variable Features">freq;2200.0,tr;1</data><data column="Performance">2037.5</data></row><row><data column="Variable Features">freq;2200.0,tr;2</data><data column="Performance">1824.15</data></row><row><data column="Variable Features">freq;2200.0,tr;3</data><data column="Performance">1353.41</data></row><row><data column="Variable Features">freq;2200.0,tr;4</data><data column="Performance">985.15</data></row><row><data column="Variable Features">freq;2200.0,tr;5</data><data column="Performance">719.09</data></row><row><data column="Variable Features">freq;2200.0,tr;6</data><data column="Performance">553.67</data></row><row><data column="Variable Features">freq;2400.0,tr;1</data><data column="Performance">1906.51</data></row><row><data column="Variable Features">freq;2400.0,tr;2</data><data column="Performance">1733.08</data></row><row><data column="Variable Features">freq;2400.0,tr;3</data><data column="Performance">1297.29</data></row><row><data column="Variable Features">freq;2400.0,tr;4</data><data column="Performance">953.2</data></row><row><data column="Variable Features">freq;2400.0,tr;5</data><data column="Performance">692.53</data></row><row><data column="Variable Features">freq;2400.0,tr;6</data><data column="Performance">539.79</data></row><row><data column="Variable Features">freq;2700.0,tr;1</data><data column="Performance">1770.18</data></row><row><data column="Variable Features">freq;2700.0,tr;2</data><data column="Performance">1605.66</data></row><row><data column="Variable Features">freq;2700.0,tr;3</data><data column="Performance">1213.55</data></row><row><data column="Variable Features">freq;2700.0,tr;4</data><data column="Performance">898.96</data></row><row><data column="Variable Features">freq;2700.0,tr;5</data><data column="Performance">677.92</data></row><row><data column="Variable Features">freq;2700.0,tr;6</data><data column="Performance">533.99</data></row><row><data column="Variable Features">freq;3000.0,tr;1</data><data column="Performance">1623.68</data></row><row><data column="Variable Features">freq;3000.0,tr;2</data><data column="Performance">1511.47</data></row><row><data column="Variable Features">freq;3000.0,tr;3</data><data column="Performance">1165.83</data></row><row><data column="Variable Features">freq;3000.0,tr;4</data><data column="Performance">918.05</data></row><row><data column="Variable Features">freq;3000.0,tr;5</data><data column="Performance">700.33</data></row><row><data column="Variable Features">freq;3000.0,tr;6</data><data column="Performance">598.1</data></row><row><data column="Variable Features">freq;1300.0,tr;1</data><data column="Performance">3113.61</data></row><row><data column="Variable Features">freq;1300.0,tr;2</data><data column="Performance">2718.55</data></row><row><data column="Variable Features">freq;1300.0,tr;3</data><data column="Performance">1959.1</data></row><row><data column="Variable Features">freq;1300.0,tr;4</data><data column="Performance">1390.18</data></row><row><data column="Variable Features">freq;1300.0,tr;5</data><data column="Performance">974.65</data></row><row><data column="Variable Features">freq;1300.0,tr;6</data><data column="Performance">725.01</data></row><row><data column="Variable Features">freq;1700.0,tr;1</data><data column="Performance">2459.88</data></row><row><data column="Variable Features">freq;1700.0,tr;2</data><data column="Performance">2182.45</data></row><row><data column="Variable Features">freq;1700.0,tr;3</data><data column="Performance">1603.96</data></row><row><data column="Variable Features">freq;1700.0,tr;4</data><data column="Performance">1132.37</data></row><row><data column="Variable Features">freq;1700.0,tr;5</data><data column="Performance">827.78</data></row><row><data column="Variable Features">freq;1700.0,tr;6</data><data column="Performance">622.48</data></row><row><data column="Variable Features">freq;1900.0,tr;1</data><data column="Performance">2240.81</data></row><row><data column="Variable Features">freq;1900.0,tr;2</data><data column="Performance">2020.53</data></row><row><data column="Variable Features">freq;1900.0,tr;3</data><data column="Performance">1470.56</data></row><row><data column="Variable Features">freq;1900.0,tr;4</data><data column="Performance">1052.62</data></row><row><data column="Variable Features">freq;1900.0,tr;5</data><data column="Performance">769.15</data></row><row><data column="Variable Features">freq;1900.0,tr;6</data><data column="Performance">589.39</data></row><row><data column="Variable Features">freq;2300.0,tr;1</data><data column="Performance">1999.44</data></row><row><data column="Variable Features">freq;2300.0,tr;2</data><data column="Performance">1795.08</data></row><row><data column="Variable Features">freq;2300.0,tr;3</data><data column="Performance">1333.47</data></row><row><data column="Variable Features">freq;2300.0,tr;4</data><data column="Performance">973.77</data></row><row><data column="Variable Features">freq;2300.0,tr;5</data><data column="Performance">710.35</data></row><row><data column="Variable Features">freq;2300.0,tr;6</data><data column="Performance">560.21</data></row><row><data column="Variable Features">freq;2500.0,tr;1</data><data column="Performance">1885.48</data></row><row><data column="Variable Features">freq;2500.0,tr;2</data><data column="Performance">1714.72</data></row><row><data column="Variable Features">freq;2500.0,tr;3</data><data column="Performance">1257.31</data></row><row><data column="Variable Features">freq;2500.0,tr;4</data><data column="Performance">929.18</data></row><row><data column="Variable Features">freq;2500.0,tr;5</data><data column="Performance">697.35</data></row><row><data column="Variable Features">freq;2500.0,tr;6</data><data column="Performance">553.38</data></row><row><data column="Variable Features">freq;2800.0,tr;1</data><data column="Performance">1739.31</data></row><row><data column="Variable Features">freq;2800.0,tr;2</data><data column="Performance">1608.34</data></row><row><data column="Variable Features">freq;2800.0,tr;3</data><data column="Performance">1191.17</data></row><row><data column="Variable Features">freq;2800.0,tr;4</data><data column="Performance">888.61</data></row><row><data column="Variable Features">freq;2800.0,tr;5</data><data column="Performance">673.89</data></row><row><data column="Variable Features">freq;2800.0,tr;6</data><data column="Performance">538.28</data></row><row><data column="Variable Features">freq;1400.0,tr;1</data><data column="Performance">2931.31</data></row><row><data column="Variable Features">freq;1400.0,tr;2</data><data column="Performance">2580.75</data></row><row><data column="Variable Features">freq;1400.0,tr;3</data><data column="Performance">1854.25</data></row><row><data column="Variable Features">freq;1400.0,tr;4</data><data column="Performance">1312.77</data></row><row><data column="Variable Features">freq;1400.0,tr;5</data><data column="Performance">937.1</data></row><row><data column="Variable Features">freq;1400.0,tr;6</data><data column="Performance">692.42</data></row><row><data column="Variable Features">freq;2900.0,tr;1</data><data column="Performance">1704.52</data></row><row><data column="Variable Features">freq;2900.0,tr;2</data><data column="Performance">1570.69</data></row><row><data column="Variable Features">freq;2900.0,tr;3</data><data column="Performance">1158.35</data></row><row><data column="Variable Features">freq;2900.0,tr;4</data><data column="Performance">880.93</data></row><row><data column="Variable Features">freq;2900.0,tr;5</data><data column="Performance">668.12</data></row><row><data column="Variable Features">freq;2900.0,tr;6</data><data column="Performance">548.04</data></row><row><data column="Variable Features">freq;2000.0,tr;1</data><data column="Performance">2198.75</data></row><row><data column="Variable Features">freq;2000.0,tr;2</data><data column="Performance">1961.84</data></row><row><data column="Variable Features">freq;2000.0,tr;3</data><data column="Performance">1437.93</data></row><row><data column="Variable Features">freq;2000.0,tr;4</data><data column="Performance">1049.21</data></row><row><data column="Variable Features">freq;2000.0,tr;5</data><data column="Performance">754.33</data></row><row><data column="Variable Features">freq;2000.0,tr;6</data><data column="Performance">593.24</data></row></results>