<results><row><data column="Variable Features">freq;1200.0,tr;1</data><data column="Performance">947.41</data></row><row><data column="Variable Features">freq;1200.0,tr;2</data><data column="Performance">510.13</data></row><row><data column="Variable Features">freq;1200.0,tr;3</data><data column="Performance">290.06</data></row><row><data column="Variable Features">freq;1200.0,tr;4</data><data column="Performance">187.25</data></row><row><data column="Variable Features">freq;1200.0,tr;5</data><data column="Performance">129.22</data></row><row><data column="Variable Features">freq;1200.0,tr;6</data><data column="Performance">112.8</data></row><row><data column="Variable Features">freq;1600.0,tr;1</data><data column="Performance">752.61</data></row><row><data column="Variable Features">freq;1600.0,tr;2</data><data column="Performance">413.52</data></row><row><data column="Variable Features">freq;1600.0,tr;3</data><data column="Performance">243.64</data></row><row><data column="Variable Features">freq;1600.0,tr;4</data><data column="Performance">154.26</data></row><row><data column="Variable Features">freq;1600.0,tr;5</data><data column="Performance">114.07</data></row><row><data column="Variable Features">freq;1600.0,tr;6</data><data column="Performance">100.52</data></row><row><data column="Variable Features">freq;1800.0,tr;1</data><data column="Performance">676.61</data></row><row><data column="Variable Features">freq;1800.0,tr;2</data><data column="Performance">380.06</data></row><row><data column="Variable Features">freq;1800.0,tr;3</data><data column="Performance">234.14</data></row><row><data column="Variable Features">freq;1800.0,tr;4</data><data column="Performance">149.81</data></row><row><data column="Variable Features">freq;1800.0,tr;5</data><data column="Performance">113.77</data></row><row><data column="Variable Features">freq;1800.0,tr;6</data><data column="Performance">102.55</data></row><row><data column="Variable Features">freq;2200.0,tr;1</data><data column="Performance">582.71</data></row><row><data column="Variable Features">freq;2200.0,tr;2</data><data column="Performance">338.18</data></row><row><data column="Variable Features">freq;2200.0,tr;3</data><data column="Performance">208.28</data></row><row><data column="Variable Features">freq;2200.0,tr;4</data><data column="Performance">142.39</data></row><row><data column="Variable Features">freq;2200.0,tr;5</data><data column="Performance">118.43</data></row><row><data column="Variable Features">freq;2200.0,tr;6</data><data column="Performance">103.42</data></row><row><data column="Variable Features">freq;2400.0,tr;1</data><data column="Performance">543.06</data></row><row><data column="Variable Features">freq;2400.0,tr;2</data><data column="Performance">339.04</data></row><row><data column="Variable Features">freq;2400.0,tr;3</data><data column="Performance">210.79</data></row><row><data column="Variable Features">freq;2400.0,tr;4</data><data column="Performance">145.22</data></row><row><data column="Variable Features">freq;2400.0,tr;5</data><data column="Performance">116.08</data></row><row><data column="Variable Features">freq;2400.0,tr;6</data><data column="Performance">99.89</data></row><row><data column="Variable Features">freq;2700.0,tr;1</data><data column="Performance">506.45</data></row><row><data column="Variable Features">freq;2700.0,tr;2</data><data column="Performance">316.64</data></row><row><data column="Variable Features">freq;2700.0,tr;3</data><data column="Performance">196.38</data></row><row><data column="Variable Features">freq;2700.0,tr;4</data><data column="Performance">149.4</data></row><row><data column="Variable Features">freq;2700.0,tr;5</data><data column="Performance">121.96</data></row><row><data column="Variable Features">freq;2700.0,tr;6</data><data column="Performance">103.09</data></row><row><data column="Variable Features">freq;3000.0,tr;1</data><data column="Performance">470.02</data></row><row><data column="Variable Features">freq;3000.0,tr;2</data><data column="Performance">309.07</data></row><row><data column="Variable Features">freq;3000.0,tr;3</data><data column="Performance">217.37</data></row><row><data column="Variable Features">freq;3000.0,tr;4</data><data column="Performance">174.42</data></row><row><data column="Variable Features">freq;3000.0,tr;5</data><data column="Performance">136.66</data></row><row><data column="Variable Features">freq;3000.0,tr;6</data><data column="Performance">117.7</data></row><row><data column="Variable Features">freq;1300.0,tr;1</data><data column="Performance">887.17</data></row><row><data column="Variable Features">freq;1300.0,tr;2</data><data column="Performance">476.64</data></row><row><data column="Variable Features">freq;1300.0,tr;3</data><data column="Performance">277.74</data></row><row><data column="Variable Features">freq;1300.0,tr;4</data><data column="Performance">175.72</data></row><row><data column="Variable Features">freq;1300.0,tr;5</data><data column="Performance">121.88</data></row><row><data column="Variable Features">freq;1300.0,tr;6</data><data column="Performance">110.02</data></row><row><data column="Variable Features">freq;1700.0,tr;1</data><data column="Performance">697.42</data></row><row><data column="Variable Features">freq;1700.0,tr;2</data><data column="Performance">399.82</data></row><row><data column="Variable Features">freq;1700.0,tr;3</data><data column="Performance">240.18</data></row><row><data column="Variable Features">freq;1700.0,tr;4</data><data column="Performance">158.87</data></row><row><data column="Variable Features">freq;1700.0,tr;5</data><data column="Performance">119.99</data></row><row><data column="Variable Features">freq;1700.0,tr;6</data><data column="Performance">100.88</data></row><row><data column="Variable Features">freq;1900.0,tr;1</data><data column="Performance">648.68</data></row><row><data column="Variable Features">freq;1900.0,tr;2</data><data column="Performance">369.69</data></row><row><data column="Variable Features">freq;1900.0,tr;3</data><data column="Performance">225.46</data></row><row><data column="Variable Features">freq;1900.0,tr;4</data><data column="Performance">146.41</data></row><row><data column="Variable Features">freq;1900.0,tr;5</data><data column="Performance">120.27</data></row><row><data column="Variable Features">freq;1900.0,tr;6</data><data column="Performance">99.15</data></row><row><data column="Variable Features">freq;2300.0,tr;1</data><data column="Performance">562.09</data></row><row><data column="Variable Features">freq;2300.0,tr;2</data><data column="Performance">332.26</data></row><row><data column="Variable Features">freq;2300.0,tr;3</data><data column="Performance">212.61</data></row><row><data column="Variable Features">freq;2300.0,tr;4</data><data column="Performance">140.75</data></row><row><data column="Variable Features">freq;2300.0,tr;5</data><data column="Performance">116.56</data></row><row><data column="Variable Features">freq;2300.0,tr;6</data><data column="Performance">102.17</data></row><row><data column="Variable Features">freq;2500.0,tr;1</data><data column="Performance">531.03</data></row><row><data column="Variable Features">freq;2500.0,tr;2</data><data column="Performance">320.18</data></row><row><data column="Variable Features">freq;2500.0,tr;3</data><data column="Performance">205.81</data></row><row><data column="Variable Features">freq;2500.0,tr;4</data><data column="Performance">145.32</data></row><row><data column="Variable Features">freq;2500.0,tr;5</data><data column="Performance">114.75</data></row><row><data column="Variable Features">freq;2500.0,tr;6</data><data column="Performance">99.83</data></row><row><data column="Variable Features">freq;2800.0,tr;1</data><data column="Performance">501.49</data></row><row><data column="Variable Features">freq;2800.0,tr;2</data><data column="Performance">312.5</data></row><row><data column="Variable Features">freq;2800.0,tr;3</data><data column="Performance">195.56</data></row><row><data column="Variable Features">freq;2800.0,tr;4</data><data column="Performance">144.4</data></row><row><data column="Variable Features">freq;2800.0,tr;5</data><data column="Performance">128.17</data></row><row><data column="Variable Features">freq;2800.0,tr;6</data><data column="Performance">106.11</data></row><row><data column="Variable Features">freq;1400.0,tr;1</data><data column="Performance">839.08</data></row><row><data column="Variable Features">freq;1400.0,tr;2</data><data column="Performance">462.62</data></row><row><data column="Variable Features">freq;1400.0,tr;3</data><data column="Performance">265.49</data></row><row><data column="Variable Features">freq;1400.0,tr;4</data><data column="Performance">167.64</data></row><row><data column="Variable Features">freq;1400.0,tr;5</data><data column="Performance">123.81</data></row><row><data column="Variable Features">freq;1400.0,tr;6</data><data column="Performance">104.23</data></row><row><data column="Variable Features">freq;2900.0,tr;1</data><data column="Performance">492.21</data></row><row><data column="Variable Features">freq;2900.0,tr;2</data><data column="Performance">300.78</data></row><row><data column="Variable Features">freq;2900.0,tr;3</data><data column="Performance">199.67</data></row><row><data column="Variable Features">freq;2900.0,tr;4</data><data column="Performance">147.93</data></row><row><data column="Variable Features">freq;2900.0,tr;5</data><data column="Performance">124.64</data></row><row><data column="Variable Features">freq;2900.0,tr;6</data><data column="Performance">103.75</data></row><row><data column="Variable Features">freq;2000.0,tr;1</data><data column="Performance">627.14</data></row><row><data column="Variable Features">freq;2000.0,tr;2</data><data column="Performance">364.02</data></row><row><data column="Variable Features">freq;2000.0,tr;3</data><data column="Performance">230.9</data></row><row><data column="Variable Features">freq;2000.0,tr;4</data><data column="Performance">147.8</data></row><row><data column="Variable Features">freq;2000.0,tr;5</data><data column="Performance">120.8</data></row><row><data column="Variable Features">freq;2000.0,tr;6</data><data column="Performance">104.9</data></row></results>