<results><row><data column="Variable Features">freq;1200.0,tr;1</data><data column="Performance">2153.39</data></row><row><data column="Variable Features">freq;1200.0,tr;2</data><data column="Performance">1103.53</data></row><row><data column="Variable Features">freq;1200.0,tr;3</data><data column="Performance">601.6</data></row><row><data column="Variable Features">freq;1200.0,tr;4</data><data column="Performance">340.42</data></row><row><data column="Variable Features">freq;1200.0,tr;5</data><data column="Performance">228.84</data></row><row><data column="Variable Features">freq;1200.0,tr;6</data><data column="Performance">179.39</data></row><row><data column="Variable Features">freq;1300.0,tr;1</data><data column="Performance">2015.57</data></row><row><data column="Variable Features">freq;1300.0,tr;2</data><data column="Performance">1024.7</data></row><row><data column="Variable Features">freq;1300.0,tr;3</data><data column="Performance">589.72</data></row><row><data column="Variable Features">freq;1300.0,tr;4</data><data column="Performance">321.36</data></row><row><data column="Variable Features">freq;1300.0,tr;5</data><data column="Performance">212.45</data></row><row><data column="Variable Features">freq;1300.0,tr;6</data><data column="Performance">173.38</data></row><row><data column="Variable Features">freq;1400.0,tr;1</data><data column="Performance">1897.09</data></row><row><data column="Variable Features">freq;1400.0,tr;2</data><data column="Performance">964.6</data></row><row><data column="Variable Features">freq;1400.0,tr;3</data><data column="Performance">557.21</data></row><row><data column="Variable Features">freq;1400.0,tr;4</data><data column="Performance">306.99</data></row><row><data column="Variable Features">freq;1400.0,tr;5</data><data column="Performance">213.0</data></row><row><data column="Variable Features">freq;1400.0,tr;6</data><data column="Performance">164.37</data></row><row><data column="Variable Features">freq;1600.0,tr;1</data><data column="Performance">1687.43</data></row><row><data column="Variable Features">freq;1600.0,tr;2</data><data column="Performance">867.03</data></row><row><data column="Variable Features">freq;1600.0,tr;3</data><data column="Performance">479.73</data></row><row><data column="Variable Features">freq;1600.0,tr;4</data><data column="Performance">281.28</data></row><row><data column="Variable Features">freq;1600.0,tr;5</data><data column="Performance">193.42</data></row><row><data column="Variable Features">freq;1600.0,tr;6</data><data column="Performance">154.74</data></row><row><data column="Variable Features">freq;1800.0,tr;1</data><data column="Performance">1523.72</data></row><row><data column="Variable Features">freq;1800.0,tr;2</data><data column="Performance">790.54</data></row><row><data column="Variable Features">freq;1800.0,tr;3</data><data column="Performance">443.14</data></row><row><data column="Variable Features">freq;1800.0,tr;4</data><data column="Performance">262.87</data></row><row><data column="Variable Features">freq;1800.0,tr;5</data><data column="Performance">185.79</data></row><row><data column="Variable Features">freq;1800.0,tr;6</data><data column="Performance">150.75</data></row><row><data column="Variable Features">freq;2200.0,tr;1</data><data column="Performance">1312.36</data></row><row><data column="Variable Features">freq;2200.0,tr;2</data><data column="Performance">699.63</data></row><row><data column="Variable Features">freq;2200.0,tr;3</data><data column="Performance">394.45</data></row><row><data column="Variable Features">freq;2200.0,tr;4</data><data column="Performance">242.85</data></row><row><data column="Variable Features">freq;2200.0,tr;5</data><data column="Performance">173.43</data></row><row><data column="Variable Features">freq;2200.0,tr;6</data><data column="Performance">149.42</data></row><row><data column="Variable Features">freq;2400.0,tr;1</data><data column="Performance">1210.6</data></row><row><data column="Variable Features">freq;2400.0,tr;2</data><data column="Performance">653.83</data></row><row><data column="Variable Features">freq;2400.0,tr;3</data><data column="Performance">379.22</data></row><row><data column="Variable Features">freq;2400.0,tr;4</data><data column="Performance">237.46</data></row><row><data column="Variable Features">freq;2400.0,tr;5</data><data column="Performance">170.63</data></row><row><data column="Variable Features">freq;2400.0,tr;6</data><data column="Performance">144.09</data></row><row><data column="Variable Features">freq;2700.0,tr;1</data><data column="Performance">1090.27</data></row><row><data column="Variable Features">freq;2700.0,tr;2</data><data column="Performance">633.68</data></row><row><data column="Variable Features">freq;2700.0,tr;3</data><data column="Performance">361.44</data></row><row><data column="Variable Features">freq;2700.0,tr;4</data><data column="Performance">229.88</data></row><row><data column="Variable Features">freq;2700.0,tr;5</data><data column="Performance">173.09</data></row><row><data column="Variable Features">freq;2700.0,tr;6</data><data column="Performance">154.03</data></row><row><data column="Variable Features">freq;3000.0,tr;1</data><data column="Performance">987.04</data></row><row><data column="Variable Features">freq;3000.0,tr;2</data><data column="Performance">588.87</data></row><row><data column="Variable Features">freq;3000.0,tr;3</data><data column="Performance">378.02</data></row><row><data column="Variable Features">freq;3000.0,tr;4</data><data column="Performance">247.93</data></row><row><data column="Variable Features">freq;3000.0,tr;5</data><data column="Performance">194.65</data></row><row><data column="Variable Features">freq;3000.0,tr;6</data><data column="Performance">165.1</data></row><row><data column="Variable Features">freq;1700.0,tr;1</data><data column="Performance">1565.67</data></row><row><data column="Variable Features">freq;1700.0,tr;2</data><data column="Performance">822.31</data></row><row><data column="Variable Features">freq;1700.0,tr;3</data><data column="Performance">461.2</data></row><row><data column="Variable Features">freq;1700.0,tr;4</data><data column="Performance">271.93</data></row><row><data column="Variable Features">freq;1700.0,tr;5</data><data column="Performance">189.69</data></row><row><data column="Variable Features">freq;1700.0,tr;6</data><data column="Performance">153.78</data></row><row><data column="Variable Features">freq;1900.0,tr;1</data><data column="Performance">1447.02</data></row><row><data column="Variable Features">freq;1900.0,tr;2</data><data column="Performance">759.65</data></row><row><data column="Variable Features">freq;1900.0,tr;3</data><data column="Performance">431.16</data></row><row><data column="Variable Features">freq;1900.0,tr;4</data><data column="Performance">259.67</data></row><row><data column="Variable Features">freq;1900.0,tr;5</data><data column="Performance">180.55</data></row><row><data column="Variable Features">freq;1900.0,tr;6</data><data column="Performance">158.7</data></row><row><data column="Variable Features">freq;2300.0,tr;1</data><data column="Performance">1259.3</data></row><row><data column="Variable Features">freq;2300.0,tr;2</data><data column="Performance">676.29</data></row><row><data column="Variable Features">freq;2300.0,tr;3</data><data column="Performance">388.28</data></row><row><data column="Variable Features">freq;2300.0,tr;4</data><data column="Performance">242.18</data></row><row><data column="Variable Features">freq;2300.0,tr;5</data><data column="Performance">173.84</data></row><row><data column="Variable Features">freq;2300.0,tr;6</data><data column="Performance">155.09</data></row><row><data column="Variable Features">freq;2500.0,tr;1</data><data column="Performance">1195.7</data></row><row><data column="Variable Features">freq;2500.0,tr;2</data><data column="Performance">647.66</data></row><row><data column="Variable Features">freq;2500.0,tr;3</data><data column="Performance">374.51</data></row><row><data column="Variable Features">freq;2500.0,tr;4</data><data column="Performance">237.13</data></row><row><data column="Variable Features">freq;2500.0,tr;5</data><data column="Performance">172.94</data></row><row><data column="Variable Features">freq;2500.0,tr;6</data><data column="Performance">160.79</data></row><row><data column="Variable Features">freq;2800.0,tr;1</data><data column="Performance">1095.78</data></row><row><data column="Variable Features">freq;2800.0,tr;2</data><data column="Performance">615.35</data></row><row><data column="Variable Features">freq;2800.0,tr;3</data><data column="Performance">361.92</data></row><row><data column="Variable Features">freq;2800.0,tr;4</data><data column="Performance">235.86</data></row><row><data column="Variable Features">freq;2800.0,tr;5</data><data column="Performance">180.47</data></row><row><data column="Variable Features">freq;2800.0,tr;6</data><data column="Performance">161.04</data></row><row><data column="Variable Features">freq;2900.0,tr;1</data><data column="Performance">1063.77</data></row><row><data column="Variable Features">freq;2900.0,tr;2</data><data column="Performance">596.11</data></row><row><data column="Variable Features">freq;2900.0,tr;3</data><data column="Performance">359.03</data></row><row><data column="Variable Features">freq;2900.0,tr;4</data><data column="Performance">236.14</data></row><row><data column="Variable Features">freq;2900.0,tr;5</data><data column="Performance">178.54</data></row><row><data column="Variable Features">freq;2900.0,tr;6</data><data column="Performance">164.81</data></row><row><data column="Variable Features">freq;2000.0,tr;1</data><data column="Performance">1412.03</data></row><row><data column="Variable Features">freq;2000.0,tr;2</data><data column="Performance">732.68</data></row><row><data column="Variable Features">freq;2000.0,tr;3</data><data column="Performance">418.15</data></row><row><data column="Variable Features">freq;2000.0,tr;4</data><data column="Performance">254.6</data></row><row><data column="Variable Features">freq;2000.0,tr;5</data><data column="Performance">180.93</data></row><row><data column="Variable Features">freq;2000.0,tr;6</data><data column="Performance">148.06</data></row></results>