<results><row><data column="Variable Features">freq;1200.0,tr;1</data><data column="Performance">1123.51</data></row><row><data column="Variable Features">freq;1200.0,tr;2</data><data column="Performance">584.46</data></row><row><data column="Variable Features">freq;1200.0,tr;3</data><data column="Performance">445.07</data></row><row><data column="Variable Features">freq;1200.0,tr;4</data><data column="Performance">417.11</data></row><row><data column="Variable Features">freq;1200.0,tr;5</data><data column="Performance">416.04</data></row><row><data column="Variable Features">freq;1200.0,tr;6</data><data column="Performance">414.67</data></row><row><data column="Variable Features">freq;1600.0,tr;1</data><data column="Performance">893.64</data></row><row><data column="Variable Features">freq;1600.0,tr;2</data><data column="Performance">465.21</data></row><row><data column="Variable Features">freq;1600.0,tr;3</data><data column="Performance">306.24</data></row><row><data column="Variable Features">freq;1600.0,tr;4</data><data column="Performance">308.19</data></row><row><data column="Variable Features">freq;1600.0,tr;5</data><data column="Performance">315.76</data></row><row><data column="Variable Features">freq;1600.0,tr;6</data><data column="Performance">317.24</data></row><row><data column="Variable Features">freq;1800.0,tr;1</data><data column="Performance">813.28</data></row><row><data column="Variable Features">freq;1800.0,tr;2</data><data column="Performance">424.21</data></row><row><data column="Variable Features">freq;1800.0,tr;3</data><data column="Performance">280.09</data></row><row><data column="Variable Features">freq;1800.0,tr;4</data><data column="Performance">281.97</data></row><row><data column="Variable Features">freq;1800.0,tr;5</data><data column="Performance">292.14</data></row><row><data column="Variable Features">freq;1800.0,tr;6</data><data column="Performance">292.49</data></row><row><data column="Variable Features">freq;2200.0,tr;1</data><data column="Performance">669.91</data></row><row><data column="Variable Features">freq;2200.0,tr;2</data><data column="Performance">374.95</data></row><row><data column="Variable Features">freq;2200.0,tr;3</data><data column="Performance">324.98</data></row><row><data column="Variable Features">freq;2200.0,tr;4</data><data column="Performance">330.97</data></row><row><data column="Variable Features">freq;2200.0,tr;5</data><data column="Performance">316.93</data></row><row><data column="Variable Features">freq;2200.0,tr;6</data><data column="Performance">315.87</data></row><row><data column="Variable Features">freq;2400.0,tr;1</data><data column="Performance">624.35</data></row><row><data column="Variable Features">freq;2400.0,tr;2</data><data column="Performance">339.84</data></row><row><data column="Variable Features">freq;2400.0,tr;3</data><data column="Performance">279.15</data></row><row><data column="Variable Features">freq;2400.0,tr;4</data><data column="Performance">261.14</data></row><row><data column="Variable Features">freq;2400.0,tr;5</data><data column="Performance">266.41</data></row><row><data column="Variable Features">freq;2400.0,tr;6</data><data column="Performance">263.33</data></row><row><data column="Variable Features">freq;2700.0,tr;1</data><data column="Performance">586.37</data></row><row><data column="Variable Features">freq;2700.0,tr;2</data><data column="Performance">315.9</data></row><row><data column="Variable Features">freq;2700.0,tr;3</data><data column="Performance">254.49</data></row><row><data column="Variable Features">freq;2700.0,tr;4</data><data column="Performance">246.02</data></row><row><data column="Variable Features">freq;2700.0,tr;5</data><data column="Performance">248.95</data></row><row><data column="Variable Features">freq;2700.0,tr;6</data><data column="Performance">246.79</data></row><row><data column="Variable Features">freq;3000.0,tr;1</data><data column="Performance">539.73</data></row><row><data column="Variable Features">freq;3000.0,tr;2</data><data column="Performance">313.22</data></row><row><data column="Variable Features">freq;3000.0,tr;3</data><data column="Performance">302.55</data></row><row><data column="Variable Features">freq;3000.0,tr;4</data><data column="Performance">291.86</data></row><row><data column="Variable Features">freq;3000.0,tr;5</data><data column="Performance">320.23</data></row><row><data column="Variable Features">freq;3000.0,tr;6</data><data column="Performance">323.49</data></row><row><data column="Variable Features">freq;1300.0,tr;1</data><data column="Performance">1061.52</data></row><row><data column="Variable Features">freq;1300.0,tr;2</data><data column="Performance">555.71</data></row><row><data column="Variable Features">freq;1300.0,tr;3</data><data column="Performance">437.64</data></row><row><data column="Variable Features">freq;1300.0,tr;4</data><data column="Performance">416.04</data></row><row><data column="Variable Features">freq;1300.0,tr;5</data><data column="Performance">395.38</data></row><row><data column="Variable Features">freq;1300.0,tr;6</data><data column="Performance">392.81</data></row><row><data column="Variable Features">freq;1700.0,tr;1</data><data column="Performance">854.43</data></row><row><data column="Variable Features">freq;1700.0,tr;2</data><data column="Performance">445.18</data></row><row><data column="Variable Features">freq;1700.0,tr;3</data><data column="Performance">344.19</data></row><row><data column="Variable Features">freq;1700.0,tr;4</data><data column="Performance">329.29</data></row><row><data column="Variable Features">freq;1700.0,tr;5</data><data column="Performance">319.97</data></row><row><data column="Variable Features">freq;1700.0,tr;6</data><data column="Performance">320.14</data></row><row><data column="Variable Features">freq;1900.0,tr;1</data><data column="Performance">784.49</data></row><row><data column="Variable Features">freq;1900.0,tr;2</data><data column="Performance">406.51</data></row><row><data column="Variable Features">freq;1900.0,tr;3</data><data column="Performance">316.99</data></row><row><data column="Variable Features">freq;1900.0,tr;4</data><data column="Performance">301.03</data></row><row><data column="Variable Features">freq;1900.0,tr;5</data><data column="Performance">296.26</data></row><row><data column="Variable Features">freq;1900.0,tr;6</data><data column="Performance">297.87</data></row><row><data column="Variable Features">freq;2300.0,tr;1</data><data column="Performance">682.59</data></row><row><data column="Variable Features">freq;2300.0,tr;2</data><data column="Performance">360.27</data></row><row><data column="Variable Features">freq;2300.0,tr;3</data><data column="Performance">287.24</data></row><row><data column="Variable Features">freq;2300.0,tr;4</data><data column="Performance">285.62</data></row><row><data column="Variable Features">freq;2300.0,tr;5</data><data column="Performance">269.76</data></row><row><data column="Variable Features">freq;2300.0,tr;6</data><data column="Performance">269.98</data></row><row><data column="Variable Features">freq;2500.0,tr;1</data><data column="Performance">643.53</data></row><row><data column="Variable Features">freq;2500.0,tr;2</data><data column="Performance">340.46</data></row><row><data column="Variable Features">freq;2500.0,tr;3</data><data column="Performance">278.38</data></row><row><data column="Variable Features">freq;2500.0,tr;4</data><data column="Performance">274.99</data></row><row><data column="Variable Features">freq;2500.0,tr;5</data><data column="Performance">258.47</data></row><row><data column="Variable Features">freq;2500.0,tr;6</data><data column="Performance">259.04</data></row><row><data column="Variable Features">freq;2800.0,tr;1</data><data column="Performance">612.91</data></row><row><data column="Variable Features">freq;2800.0,tr;2</data><data column="Performance">317.4</data></row><row><data column="Variable Features">freq;2800.0,tr;3</data><data column="Performance">254.13</data></row><row><data column="Variable Features">freq;2800.0,tr;4</data><data column="Performance">247.37</data></row><row><data column="Variable Features">freq;2800.0,tr;5</data><data column="Performance">246.91</data></row><row><data column="Variable Features">freq;2800.0,tr;6</data><data column="Performance">244.78</data></row><row><data column="Variable Features">freq;1400.0,tr;1</data><data column="Performance">1004.33</data></row><row><data column="Variable Features">freq;1400.0,tr;2</data><data column="Performance">521.53</data></row><row><data column="Variable Features">freq;1400.0,tr;3</data><data column="Performance">382.42</data></row><row><data column="Variable Features">freq;1400.0,tr;4</data><data column="Performance">370.77</data></row><row><data column="Variable Features">freq;1400.0,tr;5</data><data column="Performance">369.68</data></row><row><data column="Variable Features">freq;1400.0,tr;6</data><data column="Performance">369.9</data></row><row><data column="Variable Features">freq;2900.0,tr;1</data><data column="Performance">590.32</data></row><row><data column="Variable Features">freq;2900.0,tr;2</data><data column="Performance">313.47</data></row><row><data column="Variable Features">freq;2900.0,tr;3</data><data column="Performance">256.37</data></row><row><data column="Variable Features">freq;2900.0,tr;4</data><data column="Performance">260.04</data></row><row><data column="Variable Features">freq;2900.0,tr;5</data><data column="Performance">246.21</data></row><row><data column="Variable Features">freq;2900.0,tr;6</data><data column="Performance">248.93</data></row><row><data column="Variable Features">freq;2000.0,tr;1</data><data column="Performance">753.09</data></row><row><data column="Variable Features">freq;2000.0,tr;2</data><data column="Performance">390.75</data></row><row><data column="Variable Features">freq;2000.0,tr;3</data><data column="Performance">260.17</data></row><row><data column="Variable Features">freq;2000.0,tr;4</data><data column="Performance">262.26</data></row><row><data column="Variable Features">freq;2000.0,tr;5</data><data column="Performance">275.54</data></row><row><data column="Variable Features">freq;2000.0,tr;6</data><data column="Performance">274.7</data></row></results>