<results><row><data column="Variable Features">freq;1200.0,tr;1</data><data column="Performance">1281.73</data></row><row><data column="Variable Features">freq;1200.0,tr;2</data><data column="Performance">678.87</data></row><row><data column="Variable Features">freq;1200.0,tr;3</data><data column="Performance">655.57</data></row><row><data column="Variable Features">freq;1200.0,tr;4</data><data column="Performance">651.3</data></row><row><data column="Variable Features">freq;1200.0,tr;5</data><data column="Performance">656.66</data></row><row><data column="Variable Features">freq;1200.0,tr;6</data><data column="Performance">657.28</data></row><row><data column="Variable Features">freq;1600.0,tr;1</data><data column="Performance">1008.54</data></row><row><data column="Variable Features">freq;1600.0,tr;2</data><data column="Performance">556.78</data></row><row><data column="Variable Features">freq;1600.0,tr;3</data><data column="Performance">514.89</data></row><row><data column="Variable Features">freq;1600.0,tr;4</data><data column="Performance">513.38</data></row><row><data column="Variable Features">freq;1600.0,tr;5</data><data column="Performance">518.35</data></row><row><data column="Variable Features">freq;1600.0,tr;6</data><data column="Performance">516.79</data></row><row><data column="Variable Features">freq;1800.0,tr;1</data><data column="Performance">923.71</data></row><row><data column="Variable Features">freq;1800.0,tr;2</data><data column="Performance">502.83</data></row><row><data column="Variable Features">freq;1800.0,tr;3</data><data column="Performance">469.69</data></row><row><data column="Variable Features">freq;1800.0,tr;4</data><data column="Performance">468.64</data></row><row><data column="Variable Features">freq;1800.0,tr;5</data><data column="Performance">473.15</data></row><row><data column="Variable Features">freq;1800.0,tr;6</data><data column="Performance">472.56</data></row><row><data column="Variable Features">freq;2200.0,tr;1</data><data column="Performance">807.16</data></row><row><data column="Variable Features">freq;2200.0,tr;2</data><data column="Performance">440.85</data></row><row><data column="Variable Features">freq;2200.0,tr;3</data><data column="Performance">408.26</data></row><row><data column="Variable Features">freq;2200.0,tr;4</data><data column="Performance">407.89</data></row><row><data column="Variable Features">freq;2200.0,tr;5</data><data column="Performance">410.66</data></row><row><data column="Variable Features">freq;2200.0,tr;6</data><data column="Performance">409.87</data></row><row><data column="Variable Features">freq;2400.0,tr;1</data><data column="Performance">763.23</data></row><row><data column="Variable Features">freq;2400.0,tr;2</data><data column="Performance">425.31</data></row><row><data column="Variable Features">freq;2400.0,tr;3</data><data column="Performance">386.11</data></row><row><data column="Variable Features">freq;2400.0,tr;4</data><data column="Performance">386.9</data></row><row><data column="Variable Features">freq;2400.0,tr;5</data><data column="Performance">393.39</data></row><row><data column="Variable Features">freq;2400.0,tr;6</data><data column="Performance">393.01</data></row><row><data column="Variable Features">freq;2700.0,tr;1</data><data column="Performance">811.12</data></row><row><data column="Variable Features">freq;2700.0,tr;2</data><data column="Performance">466.64</data></row><row><data column="Variable Features">freq;2700.0,tr;3</data><data column="Performance">407.03</data></row><row><data column="Variable Features">freq;2700.0,tr;4</data><data column="Performance">401.61</data></row><row><data column="Variable Features">freq;2700.0,tr;5</data><data column="Performance">382.72</data></row><row><data column="Variable Features">freq;2700.0,tr;6</data><data column="Performance">379.08</data></row><row><data column="Variable Features">freq;3000.0,tr;1</data><data column="Performance">835.45</data></row><row><data column="Variable Features">freq;3000.0,tr;2</data><data column="Performance">525.32</data></row><row><data column="Variable Features">freq;3000.0,tr;3</data><data column="Performance">461.78</data></row><row><data column="Variable Features">freq;3000.0,tr;4</data><data column="Performance">442.91</data></row><row><data column="Variable Features">freq;3000.0,tr;5</data><data column="Performance">392.51</data></row><row><data column="Variable Features">freq;3000.0,tr;6</data><data column="Performance">394.39</data></row><row><data column="Variable Features">freq;1300.0,tr;1</data><data column="Performance">1194.47</data></row><row><data column="Variable Features">freq;1300.0,tr;2</data><data column="Performance">638.63</data></row><row><data column="Variable Features">freq;1300.0,tr;3</data><data column="Performance">608.19</data></row><row><data column="Variable Features">freq;1300.0,tr;4</data><data column="Performance">606.39</data></row><row><data column="Variable Features">freq;1300.0,tr;5</data><data column="Performance">612.51</data></row><row><data column="Variable Features">freq;1300.0,tr;6</data><data column="Performance">610.31</data></row><row><data column="Variable Features">freq;1700.0,tr;1</data><data column="Performance">1090.26</data></row><row><data column="Variable Features">freq;1700.0,tr;2</data><data column="Performance">600.53</data></row><row><data column="Variable Features">freq;1700.0,tr;3</data><data column="Performance">504.35</data></row><row><data column="Variable Features">freq;1700.0,tr;4</data><data column="Performance">506.16</data></row><row><data column="Variable Features">freq;1700.0,tr;5</data><data column="Performance">499.5</data></row><row><data column="Variable Features">freq;1700.0,tr;6</data><data column="Performance">498.39</data></row><row><data column="Variable Features">freq;1900.0,tr;1</data><data column="Performance">1020.43</data></row><row><data column="Variable Features">freq;1900.0,tr;2</data><data column="Performance">571.53</data></row><row><data column="Variable Features">freq;1900.0,tr;3</data><data column="Performance">466.33</data></row><row><data column="Variable Features">freq;1900.0,tr;4</data><data column="Performance">468.42</data></row><row><data column="Variable Features">freq;1900.0,tr;5</data><data column="Performance">458.78</data></row><row><data column="Variable Features">freq;1900.0,tr;6</data><data column="Performance">460.72</data></row><row><data column="Variable Features">freq;2300.0,tr;1</data><data column="Performance">924.58</data></row><row><data column="Variable Features">freq;2300.0,tr;2</data><data column="Performance">580.01</data></row><row><data column="Variable Features">freq;2300.0,tr;3</data><data column="Performance">505.63</data></row><row><data column="Variable Features">freq;2300.0,tr;4</data><data column="Performance">475.32</data></row><row><data column="Variable Features">freq;2300.0,tr;5</data><data column="Performance">432.01</data></row><row><data column="Variable Features">freq;2300.0,tr;6</data><data column="Performance">431.39</data></row><row><data column="Variable Features">freq;2500.0,tr;1</data><data column="Performance">889.65</data></row><row><data column="Variable Features">freq;2500.0,tr;2</data><data column="Performance">566.97</data></row><row><data column="Variable Features">freq;2500.0,tr;3</data><data column="Performance">487.07</data></row><row><data column="Variable Features">freq;2500.0,tr;4</data><data column="Performance">459.42</data></row><row><data column="Variable Features">freq;2500.0,tr;5</data><data column="Performance">414.43</data></row><row><data column="Variable Features">freq;2500.0,tr;6</data><data column="Performance">413.44</data></row><row><data column="Variable Features">freq;2800.0,tr;1</data><data column="Performance">858.17</data></row><row><data column="Variable Features">freq;2800.0,tr;2</data><data column="Performance">503.16</data></row><row><data column="Variable Features">freq;2800.0,tr;3</data><data column="Performance">375.09</data></row><row><data column="Variable Features">freq;2800.0,tr;4</data><data column="Performance">387.25</data></row><row><data column="Variable Features">freq;2800.0,tr;5</data><data column="Performance">378.23</data></row><row><data column="Variable Features">freq;2800.0,tr;6</data><data column="Performance">377.04</data></row><row><data column="Variable Features">freq;1400.0,tr;1</data><data column="Performance">1235.8</data></row><row><data column="Variable Features">freq;1400.0,tr;2</data><data column="Performance">680.41</data></row><row><data column="Variable Features">freq;1400.0,tr;3</data><data column="Performance">629.56</data></row><row><data column="Variable Features">freq;1400.0,tr;4</data><data column="Performance">611.32</data></row><row><data column="Variable Features">freq;1400.0,tr;5</data><data column="Performance">598.03</data></row><row><data column="Variable Features">freq;1400.0,tr;6</data><data column="Performance">598.02</data></row><row><data column="Variable Features">freq;2900.0,tr;1</data><data column="Performance">686.89</data></row><row><data column="Variable Features">freq;2900.0,tr;2</data><data column="Performance">456.26</data></row><row><data column="Variable Features">freq;2900.0,tr;3</data><data column="Performance">406.4</data></row><row><data column="Variable Features">freq;2900.0,tr;4</data><data column="Performance">379.86</data></row><row><data column="Variable Features">freq;2900.0,tr;5</data><data column="Performance">373.86</data></row><row><data column="Variable Features">freq;2900.0,tr;6</data><data column="Performance">376.18</data></row><row><data column="Variable Features">freq;2000.0,tr;1</data><data column="Performance">864.94</data></row><row><data column="Variable Features">freq;2000.0,tr;2</data><data column="Performance">471.75</data></row><row><data column="Variable Features">freq;2000.0,tr;3</data><data column="Performance">436.68</data></row><row><data column="Variable Features">freq;2000.0,tr;4</data><data column="Performance">438.55</data></row><row><data column="Variable Features">freq;2000.0,tr;5</data><data column="Performance">442.18</data></row><row><data column="Variable Features">freq;2000.0,tr;6</data><data column="Performance">443.14</data></row></results>