<results><row><data column="Variable Features">freq;1200.0,tr;1</data><data column="Performance">13443.85</data></row><row><data column="Variable Features">freq;1200.0,tr;2</data><data column="Performance">6122.17</data></row><row><data column="Variable Features">freq;1200.0,tr;3</data><data column="Performance">3326.81</data></row><row><data column="Variable Features">freq;1200.0,tr;4</data><data column="Performance">2120.94</data></row><row><data column="Variable Features">freq;1200.0,tr;5</data><data column="Performance">3072.33</data></row><row><data column="Variable Features">freq;1200.0,tr;6</data><data column="Performance">3463.82</data></row><row><data column="Variable Features">freq;1600.0,tr;1</data><data column="Performance">10557.69</data></row><row><data column="Variable Features">freq;1600.0,tr;2</data><data column="Performance">4809.51</data></row><row><data column="Variable Features">freq;1600.0,tr;3</data><data column="Performance">2623.63</data></row><row><data column="Variable Features">freq;1600.0,tr;4</data><data column="Performance">1654.35</data></row><row><data column="Variable Features">freq;1600.0,tr;5</data><data column="Performance">2477.13</data></row><row><data column="Variable Features">freq;1600.0,tr;6</data><data column="Performance">2123.41</data></row><row><data column="Variable Features">freq;1800.0,tr;1</data><data column="Performance">9649.03</data></row><row><data column="Variable Features">freq;1800.0,tr;2</data><data column="Performance">4434.98</data></row><row><data column="Variable Features">freq;1800.0,tr;3</data><data column="Performance">2496.63</data></row><row><data column="Variable Features">freq;1800.0,tr;4</data><data column="Performance">1539.57</data></row><row><data column="Variable Features">freq;1800.0,tr;5</data><data column="Performance">2081.67</data></row><row><data column="Variable Features">freq;1800.0,tr;6</data><data column="Performance">2391.09</data></row><row><data column="Variable Features">freq;2200.0,tr;1</data><data column="Performance">8363.49</data></row><row><data column="Variable Features">freq;2200.0,tr;2</data><data column="Performance">3854.08</data></row><row><data column="Variable Features">freq;2200.0,tr;3</data><data column="Performance">2151.69</data></row><row><data column="Variable Features">freq;2200.0,tr;4</data><data column="Performance">1765.74</data></row><row><data column="Variable Features">freq;2200.0,tr;5</data><data column="Performance">1736.47</data></row><row><data column="Variable Features">freq;2200.0,tr;6</data><data column="Performance">2019.58</data></row><row><data column="Variable Features">freq;2400.0,tr;1</data><data column="Performance">7852.16</data></row><row><data column="Variable Features">freq;2400.0,tr;2</data><data column="Performance">3641.78</data></row><row><data column="Variable Features">freq;2400.0,tr;3</data><data column="Performance">2052.84</data></row><row><data column="Variable Features">freq;2400.0,tr;4</data><data column="Performance">1631.79</data></row><row><data column="Variable Features">freq;2400.0,tr;5</data><data column="Performance">2017.42</data></row><row><data column="Variable Features">freq;2400.0,tr;6</data><data column="Performance">2389.95</data></row><row><data column="Variable Features">freq;2700.0,tr;1</data><data column="Performance">7338.81</data></row><row><data column="Variable Features">freq;2700.0,tr;2</data><data column="Performance">3412.93</data></row><row><data column="Variable Features">freq;2700.0,tr;3</data><data column="Performance">1952.29</data></row><row><data column="Variable Features">freq;2700.0,tr;4</data><data column="Performance">1524.78</data></row><row><data column="Variable Features">freq;2700.0,tr;5</data><data column="Performance">1574.27</data></row><row><data column="Variable Features">freq;2700.0,tr;6</data><data column="Performance">2294.86</data></row><row><data column="Variable Features">freq;3000.0,tr;1</data><data column="Performance">7842.8</data></row><row><data column="Variable Features">freq;3000.0,tr;2</data><data column="Performance">3640.97</data></row><row><data column="Variable Features">freq;3000.0,tr;3</data><data column="Performance">2133.93</data></row><row><data column="Variable Features">freq;3000.0,tr;4</data><data column="Performance">2016.79</data></row><row><data column="Variable Features">freq;3000.0,tr;5</data><data column="Performance">2818.42</data></row><row><data column="Variable Features">freq;3000.0,tr;6</data><data column="Performance">2407.31</data></row><row><data column="Variable Features">freq;1300.0,tr;1</data><data column="Performance">13625.35</data></row><row><data column="Variable Features">freq;1300.0,tr;2</data><data column="Performance">6054.89</data></row><row><data column="Variable Features">freq;1300.0,tr;3</data><data column="Performance">3289.21</data></row><row><data column="Variable Features">freq;1300.0,tr;4</data><data column="Performance">2082.85</data></row><row><data column="Variable Features">freq;1300.0,tr;5</data><data column="Performance">3145.11</data></row><row><data column="Variable Features">freq;1300.0,tr;6</data><data column="Performance">3102.97</data></row><row><data column="Variable Features">freq;1700.0,tr;1</data><data column="Performance">11139.66</data></row><row><data column="Variable Features">freq;1700.0,tr;2</data><data column="Performance">4970.18</data></row><row><data column="Variable Features">freq;1700.0,tr;3</data><data column="Performance">2700.07</data></row><row><data column="Variable Features">freq;1700.0,tr;4</data><data column="Performance">1700.43</data></row><row><data column="Variable Features">freq;1700.0,tr;5</data><data column="Performance">2642.41</data></row><row><data column="Variable Features">freq;1700.0,tr;6</data><data column="Performance">2583.14</data></row><row><data column="Variable Features">freq;1900.0,tr;1</data><data column="Performance">10294.93</data></row><row><data column="Variable Features">freq;1900.0,tr;2</data><data column="Performance">4601.38</data></row><row><data column="Variable Features">freq;1900.0,tr;3</data><data column="Performance">2550.74</data></row><row><data column="Variable Features">freq;1900.0,tr;4</data><data column="Performance">1851.45</data></row><row><data column="Variable Features">freq;1900.0,tr;5</data><data column="Performance">2142.83</data></row><row><data column="Variable Features">freq;1900.0,tr;6</data><data column="Performance">1729.16</data></row><row><data column="Variable Features">freq;2300.0,tr;1</data><data column="Performance">9162.57</data></row><row><data column="Variable Features">freq;2300.0,tr;2</data><data column="Performance">4104.31</data></row><row><data column="Variable Features">freq;2300.0,tr;3</data><data column="Performance">2337.73</data></row><row><data column="Variable Features">freq;2300.0,tr;4</data><data column="Performance">1892.29</data></row><row><data column="Variable Features">freq;2300.0,tr;5</data><data column="Performance">1540.48</data></row><row><data column="Variable Features">freq;2300.0,tr;6</data><data column="Performance">2331.35</data></row><row><data column="Variable Features">freq;2500.0,tr;1</data><data column="Performance">8712.74</data></row><row><data column="Variable Features">freq;2500.0,tr;2</data><data column="Performance">3911.55</data></row><row><data column="Variable Features">freq;2500.0,tr;3</data><data column="Performance">2239.29</data></row><row><data column="Variable Features">freq;2500.0,tr;4</data><data column="Performance">1647.51</data></row><row><data column="Variable Features">freq;2500.0,tr;5</data><data column="Performance">2121.01</data></row><row><data column="Variable Features">freq;2500.0,tr;6</data><data column="Performance">2342.69</data></row><row><data column="Variable Features">freq;2800.0,tr;1</data><data column="Performance">8219.9</data></row><row><data column="Variable Features">freq;2800.0,tr;2</data><data column="Performance">3706.5</data></row><row><data column="Variable Features">freq;2800.0,tr;3</data><data column="Performance">2146.47</data></row><row><data column="Variable Features">freq;2800.0,tr;4</data><data column="Performance">1611.88</data></row><row><data column="Variable Features">freq;2800.0,tr;5</data><data column="Performance">2163.63</data></row><row><data column="Variable Features">freq;2800.0,tr;6</data><data column="Performance">2030.09</data></row><row><data column="Variable Features">freq;1400.0,tr;1</data><data column="Performance">12891.92</data></row><row><data column="Variable Features">freq;1400.0,tr;2</data><data column="Performance">5712.44</data></row><row><data column="Variable Features">freq;1400.0,tr;3</data><data column="Performance">3120.51</data></row><row><data column="Variable Features">freq;1400.0,tr;4</data><data column="Performance">1939.24</data></row><row><data column="Variable Features">freq;1400.0,tr;5</data><data column="Performance">2730.07</data></row><row><data column="Variable Features">freq;1400.0,tr;6</data><data column="Performance">2740.98</data></row><row><data column="Variable Features">freq;2900.0,tr;1</data><data column="Performance">8118.19</data></row><row><data column="Variable Features">freq;2900.0,tr;2</data><data column="Performance">3658.81</data></row><row><data column="Variable Features">freq;2900.0,tr;3</data><data column="Performance">2107.79</data></row><row><data column="Variable Features">freq;2900.0,tr;4</data><data column="Performance">1623.3</data></row><row><data column="Variable Features">freq;2900.0,tr;5</data><data column="Performance">1947.29</data></row><row><data column="Variable Features">freq;2900.0,tr;6</data><data column="Performance">1634.86</data></row><row><data column="Variable Features">freq;2000.0,tr;1</data><data column="Performance">8980.07</data></row><row><data column="Variable Features">freq;2000.0,tr;2</data><data column="Performance">4114.82</data></row><row><data column="Variable Features">freq;2000.0,tr;3</data><data column="Performance">2283.16</data></row><row><data column="Variable Features">freq;2000.0,tr;4</data><data column="Performance">1560.61</data></row><row><data column="Variable Features">freq;2000.0,tr;5</data><data column="Performance">2099.67</data></row><row><data column="Variable Features">freq;2000.0,tr;6</data><data column="Performance">2138.18</data></row></results>