<results><row><data column="Variable Features">freq;1200.0,tr;1</data><data column="Performance">445.59</data></row><row><data column="Variable Features">freq;1200.0,tr;2</data><data column="Performance">300.19</data></row><row><data column="Variable Features">freq;1200.0,tr;3</data><data column="Performance">214.59</data></row><row><data column="Variable Features">freq;1200.0,tr;4</data><data column="Performance">171.84</data></row><row><data column="Variable Features">freq;1200.0,tr;5</data><data column="Performance">163.19</data></row><row><data column="Variable Features">freq;1200.0,tr;6</data><data column="Performance">165.09</data></row><row><data column="Variable Features">freq;1300.0,tr;1</data><data column="Performance">418.86</data></row><row><data column="Variable Features">freq;1300.0,tr;2</data><data column="Performance">281.07</data></row><row><data column="Variable Features">freq;1300.0,tr;3</data><data column="Performance">203.35</data></row><row><data column="Variable Features">freq;1300.0,tr;4</data><data column="Performance">160.97</data></row><row><data column="Variable Features">freq;1300.0,tr;5</data><data column="Performance">156.85</data></row><row><data column="Variable Features">freq;1300.0,tr;6</data><data column="Performance">157.73</data></row><row><data column="Variable Features">freq;1400.0,tr;1</data><data column="Performance">398.63</data></row><row><data column="Variable Features">freq;1400.0,tr;2</data><data column="Performance">269.21</data></row><row><data column="Variable Features">freq;1400.0,tr;3</data><data column="Performance">192.23</data></row><row><data column="Variable Features">freq;1400.0,tr;4</data><data column="Performance">153.24</data></row><row><data column="Variable Features">freq;1400.0,tr;5</data><data column="Performance">151.12</data></row><row><data column="Variable Features">freq;1400.0,tr;6</data><data column="Performance">150.27</data></row><row><data column="Variable Features">freq;1600.0,tr;1</data><data column="Performance">362.97</data></row><row><data column="Variable Features">freq;1600.0,tr;2</data><data column="Performance">246.56</data></row><row><data column="Variable Features">freq;1600.0,tr;3</data><data column="Performance">177.49</data></row><row><data column="Variable Features">freq;1600.0,tr;4</data><data column="Performance">139.86</data></row><row><data column="Variable Features">freq;1600.0,tr;5</data><data column="Performance">140.18</data></row><row><data column="Variable Features">freq;1600.0,tr;6</data><data column="Performance">138.45</data></row><row><data column="Variable Features">freq;1700.0,tr;1</data><data column="Performance">349.07</data></row><row><data column="Variable Features">freq;1700.0,tr;2</data><data column="Performance">239.05</data></row><row><data column="Variable Features">freq;1700.0,tr;3</data><data column="Performance">170.81</data></row><row><data column="Variable Features">freq;1700.0,tr;4</data><data column="Performance">135.6</data></row><row><data column="Variable Features">freq;1700.0,tr;5</data><data column="Performance">137.03</data></row><row><data column="Variable Features">freq;1700.0,tr;6</data><data column="Performance">137.1</data></row><row><data column="Variable Features">freq;1800.0,tr;1</data><data column="Performance">336.86</data></row><row><data column="Variable Features">freq;1800.0,tr;2</data><data column="Performance">228.26</data></row><row><data column="Variable Features">freq;1800.0,tr;3</data><data column="Performance">165.79</data></row><row><data column="Variable Features">freq;1800.0,tr;4</data><data column="Performance">130.76</data></row><row><data column="Variable Features">freq;1800.0,tr;5</data><data column="Performance">132.29</data></row><row><data column="Variable Features">freq;1800.0,tr;6</data><data column="Performance">133.3</data></row><row><data column="Variable Features">freq;1900.0,tr;1</data><data column="Performance">328.01</data></row><row><data column="Variable Features">freq;1900.0,tr;2</data><data column="Performance">222.48</data></row><row><data column="Variable Features">freq;1900.0,tr;3</data><data column="Performance">160.47</data></row><row><data column="Variable Features">freq;1900.0,tr;4</data><data column="Performance">127.66</data></row><row><data column="Variable Features">freq;1900.0,tr;5</data><data column="Performance">129.79</data></row><row><data column="Variable Features">freq;1900.0,tr;6</data><data column="Performance">128.72</data></row><row><data column="Variable Features">freq;2000.0,tr;1</data><data column="Performance">318.47</data></row><row><data column="Variable Features">freq;2000.0,tr;2</data><data column="Performance">217.6</data></row><row><data column="Variable Features">freq;2000.0,tr;3</data><data column="Performance">154.88</data></row><row><data column="Variable Features">freq;2000.0,tr;4</data><data column="Performance">124.55</data></row><row><data column="Variable Features">freq;2000.0,tr;5</data><data column="Performance">126.02</data></row><row><data column="Variable Features">freq;2000.0,tr;6</data><data column="Performance">125.85</data></row><row><data column="Variable Features">freq;2200.0,tr;1</data><data column="Performance">305.89</data></row><row><data column="Variable Features">freq;2200.0,tr;2</data><data column="Performance">207.33</data></row><row><data column="Variable Features">freq;2200.0,tr;3</data><data column="Performance">148.7</data></row><row><data column="Variable Features">freq;2200.0,tr;4</data><data column="Performance">119.62</data></row><row><data column="Variable Features">freq;2200.0,tr;5</data><data column="Performance">122.58</data></row><row><data column="Variable Features">freq;2200.0,tr;6</data><data column="Performance">121.64</data></row><row><data column="Variable Features">freq;2300.0,tr;1</data><data column="Performance">296.2</data></row><row><data column="Variable Features">freq;2300.0,tr;2</data><data column="Performance">203.66</data></row><row><data column="Variable Features">freq;2300.0,tr;3</data><data column="Performance">144.44</data></row><row><data column="Variable Features">freq;2300.0,tr;4</data><data column="Performance">116.71</data></row><row><data column="Variable Features">freq;2300.0,tr;5</data><data column="Performance">121.11</data></row><row><data column="Variable Features">freq;2300.0,tr;6</data><data column="Performance">119.29</data></row><row><data column="Variable Features">freq;2400.0,tr;1</data><data column="Performance">291.85</data></row><row><data column="Variable Features">freq;2400.0,tr;2</data><data column="Performance">200.84</data></row><row><data column="Variable Features">freq;2400.0,tr;3</data><data column="Performance">144.0</data></row><row><data column="Variable Features">freq;2400.0,tr;4</data><data column="Performance">115.32</data></row><row><data column="Variable Features">freq;2400.0,tr;5</data><data column="Performance">120.28</data></row><row><data column="Variable Features">freq;2400.0,tr;6</data><data column="Performance">119.99</data></row><row><data column="Variable Features">freq;2500.0,tr;1</data><data column="Performance">287.41</data></row><row><data column="Variable Features">freq;2500.0,tr;2</data><data column="Performance">197.72</data></row><row><data column="Variable Features">freq;2500.0,tr;3</data><data column="Performance">142.33</data></row><row><data column="Variable Features">freq;2500.0,tr;4</data><data column="Performance">114.4</data></row><row><data column="Variable Features">freq;2500.0,tr;5</data><data column="Performance">120.52</data></row><row><data column="Variable Features">freq;2500.0,tr;6</data><data column="Performance">119.7</data></row><row><data column="Variable Features">freq;2700.0,tr;1</data><data column="Performance">277.38</data></row><row><data column="Variable Features">freq;2700.0,tr;2</data><data column="Performance">192.59</data></row><row><data column="Variable Features">freq;2700.0,tr;3</data><data column="Performance">137.31</data></row><row><data column="Variable Features">freq;2700.0,tr;4</data><data column="Performance">112.93</data></row><row><data column="Variable Features">freq;2700.0,tr;5</data><data column="Performance">117.92</data></row><row><data column="Variable Features">freq;2700.0,tr;6</data><data column="Performance">114.75</data></row><row><data column="Variable Features">freq;2800.0,tr;1</data><data column="Performance">274.86</data></row><row><data column="Variable Features">freq;2800.0,tr;2</data><data column="Performance">188.84</data></row><row><data column="Variable Features">freq;2800.0,tr;3</data><data column="Performance">136.03</data></row><row><data column="Variable Features">freq;2800.0,tr;4</data><data column="Performance">111.62</data></row><row><data column="Variable Features">freq;2800.0,tr;5</data><data column="Performance">118.16</data></row><row><data column="Variable Features">freq;2800.0,tr;6</data><data column="Performance">117.09</data></row><row><data column="Variable Features">freq;2900.0,tr;1</data><data column="Performance">271.95</data></row><row><data column="Variable Features">freq;2900.0,tr;2</data><data column="Performance">186.54</data></row><row><data column="Variable Features">freq;2900.0,tr;3</data><data column="Performance">136.25</data></row><row><data column="Variable Features">freq;2900.0,tr;4</data><data column="Performance">111.44</data></row><row><data column="Variable Features">freq;2900.0,tr;5</data><data column="Performance">116.25</data></row><row><data column="Variable Features">freq;2900.0,tr;6</data><data column="Performance">115.82</data></row><row><data column="Variable Features">freq;3000.0,tr;1</data><data column="Performance">276.42</data></row><row><data column="Variable Features">freq;3000.0,tr;2</data><data column="Performance">200.94</data></row><row><data column="Variable Features">freq;3000.0,tr;3</data><data column="Performance">144.56</data></row><row><data column="Variable Features">freq;3000.0,tr;4</data><data column="Performance">117.71</data></row><row><data column="Variable Features">freq;3000.0,tr;5</data><data column="Performance">125.16</data></row><row><data column="Variable Features">freq;3000.0,tr;6</data><data column="Performance">127.31</data></row></results>