<results><row><data column="Variable Features">freq;1200.0,tr;1</data><data column="Performance">1905.29</data></row><row><data column="Variable Features">freq;1200.0,tr;2</data><data column="Performance">1029.76</data></row><row><data column="Variable Features">freq;1200.0,tr;3</data><data column="Performance">596.8</data></row><row><data column="Variable Features">freq;1200.0,tr;4</data><data column="Performance">369.38</data></row><row><data column="Variable Features">freq;1200.0,tr;5</data><data column="Performance">259.18</data></row><row><data column="Variable Features">freq;1200.0,tr;6</data><data column="Performance">224.53</data></row><row><data column="Variable Features">freq;1600.0,tr;1</data><data column="Performance">1492.07</data></row><row><data column="Variable Features">freq;1600.0,tr;2</data><data column="Performance">828.38</data></row><row><data column="Variable Features">freq;1600.0,tr;3</data><data column="Performance">502.03</data></row><row><data column="Variable Features">freq;1600.0,tr;4</data><data column="Performance">316.13</data></row><row><data column="Variable Features">freq;1600.0,tr;5</data><data column="Performance">240.9</data></row><row><data column="Variable Features">freq;1600.0,tr;6</data><data column="Performance">198.99</data></row><row><data column="Variable Features">freq;1800.0,tr;1</data><data column="Performance">1362.6</data></row><row><data column="Variable Features">freq;1800.0,tr;2</data><data column="Performance">764.56</data></row><row><data column="Variable Features">freq;1800.0,tr;3</data><data column="Performance">468.41</data></row><row><data column="Variable Features">freq;1800.0,tr;4</data><data column="Performance">314.1</data></row><row><data column="Variable Features">freq;1800.0,tr;5</data><data column="Performance">236.51</data></row><row><data column="Variable Features">freq;1800.0,tr;6</data><data column="Performance">202.64</data></row><row><data column="Variable Features">freq;2200.0,tr;1</data><data column="Performance">1175.63</data></row><row><data column="Variable Features">freq;2200.0,tr;2</data><data column="Performance">695.16</data></row><row><data column="Variable Features">freq;2200.0,tr;3</data><data column="Performance">435.92</data></row><row><data column="Variable Features">freq;2200.0,tr;4</data><data column="Performance">296.53</data></row><row><data column="Variable Features">freq;2200.0,tr;5</data><data column="Performance">230.49</data></row><row><data column="Variable Features">freq;2200.0,tr;6</data><data column="Performance">197.66</data></row><row><data column="Variable Features">freq;2400.0,tr;1</data><data column="Performance">1109.45</data></row><row><data column="Variable Features">freq;2400.0,tr;2</data><data column="Performance">667.14</data></row><row><data column="Variable Features">freq;2400.0,tr;3</data><data column="Performance">424.7</data></row><row><data column="Variable Features">freq;2400.0,tr;4</data><data column="Performance">297.21</data></row><row><data column="Variable Features">freq;2400.0,tr;5</data><data column="Performance">233.95</data></row><row><data column="Variable Features">freq;2400.0,tr;6</data><data column="Performance">200.73</data></row><row><data column="Variable Features">freq;2700.0,tr;1</data><data column="Performance">1039.97</data></row><row><data column="Variable Features">freq;2700.0,tr;2</data><data column="Performance">633.51</data></row><row><data column="Variable Features">freq;2700.0,tr;3</data><data column="Performance">414.82</data></row><row><data column="Variable Features">freq;2700.0,tr;4</data><data column="Performance">299.46</data></row><row><data column="Variable Features">freq;2700.0,tr;5</data><data column="Performance">244.82</data></row><row><data column="Variable Features">freq;2700.0,tr;6</data><data column="Performance">208.07</data></row><row><data column="Variable Features">freq;3000.0,tr;1</data><data column="Performance">925.47</data></row><row><data column="Variable Features">freq;3000.0,tr;2</data><data column="Performance">644.63</data></row><row><data column="Variable Features">freq;3000.0,tr;3</data><data column="Performance">447.56</data></row><row><data column="Variable Features">freq;3000.0,tr;4</data><data column="Performance">336.62</data></row><row><data column="Variable Features">freq;3000.0,tr;5</data><data column="Performance">289.69</data></row><row><data column="Variable Features">freq;3000.0,tr;6</data><data column="Performance">244.31</data></row><row><data column="Variable Features">freq;1300.0,tr;1</data><data column="Performance">1784.37</data></row><row><data column="Variable Features">freq;1300.0,tr;2</data><data column="Performance">992.73</data></row><row><data column="Variable Features">freq;1300.0,tr;3</data><data column="Performance">552.15</data></row><row><data column="Variable Features">freq;1300.0,tr;4</data><data column="Performance">354.26</data></row><row><data column="Variable Features">freq;1300.0,tr;5</data><data column="Performance">254.45</data></row><row><data column="Variable Features">freq;1300.0,tr;6</data><data column="Performance">214.14</data></row><row><data column="Variable Features">freq;1700.0,tr;1</data><data column="Performance">1415.79</data></row><row><data column="Variable Features">freq;1700.0,tr;2</data><data column="Performance">812.9</data></row><row><data column="Variable Features">freq;1700.0,tr;3</data><data column="Performance">497.76</data></row><row><data column="Variable Features">freq;1700.0,tr;4</data><data column="Performance">314.44</data></row><row><data column="Variable Features">freq;1700.0,tr;5</data><data column="Performance">236.21</data></row><row><data column="Variable Features">freq;1700.0,tr;6</data><data column="Performance">203.82</data></row><row><data column="Variable Features">freq;1900.0,tr;1</data><data column="Performance">1317.0</data></row><row><data column="Variable Features">freq;1900.0,tr;2</data><data column="Performance">753.73</data></row><row><data column="Variable Features">freq;1900.0,tr;3</data><data column="Performance">456.63</data></row><row><data column="Variable Features">freq;1900.0,tr;4</data><data column="Performance">308.17</data></row><row><data column="Variable Features">freq;1900.0,tr;5</data><data column="Performance">242.15</data></row><row><data column="Variable Features">freq;1900.0,tr;6</data><data column="Performance">204.02</data></row><row><data column="Variable Features">freq;2300.0,tr;1</data><data column="Performance">1140.54</data></row><row><data column="Variable Features">freq;2300.0,tr;2</data><data column="Performance">696.3</data></row><row><data column="Variable Features">freq;2300.0,tr;3</data><data column="Performance">425.06</data></row><row><data column="Variable Features">freq;2300.0,tr;4</data><data column="Performance">303.21</data></row><row><data column="Variable Features">freq;2300.0,tr;5</data><data column="Performance">234.7</data></row><row><data column="Variable Features">freq;2300.0,tr;6</data><data column="Performance">202.87</data></row><row><data column="Variable Features">freq;2500.0,tr;1</data><data column="Performance">1075.96</data></row><row><data column="Variable Features">freq;2500.0,tr;2</data><data column="Performance">657.46</data></row><row><data column="Variable Features">freq;2500.0,tr;3</data><data column="Performance">420.31</data></row><row><data column="Variable Features">freq;2500.0,tr;4</data><data column="Performance">298.32</data></row><row><data column="Variable Features">freq;2500.0,tr;5</data><data column="Performance">232.44</data></row><row><data column="Variable Features">freq;2500.0,tr;6</data><data column="Performance">211.58</data></row><row><data column="Variable Features">freq;2800.0,tr;1</data><data column="Performance">996.49</data></row><row><data column="Variable Features">freq;2800.0,tr;2</data><data column="Performance">625.29</data></row><row><data column="Variable Features">freq;2800.0,tr;3</data><data column="Performance">407.08</data></row><row><data column="Variable Features">freq;2800.0,tr;4</data><data column="Performance">309.6</data></row><row><data column="Variable Features">freq;2800.0,tr;5</data><data column="Performance">251.46</data></row><row><data column="Variable Features">freq;2800.0,tr;6</data><data column="Performance">216.17</data></row><row><data column="Variable Features">freq;1400.0,tr;1</data><data column="Performance">1660.66</data></row><row><data column="Variable Features">freq;1400.0,tr;2</data><data column="Performance">929.53</data></row><row><data column="Variable Features">freq;1400.0,tr;3</data><data column="Performance">547.24</data></row><row><data column="Variable Features">freq;1400.0,tr;4</data><data column="Performance">342.18</data></row><row><data column="Variable Features">freq;1400.0,tr;5</data><data column="Performance">255.7</data></row><row><data column="Variable Features">freq;1400.0,tr;6</data><data column="Performance">207.85</data></row><row><data column="Variable Features">freq;2900.0,tr;1</data><data column="Performance">994.04</data></row><row><data column="Variable Features">freq;2900.0,tr;2</data><data column="Performance">629.27</data></row><row><data column="Variable Features">freq;2900.0,tr;3</data><data column="Performance">414.61</data></row><row><data column="Variable Features">freq;2900.0,tr;4</data><data column="Performance">312.75</data></row><row><data column="Variable Features">freq;2900.0,tr;5</data><data column="Performance">255.01</data></row><row><data column="Variable Features">freq;2900.0,tr;6</data><data column="Performance">224.4</data></row><row><data column="Variable Features">freq;2000.0,tr;1</data><data column="Performance">1267.56</data></row><row><data column="Variable Features">freq;2000.0,tr;2</data><data column="Performance">750.66</data></row><row><data column="Variable Features">freq;2000.0,tr;3</data><data column="Performance">452.15</data></row><row><data column="Variable Features">freq;2000.0,tr;4</data><data column="Performance">308.59</data></row><row><data column="Variable Features">freq;2000.0,tr;5</data><data column="Performance">243.11</data></row><row><data column="Variable Features">freq;2000.0,tr;6</data><data column="Performance">199.05</data></row></results>