<results><row><data column="Variable Features">freq;1200.0,tr;1</data><data column="Performance">2583.26</data></row><row><data column="Variable Features">freq;1200.0,tr;2</data><data column="Performance">1377.2</data></row><row><data column="Variable Features">freq;1200.0,tr;3</data><data column="Performance">757.24</data></row><row><data column="Variable Features">freq;1200.0,tr;4</data><data column="Performance">555.37</data></row><row><data column="Variable Features">freq;1200.0,tr;5</data><data column="Performance">1072.48</data></row><row><data column="Variable Features">freq;1200.0,tr;6</data><data column="Performance">1085.2</data></row><row><data column="Variable Features">freq;1600.0,tr;1</data><data column="Performance">1997.11</data></row><row><data column="Variable Features">freq;1600.0,tr;2</data><data column="Performance">1085.23</data></row><row><data column="Variable Features">freq;1600.0,tr;3</data><data column="Performance">606.73</data></row><row><data column="Variable Features">freq;1600.0,tr;4</data><data column="Performance">362.9</data></row><row><data column="Variable Features">freq;1600.0,tr;5</data><data column="Performance">867.68</data></row><row><data column="Variable Features">freq;1600.0,tr;6</data><data column="Performance">866.13</data></row><row><data column="Variable Features">freq;1800.0,tr;1</data><data column="Performance">1814.44</data></row><row><data column="Variable Features">freq;1800.0,tr;2</data><data column="Performance">995.28</data></row><row><data column="Variable Features">freq;1800.0,tr;3</data><data column="Performance">557.94</data></row><row><data column="Variable Features">freq;1800.0,tr;4</data><data column="Performance">409.51</data></row><row><data column="Variable Features">freq;1800.0,tr;5</data><data column="Performance">776.99</data></row><row><data column="Variable Features">freq;1800.0,tr;6</data><data column="Performance">868.35</data></row><row><data column="Variable Features">freq;2200.0,tr;1</data><data column="Performance">1563.79</data></row><row><data column="Variable Features">freq;2200.0,tr;2</data><data column="Performance">869.48</data></row><row><data column="Variable Features">freq;2200.0,tr;3</data><data column="Performance">496.68</data></row><row><data column="Variable Features">freq;2200.0,tr;4</data><data column="Performance">478.78</data></row><row><data column="Variable Features">freq;2200.0,tr;5</data><data column="Performance">637.04</data></row><row><data column="Variable Features">freq;2200.0,tr;6</data><data column="Performance">614.92</data></row><row><data column="Variable Features">freq;2400.0,tr;1</data><data column="Performance">1456.09</data></row><row><data column="Variable Features">freq;2400.0,tr;2</data><data column="Performance">803.78</data></row><row><data column="Variable Features">freq;2400.0,tr;3</data><data column="Performance">470.27</data></row><row><data column="Variable Features">freq;2400.0,tr;4</data><data column="Performance">524.94</data></row><row><data column="Variable Features">freq;2400.0,tr;5</data><data column="Performance">655.82</data></row><row><data column="Variable Features">freq;2400.0,tr;6</data><data column="Performance">690.76</data></row><row><data column="Variable Features">freq;2700.0,tr;1</data><data column="Performance">1346.63</data></row><row><data column="Variable Features">freq;2700.0,tr;2</data><data column="Performance">755.74</data></row><row><data column="Variable Features">freq;2700.0,tr;3</data><data column="Performance">446.93</data></row><row><data column="Variable Features">freq;2700.0,tr;4</data><data column="Performance">521.46</data></row><row><data column="Variable Features">freq;2700.0,tr;5</data><data column="Performance">623.78</data></row><row><data column="Variable Features">freq;2700.0,tr;6</data><data column="Performance">603.87</data></row><row><data column="Variable Features">freq;3000.0,tr;1</data><data column="Performance">1217.78</data></row><row><data column="Variable Features">freq;3000.0,tr;2</data><data column="Performance">727.58</data></row><row><data column="Variable Features">freq;3000.0,tr;3</data><data column="Performance">466.65</data></row><row><data column="Variable Features">freq;3000.0,tr;4</data><data column="Performance">665.9</data></row><row><data column="Variable Features">freq;3000.0,tr;5</data><data column="Performance">684.65</data></row><row><data column="Variable Features">freq;3000.0,tr;6</data><data column="Performance">667.25</data></row><row><data column="Variable Features">freq;1300.0,tr;1</data><data column="Performance">2403.58</data></row><row><data column="Variable Features">freq;1300.0,tr;2</data><data column="Performance">1293.12</data></row><row><data column="Variable Features">freq;1300.0,tr;3</data><data column="Performance">723.68</data></row><row><data column="Variable Features">freq;1300.0,tr;4</data><data column="Performance">675.98</data></row><row><data column="Variable Features">freq;1300.0,tr;5</data><data column="Performance">899.64</data></row><row><data column="Variable Features">freq;1300.0,tr;6</data><data column="Performance">875.57</data></row><row><data column="Variable Features">freq;1700.0,tr;1</data><data column="Performance">1902.61</data></row><row><data column="Variable Features">freq;1700.0,tr;2</data><data column="Performance">1049.39</data></row><row><data column="Variable Features">freq;1700.0,tr;3</data><data column="Performance">590.45</data></row><row><data column="Variable Features">freq;1700.0,tr;4</data><data column="Performance">360.33</data></row><row><data column="Variable Features">freq;1700.0,tr;5</data><data column="Performance">814.89</data></row><row><data column="Variable Features">freq;1700.0,tr;6</data><data column="Performance">805.85</data></row><row><data column="Variable Features">freq;1900.0,tr;1</data><data column="Performance">1741.2</data></row><row><data column="Variable Features">freq;1900.0,tr;2</data><data column="Performance">965.29</data></row><row><data column="Variable Features">freq;1900.0,tr;3</data><data column="Performance">557.43</data></row><row><data column="Variable Features">freq;1900.0,tr;4</data><data column="Performance">404.73</data></row><row><data column="Variable Features">freq;1900.0,tr;5</data><data column="Performance">731.71</data></row><row><data column="Variable Features">freq;1900.0,tr;6</data><data column="Performance">648.16</data></row><row><data column="Variable Features">freq;2300.0,tr;1</data><data column="Performance">1526.7</data></row><row><data column="Variable Features">freq;2300.0,tr;2</data><data column="Performance">847.82</data></row><row><data column="Variable Features">freq;2300.0,tr;3</data><data column="Performance">502.6</data></row><row><data column="Variable Features">freq;2300.0,tr;4</data><data column="Performance">420.78</data></row><row><data column="Variable Features">freq;2300.0,tr;5</data><data column="Performance">617.14</data></row><row><data column="Variable Features">freq;2300.0,tr;6</data><data column="Performance">805.06</data></row><row><data column="Variable Features">freq;2500.0,tr;1</data><data column="Performance">1434.61</data></row><row><data column="Variable Features">freq;2500.0,tr;2</data><data column="Performance">804.21</data></row><row><data column="Variable Features">freq;2500.0,tr;3</data><data column="Performance">477.09</data></row><row><data column="Variable Features">freq;2500.0,tr;4</data><data column="Performance">419.99</data></row><row><data column="Variable Features">freq;2500.0,tr;5</data><data column="Performance">672.32</data></row><row><data column="Variable Features">freq;2500.0,tr;6</data><data column="Performance">626.41</data></row><row><data column="Variable Features">freq;2800.0,tr;1</data><data column="Performance">1332.19</data></row><row><data column="Variable Features">freq;2800.0,tr;2</data><data column="Performance">749.89</data></row><row><data column="Variable Features">freq;2800.0,tr;3</data><data column="Performance">457.93</data></row><row><data column="Variable Features">freq;2800.0,tr;4</data><data column="Performance">395.22</data></row><row><data column="Variable Features">freq;2800.0,tr;5</data><data column="Performance">583.43</data></row><row><data column="Variable Features">freq;2800.0,tr;6</data><data column="Performance">670.72</data></row><row><data column="Variable Features">freq;1400.0,tr;1</data><data column="Performance">2250.36</data></row><row><data column="Variable Features">freq;1400.0,tr;2</data><data column="Performance">1228.12</data></row><row><data column="Variable Features">freq;1400.0,tr;3</data><data column="Performance">686.49</data></row><row><data column="Variable Features">freq;1400.0,tr;4</data><data column="Performance">509.63</data></row><row><data column="Variable Features">freq;1400.0,tr;5</data><data column="Performance">961.33</data></row><row><data column="Variable Features">freq;1400.0,tr;6</data><data column="Performance">914.58</data></row><row><data column="Variable Features">freq;2900.0,tr;1</data><data column="Performance">1300.41</data></row><row><data column="Variable Features">freq;2900.0,tr;2</data><data column="Performance">739.8</data></row><row><data column="Variable Features">freq;2900.0,tr;3</data><data column="Performance">449.81</data></row><row><data column="Variable Features">freq;2900.0,tr;4</data><data column="Performance">515.59</data></row><row><data column="Variable Features">freq;2900.0,tr;5</data><data column="Performance">600.41</data></row><row><data column="Variable Features">freq;2900.0,tr;6</data><data column="Performance">550.19</data></row><row><data column="Variable Features">freq;2000.0,tr;1</data><data column="Performance">1685.76</data></row><row><data column="Variable Features">freq;2000.0,tr;2</data><data column="Performance">920.63</data></row><row><data column="Variable Features">freq;2000.0,tr;3</data><data column="Performance">531.5</data></row><row><data column="Variable Features">freq;2000.0,tr;4</data><data column="Performance">445.46</data></row><row><data column="Variable Features">freq;2000.0,tr;5</data><data column="Performance">614.69</data></row><row><data column="Variable Features">freq;2000.0,tr;6</data><data column="Performance">622.41</data></row></results>