<results><row><data column="Variable Features">freq;1200.0,tr;1</data><data column="Performance">19894.06</data></row><row><data column="Variable Features">freq;1200.0,tr;2</data><data column="Performance">7926.35</data></row><row><data column="Variable Features">freq;1200.0,tr;3</data><data column="Performance">4148.59</data></row><row><data column="Variable Features">freq;1200.0,tr;4</data><data column="Performance">2608.95</data></row><row><data column="Variable Features">freq;1200.0,tr;5</data><data column="Performance">2506.54</data></row><row><data column="Variable Features">freq;1200.0,tr;6</data><data column="Performance">2722.03</data></row><row><data column="Variable Features">freq;1600.0,tr;1</data><data column="Performance">14785.63</data></row><row><data column="Variable Features">freq;1600.0,tr;2</data><data column="Performance">6028.43</data></row><row><data column="Variable Features">freq;1600.0,tr;3</data><data column="Performance">3166.86</data></row><row><data column="Variable Features">freq;1600.0,tr;4</data><data column="Performance">1889.33</data></row><row><data column="Variable Features">freq;1600.0,tr;5</data><data column="Performance">1921.46</data></row><row><data column="Variable Features">freq;1600.0,tr;6</data><data column="Performance">1546.89</data></row><row><data column="Variable Features">freq;1800.0,tr;1</data><data column="Performance">13538.01</data></row><row><data column="Variable Features">freq;1800.0,tr;2</data><data column="Performance">5412.71</data></row><row><data column="Variable Features">freq;1800.0,tr;3</data><data column="Performance">2917.23</data></row><row><data column="Variable Features">freq;1800.0,tr;4</data><data column="Performance">1893.09</data></row><row><data column="Variable Features">freq;1800.0,tr;5</data><data column="Performance">1715.16</data></row><row><data column="Variable Features">freq;1800.0,tr;6</data><data column="Performance">1821.21</data></row><row><data column="Variable Features">freq;2200.0,tr;1</data><data column="Performance">11866.66</data></row><row><data column="Variable Features">freq;2200.0,tr;2</data><data column="Performance">4699.47</data></row><row><data column="Variable Features">freq;2200.0,tr;3</data><data column="Performance">2576.4</data></row><row><data column="Variable Features">freq;2200.0,tr;4</data><data column="Performance">1646.53</data></row><row><data column="Variable Features">freq;2200.0,tr;5</data><data column="Performance">2240.25</data></row><row><data column="Variable Features">freq;2200.0,tr;6</data><data column="Performance">1500.34</data></row><row><data column="Variable Features">freq;2400.0,tr;1</data><data column="Performance">11240.65</data></row><row><data column="Variable Features">freq;2400.0,tr;2</data><data column="Performance">4462.42</data></row><row><data column="Variable Features">freq;2400.0,tr;3</data><data column="Performance">2436.68</data></row><row><data column="Variable Features">freq;2400.0,tr;4</data><data column="Performance">1870.53</data></row><row><data column="Variable Features">freq;2400.0,tr;5</data><data column="Performance">2029.42</data></row><row><data column="Variable Features">freq;2400.0,tr;6</data><data column="Performance">1523.08</data></row><row><data column="Variable Features">freq;2700.0,tr;1</data><data column="Performance">12310.73</data></row><row><data column="Variable Features">freq;2700.0,tr;2</data><data column="Performance">4871.31</data></row><row><data column="Variable Features">freq;2700.0,tr;3</data><data column="Performance">2697.35</data></row><row><data column="Variable Features">freq;2700.0,tr;4</data><data column="Performance">1898.17</data></row><row><data column="Variable Features">freq;2700.0,tr;5</data><data column="Performance">1870.01</data></row><row><data column="Variable Features">freq;2700.0,tr;6</data><data column="Performance">1464.02</data></row><row><data column="Variable Features">freq;3000.0,tr;1</data><data column="Performance">12361.38</data></row><row><data column="Variable Features">freq;3000.0,tr;2</data><data column="Performance">5088.47</data></row><row><data column="Variable Features">freq;3000.0,tr;3</data><data column="Performance">2931.95</data></row><row><data column="Variable Features">freq;3000.0,tr;4</data><data column="Performance">2126.93</data></row><row><data column="Variable Features">freq;3000.0,tr;5</data><data column="Performance">2375.38</data></row><row><data column="Variable Features">freq;3000.0,tr;6</data><data column="Performance">2103.61</data></row><row><data column="Variable Features">freq;1300.0,tr;1</data><data column="Performance">17392.77</data></row><row><data column="Variable Features">freq;1300.0,tr;2</data><data column="Performance">7067.93</data></row><row><data column="Variable Features">freq;1300.0,tr;3</data><data column="Performance">3681.68</data></row><row><data column="Variable Features">freq;1300.0,tr;4</data><data column="Performance">2230.75</data></row><row><data column="Variable Features">freq;1300.0,tr;5</data><data column="Performance">2538.23</data></row><row><data column="Variable Features">freq;1300.0,tr;6</data><data column="Performance">2423.61</data></row><row><data column="Variable Features">freq;1700.0,tr;1</data><data column="Performance">16323.12</data></row><row><data column="Variable Features">freq;1700.0,tr;2</data><data column="Performance">6145.78</data></row><row><data column="Variable Features">freq;1700.0,tr;3</data><data column="Performance">3283.69</data></row><row><data column="Variable Features">freq;1700.0,tr;4</data><data column="Performance">2000.33</data></row><row><data column="Variable Features">freq;1700.0,tr;5</data><data column="Performance">1990.37</data></row><row><data column="Variable Features">freq;1700.0,tr;6</data><data column="Performance">1635.52</data></row><row><data column="Variable Features">freq;1900.0,tr;1</data><data column="Performance">15196.81</data></row><row><data column="Variable Features">freq;1900.0,tr;2</data><data column="Performance">5745.15</data></row><row><data column="Variable Features">freq;1900.0,tr;3</data><data column="Performance">3135.6</data></row><row><data column="Variable Features">freq;1900.0,tr;4</data><data column="Performance">1919.45</data></row><row><data column="Variable Features">freq;1900.0,tr;5</data><data column="Performance">1847.45</data></row><row><data column="Variable Features">freq;1900.0,tr;6</data><data column="Performance">1829.1</data></row><row><data column="Variable Features">freq;2300.0,tr;1</data><data column="Performance">13520.59</data></row><row><data column="Variable Features">freq;2300.0,tr;2</data><data column="Performance">5212.14</data></row><row><data column="Variable Features">freq;2300.0,tr;3</data><data column="Performance">2899.34</data></row><row><data column="Variable Features">freq;2300.0,tr;4</data><data column="Performance">1815.05</data></row><row><data column="Variable Features">freq;2300.0,tr;5</data><data column="Performance">2046.07</data></row><row><data column="Variable Features">freq;2300.0,tr;6</data><data column="Performance">1996.89</data></row><row><data column="Variable Features">freq;2500.0,tr;1</data><data column="Performance">13010.46</data></row><row><data column="Variable Features">freq;2500.0,tr;2</data><data column="Performance">5059.43</data></row><row><data column="Variable Features">freq;2500.0,tr;3</data><data column="Performance">2824.22</data></row><row><data column="Variable Features">freq;2500.0,tr;4</data><data column="Performance">1869.39</data></row><row><data column="Variable Features">freq;2500.0,tr;5</data><data column="Performance">2043.51</data></row><row><data column="Variable Features">freq;2500.0,tr;6</data><data column="Performance">2065.67</data></row><row><data column="Variable Features">freq;2800.0,tr;1</data><data column="Performance">12438.78</data></row><row><data column="Variable Features">freq;2800.0,tr;2</data><data column="Performance">4924.6</data></row><row><data column="Variable Features">freq;2800.0,tr;3</data><data column="Performance">2755.51</data></row><row><data column="Variable Features">freq;2800.0,tr;4</data><data column="Performance">1854.22</data></row><row><data column="Variable Features">freq;2800.0,tr;5</data><data column="Performance">1689.94</data></row><row><data column="Variable Features">freq;2800.0,tr;6</data><data column="Performance">1428.91</data></row><row><data column="Variable Features">freq;1400.0,tr;1</data><data column="Performance">18580.73</data></row><row><data column="Variable Features">freq;1400.0,tr;2</data><data column="Performance">6984.47</data></row><row><data column="Variable Features">freq;1400.0,tr;3</data><data column="Performance">3729.15</data></row><row><data column="Variable Features">freq;1400.0,tr;4</data><data column="Performance">2306.97</data></row><row><data column="Variable Features">freq;1400.0,tr;5</data><data column="Performance">2349.06</data></row><row><data column="Variable Features">freq;1400.0,tr;6</data><data column="Performance">2408.27</data></row><row><data column="Variable Features">freq;2900.0,tr;1</data><data column="Performance">10726.27</data></row><row><data column="Variable Features">freq;2900.0,tr;2</data><data column="Performance">4205.93</data></row><row><data column="Variable Features">freq;2900.0,tr;3</data><data column="Performance">2313.57</data></row><row><data column="Variable Features">freq;2900.0,tr;4</data><data column="Performance">1746.23</data></row><row><data column="Variable Features">freq;2900.0,tr;5</data><data column="Performance">2263.65</data></row><row><data column="Variable Features">freq;2900.0,tr;6</data><data column="Performance">1944.66</data></row><row><data column="Variable Features">freq;2000.0,tr;1</data><data column="Performance">13471.12</data></row><row><data column="Variable Features">freq;2000.0,tr;2</data><data column="Performance">5286.84</data></row><row><data column="Variable Features">freq;2000.0,tr;3</data><data column="Performance">2820.1</data></row><row><data column="Variable Features">freq;2000.0,tr;4</data><data column="Performance">1835.19</data></row><row><data column="Variable Features">freq;2000.0,tr;5</data><data column="Performance">1807.61</data></row><row><data column="Variable Features">freq;2000.0,tr;6</data><data column="Performance">1971.16</data></row></results>