<results><row><data column="Variable Features">freq;1200.0,tr;1</data><data column="Performance">2315.47</data></row><row><data column="Variable Features">freq;1200.0,tr;2</data><data column="Performance">1428.05</data></row><row><data column="Variable Features">freq;1200.0,tr;3</data><data column="Performance">978.12</data></row><row><data column="Variable Features">freq;1200.0,tr;4</data><data column="Performance">739.08</data></row><row><data column="Variable Features">freq;1200.0,tr;5</data><data column="Performance">637.81</data></row><row><data column="Variable Features">freq;1200.0,tr;6</data><data column="Performance">634.47</data></row><row><data column="Variable Features">freq;1600.0,tr;1</data><data column="Performance">1793.0</data></row><row><data column="Variable Features">freq;1600.0,tr;2</data><data column="Performance">1116.57</data></row><row><data column="Variable Features">freq;1600.0,tr;3</data><data column="Performance">769.14</data></row><row><data column="Variable Features">freq;1600.0,tr;4</data><data column="Performance">585.84</data></row><row><data column="Variable Features">freq;1600.0,tr;5</data><data column="Performance">511.59</data></row><row><data column="Variable Features">freq;1600.0,tr;6</data><data column="Performance">508.71</data></row><row><data column="Variable Features">freq;1800.0,tr;1</data><data column="Performance">1628.45</data></row><row><data column="Variable Features">freq;1800.0,tr;2</data><data column="Performance">1017.12</data></row><row><data column="Variable Features">freq;1800.0,tr;3</data><data column="Performance">693.8</data></row><row><data column="Variable Features">freq;1800.0,tr;4</data><data column="Performance">537.66</data></row><row><data column="Variable Features">freq;1800.0,tr;5</data><data column="Performance">474.73</data></row><row><data column="Variable Features">freq;1800.0,tr;6</data><data column="Performance">473.91</data></row><row><data column="Variable Features">freq;2200.0,tr;1</data><data column="Performance">1389.96</data></row><row><data column="Variable Features">freq;2200.0,tr;2</data><data column="Performance">868.42</data></row><row><data column="Variable Features">freq;2200.0,tr;3</data><data column="Performance">607.95</data></row><row><data column="Variable Features">freq;2200.0,tr;4</data><data column="Performance">477.72</data></row><row><data column="Variable Features">freq;2200.0,tr;5</data><data column="Performance">423.97</data></row><row><data column="Variable Features">freq;2200.0,tr;6</data><data column="Performance">427.64</data></row><row><data column="Variable Features">freq;2400.0,tr;1</data><data column="Performance">1296.08</data></row><row><data column="Variable Features">freq;2400.0,tr;2</data><data column="Performance">813.9</data></row><row><data column="Variable Features">freq;2400.0,tr;3</data><data column="Performance">573.49</data></row><row><data column="Variable Features">freq;2400.0,tr;4</data><data column="Performance">389.73</data></row><row><data column="Variable Features">freq;2400.0,tr;5</data><data column="Performance">402.1</data></row><row><data column="Variable Features">freq;2400.0,tr;6</data><data column="Performance">402.0</data></row><row><data column="Variable Features">freq;2700.0,tr;1</data><data column="Performance">1195.49</data></row><row><data column="Variable Features">freq;2700.0,tr;2</data><data column="Performance">753.47</data></row><row><data column="Variable Features">freq;2700.0,tr;3</data><data column="Performance">535.24</data></row><row><data column="Variable Features">freq;2700.0,tr;4</data><data column="Performance">430.72</data></row><row><data column="Variable Features">freq;2700.0,tr;5</data><data column="Performance">387.08</data></row><row><data column="Variable Features">freq;2700.0,tr;6</data><data column="Performance">390.71</data></row><row><data column="Variable Features">freq;3000.0,tr;1</data><data column="Performance">1058.96</data></row><row><data column="Variable Features">freq;3000.0,tr;2</data><data column="Performance">697.06</data></row><row><data column="Variable Features">freq;3000.0,tr;3</data><data column="Performance">456.31</data></row><row><data column="Variable Features">freq;3000.0,tr;4</data><data column="Performance">373.25</data></row><row><data column="Variable Features">freq;3000.0,tr;5</data><data column="Performance">398.7</data></row><row><data column="Variable Features">freq;3000.0,tr;6</data><data column="Performance">393.37</data></row><row><data column="Variable Features">freq;1300.0,tr;1</data><data column="Performance">2163.24</data></row><row><data column="Variable Features">freq;1300.0,tr;2</data><data column="Performance">1332.68</data></row><row><data column="Variable Features">freq;1300.0,tr;3</data><data column="Performance">913.6</data></row><row><data column="Variable Features">freq;1300.0,tr;4</data><data column="Performance">705.04</data></row><row><data column="Variable Features">freq;1300.0,tr;5</data><data column="Performance">591.31</data></row><row><data column="Variable Features">freq;1300.0,tr;6</data><data column="Performance">592.89</data></row><row><data column="Variable Features">freq;1700.0,tr;1</data><data column="Performance">1697.99</data></row><row><data column="Variable Features">freq;1700.0,tr;2</data><data column="Performance">1061.96</data></row><row><data column="Variable Features">freq;1700.0,tr;3</data><data column="Performance">733.11</data></row><row><data column="Variable Features">freq;1700.0,tr;4</data><data column="Performance">559.77</data></row><row><data column="Variable Features">freq;1700.0,tr;5</data><data column="Performance">488.33</data></row><row><data column="Variable Features">freq;1700.0,tr;6</data><data column="Performance">487.14</data></row><row><data column="Variable Features">freq;1900.0,tr;1</data><data column="Performance">1559.89</data></row><row><data column="Variable Features">freq;1900.0,tr;2</data><data column="Performance">972.42</data></row><row><data column="Variable Features">freq;1900.0,tr;3</data><data column="Performance">673.58</data></row><row><data column="Variable Features">freq;1900.0,tr;4</data><data column="Performance">528.84</data></row><row><data column="Variable Features">freq;1900.0,tr;5</data><data column="Performance">450.8</data></row><row><data column="Variable Features">freq;1900.0,tr;6</data><data column="Performance">450.72</data></row><row><data column="Variable Features">freq;2300.0,tr;1</data><data column="Performance">1346.41</data></row><row><data column="Variable Features">freq;2300.0,tr;2</data><data column="Performance">845.46</data></row><row><data column="Variable Features">freq;2300.0,tr;3</data><data column="Performance">594.66</data></row><row><data column="Variable Features">freq;2300.0,tr;4</data><data column="Performance">464.46</data></row><row><data column="Variable Features">freq;2300.0,tr;5</data><data column="Performance">418.69</data></row><row><data column="Variable Features">freq;2300.0,tr;6</data><data column="Performance">420.41</data></row><row><data column="Variable Features">freq;2500.0,tr;1</data><data column="Performance">1261.68</data></row><row><data column="Variable Features">freq;2500.0,tr;2</data><data column="Performance">796.76</data></row><row><data column="Variable Features">freq;2500.0,tr;3</data><data column="Performance">442.03</data></row><row><data column="Variable Features">freq;2500.0,tr;4</data><data column="Performance">388.5</data></row><row><data column="Variable Features">freq;2500.0,tr;5</data><data column="Performance">400.04</data></row><row><data column="Variable Features">freq;2500.0,tr;6</data><data column="Performance">401.82</data></row><row><data column="Variable Features">freq;2800.0,tr;1</data><data column="Performance">1161.86</data></row><row><data column="Variable Features">freq;2800.0,tr;2</data><data column="Performance">740.04</data></row><row><data column="Variable Features">freq;2800.0,tr;3</data><data column="Performance">373.75</data></row><row><data column="Variable Features">freq;2800.0,tr;4</data><data column="Performance">367.61</data></row><row><data column="Variable Features">freq;2800.0,tr;5</data><data column="Performance">386.81</data></row><row><data column="Variable Features">freq;2800.0,tr;6</data><data column="Performance">387.6</data></row><row><data column="Variable Features">freq;1400.0,tr;1</data><data column="Performance">2017.63</data></row><row><data column="Variable Features">freq;1400.0,tr;2</data><data column="Performance">1241.97</data></row><row><data column="Variable Features">freq;1400.0,tr;3</data><data column="Performance">857.66</data></row><row><data column="Variable Features">freq;1400.0,tr;4</data><data column="Performance">661.13</data></row><row><data column="Variable Features">freq;1400.0,tr;5</data><data column="Performance">563.36</data></row><row><data column="Variable Features">freq;1400.0,tr;6</data><data column="Performance">560.67</data></row><row><data column="Variable Features">freq;2900.0,tr;1</data><data column="Performance">1153.38</data></row><row><data column="Variable Features">freq;2900.0,tr;2</data><data column="Performance">730.19</data></row><row><data column="Variable Features">freq;2900.0,tr;3</data><data column="Performance">521.49</data></row><row><data column="Variable Features">freq;2900.0,tr;4</data><data column="Performance">423.71</data></row><row><data column="Variable Features">freq;2900.0,tr;5</data><data column="Performance">381.46</data></row><row><data column="Variable Features">freq;2900.0,tr;6</data><data column="Performance">378.71</data></row><row><data column="Variable Features">freq;2000.0,tr;1</data><data column="Performance">1498.97</data></row><row><data column="Variable Features">freq;2000.0,tr;2</data><data column="Performance">931.47</data></row><row><data column="Variable Features">freq;2000.0,tr;3</data><data column="Performance">649.92</data></row><row><data column="Variable Features">freq;2000.0,tr;4</data><data column="Performance">501.92</data></row><row><data column="Variable Features">freq;2000.0,tr;5</data><data column="Performance">442.43</data></row><row><data column="Variable Features">freq;2000.0,tr;6</data><data column="Performance">446.33</data></row></results>