<results><row><data column="Variable Features">freq;1200.0,tr;1</data><data column="Performance">2092.41</data></row><row><data column="Variable Features">freq;1200.0,tr;2</data><data column="Performance">1132.84</data></row><row><data column="Variable Features">freq;1200.0,tr;3</data><data column="Performance">642.45</data></row><row><data column="Variable Features">freq;1200.0,tr;4</data><data column="Performance">565.06</data></row><row><data column="Variable Features">freq;1200.0,tr;5</data><data column="Performance">1007.13</data></row><row><data column="Variable Features">freq;1200.0,tr;6</data><data column="Performance">870.42</data></row><row><data column="Variable Features">freq;1600.0,tr;1</data><data column="Performance">1632.88</data></row><row><data column="Variable Features">freq;1600.0,tr;2</data><data column="Performance">905.17</data></row><row><data column="Variable Features">freq;1600.0,tr;3</data><data column="Performance">518.85</data></row><row><data column="Variable Features">freq;1600.0,tr;4</data><data column="Performance">361.89</data></row><row><data column="Variable Features">freq;1600.0,tr;5</data><data column="Performance">519.04</data></row><row><data column="Variable Features">freq;1600.0,tr;6</data><data column="Performance">603.34</data></row><row><data column="Variable Features">freq;1800.0,tr;1</data><data column="Performance">1485.72</data></row><row><data column="Variable Features">freq;1800.0,tr;2</data><data column="Performance">829.36</data></row><row><data column="Variable Features">freq;1800.0,tr;3</data><data column="Performance">481.25</data></row><row><data column="Variable Features">freq;1800.0,tr;4</data><data column="Performance">341.53</data></row><row><data column="Variable Features">freq;1800.0,tr;5</data><data column="Performance">656.55</data></row><row><data column="Variable Features">freq;1800.0,tr;6</data><data column="Performance">670.2</data></row><row><data column="Variable Features">freq;2200.0,tr;1</data><data column="Performance">1286.29</data></row><row><data column="Variable Features">freq;2200.0,tr;2</data><data column="Performance">719.64</data></row><row><data column="Variable Features">freq;2200.0,tr;3</data><data column="Performance">426.56</data></row><row><data column="Variable Features">freq;2200.0,tr;4</data><data column="Performance">332.01</data></row><row><data column="Variable Features">freq;2200.0,tr;5</data><data column="Performance">605.69</data></row><row><data column="Variable Features">freq;2200.0,tr;6</data><data column="Performance">695.27</data></row><row><data column="Variable Features">freq;2400.0,tr;1</data><data column="Performance">1206.36</data></row><row><data column="Variable Features">freq;2400.0,tr;2</data><data column="Performance">682.15</data></row><row><data column="Variable Features">freq;2400.0,tr;3</data><data column="Performance">406.91</data></row><row><data column="Variable Features">freq;2400.0,tr;4</data><data column="Performance">314.02</data></row><row><data column="Variable Features">freq;2400.0,tr;5</data><data column="Performance">641.34</data></row><row><data column="Variable Features">freq;2400.0,tr;6</data><data column="Performance">671.74</data></row><row><data column="Variable Features">freq;2700.0,tr;1</data><data column="Performance">1117.93</data></row><row><data column="Variable Features">freq;2700.0,tr;2</data><data column="Performance">636.84</data></row><row><data column="Variable Features">freq;2700.0,tr;3</data><data column="Performance">391.2</data></row><row><data column="Variable Features">freq;2700.0,tr;4</data><data column="Performance">371.86</data></row><row><data column="Variable Features">freq;2700.0,tr;5</data><data column="Performance">437.68</data></row><row><data column="Variable Features">freq;2700.0,tr;6</data><data column="Performance">689.81</data></row><row><data column="Variable Features">freq;3000.0,tr;1</data><data column="Performance">1055.97</data></row><row><data column="Variable Features">freq;3000.0,tr;2</data><data column="Performance">637.21</data></row><row><data column="Variable Features">freq;3000.0,tr;3</data><data column="Performance">430.84</data></row><row><data column="Variable Features">freq;3000.0,tr;4</data><data column="Performance">525.33</data></row><row><data column="Variable Features">freq;3000.0,tr;5</data><data column="Performance">710.21</data></row><row><data column="Variable Features">freq;3000.0,tr;6</data><data column="Performance">831.29</data></row><row><data column="Variable Features">freq;1300.0,tr;1</data><data column="Performance">2042.93</data></row><row><data column="Variable Features">freq;1300.0,tr;2</data><data column="Performance">1112.44</data></row><row><data column="Variable Features">freq;1300.0,tr;3</data><data column="Performance">635.15</data></row><row><data column="Variable Features">freq;1300.0,tr;4</data><data column="Performance">530.74</data></row><row><data column="Variable Features">freq;1300.0,tr;5</data><data column="Performance">845.14</data></row><row><data column="Variable Features">freq;1300.0,tr;6</data><data column="Performance">704.64</data></row><row><data column="Variable Features">freq;1700.0,tr;1</data><data column="Performance">1655.94</data></row><row><data column="Variable Features">freq;1700.0,tr;2</data><data column="Performance">917.19</data></row><row><data column="Variable Features">freq;1700.0,tr;3</data><data column="Performance">530.75</data></row><row><data column="Variable Features">freq;1700.0,tr;4</data><data column="Performance">372.43</data></row><row><data column="Variable Features">freq;1700.0,tr;5</data><data column="Performance">756.34</data></row><row><data column="Variable Features">freq;1700.0,tr;6</data><data column="Performance">680.35</data></row><row><data column="Variable Features">freq;1900.0,tr;1</data><data column="Performance">1527.14</data></row><row><data column="Variable Features">freq;1900.0,tr;2</data><data column="Performance">853.59</data></row><row><data column="Variable Features">freq;1900.0,tr;3</data><data column="Performance">500.03</data></row><row><data column="Variable Features">freq;1900.0,tr;4</data><data column="Performance">390.91</data></row><row><data column="Variable Features">freq;1900.0,tr;5</data><data column="Performance">460.99</data></row><row><data column="Variable Features">freq;1900.0,tr;6</data><data column="Performance">474.61</data></row><row><data column="Variable Features">freq;2300.0,tr;1</data><data column="Performance">1358.07</data></row><row><data column="Variable Features">freq;2300.0,tr;2</data><data column="Performance">763.29</data></row><row><data column="Variable Features">freq;2300.0,tr;3</data><data column="Performance">458.69</data></row><row><data column="Variable Features">freq;2300.0,tr;4</data><data column="Performance">433.89</data></row><row><data column="Variable Features">freq;2300.0,tr;5</data><data column="Performance">643.24</data></row><row><data column="Variable Features">freq;2300.0,tr;6</data><data column="Performance">701.0</data></row><row><data column="Variable Features">freq;2500.0,tr;1</data><data column="Performance">1289.72</data></row><row><data column="Variable Features">freq;2500.0,tr;2</data><data column="Performance">728.74</data></row><row><data column="Variable Features">freq;2500.0,tr;3</data><data column="Performance">441.37</data></row><row><data column="Variable Features">freq;2500.0,tr;4</data><data column="Performance">425.26</data></row><row><data column="Variable Features">freq;2500.0,tr;5</data><data column="Performance">619.4</data></row><row><data column="Variable Features">freq;2500.0,tr;6</data><data column="Performance">664.47</data></row><row><data column="Variable Features">freq;2800.0,tr;1</data><data column="Performance">1212.91</data></row><row><data column="Variable Features">freq;2800.0,tr;2</data><data column="Performance">693.41</data></row><row><data column="Variable Features">freq;2800.0,tr;3</data><data column="Performance">434.28</data></row><row><data column="Variable Features">freq;2800.0,tr;4</data><data column="Performance">445.88</data></row><row><data column="Variable Features">freq;2800.0,tr;5</data><data column="Performance">720.88</data></row><row><data column="Variable Features">freq;2800.0,tr;6</data><data column="Performance">688.52</data></row><row><data column="Variable Features">freq;1400.0,tr;1</data><data column="Performance">1925.12</data></row><row><data column="Variable Features">freq;1400.0,tr;2</data><data column="Performance">1051.19</data></row><row><data column="Variable Features">freq;1400.0,tr;3</data><data column="Performance">602.25</data></row><row><data column="Variable Features">freq;1400.0,tr;4</data><data column="Performance">486.85</data></row><row><data column="Variable Features">freq;1400.0,tr;5</data><data column="Performance">809.49</data></row><row><data column="Variable Features">freq;1400.0,tr;6</data><data column="Performance">844.51</data></row><row><data column="Variable Features">freq;2900.0,tr;1</data><data column="Performance">1201.91</data></row><row><data column="Variable Features">freq;2900.0,tr;2</data><data column="Performance">685.94</data></row><row><data column="Variable Features">freq;2900.0,tr;3</data><data column="Performance">430.05</data></row><row><data column="Variable Features">freq;2900.0,tr;4</data><data column="Performance">375.6</data></row><row><data column="Variable Features">freq;2900.0,tr;5</data><data column="Performance">557.2</data></row><row><data column="Variable Features">freq;2900.0,tr;6</data><data column="Performance">674.56</data></row><row><data column="Variable Features">freq;2000.0,tr;1</data><data column="Performance">1379.78</data></row><row><data column="Variable Features">freq;2000.0,tr;2</data><data column="Performance">768.48</data></row><row><data column="Variable Features">freq;2000.0,tr;3</data><data column="Performance">451.73</data></row><row><data column="Variable Features">freq;2000.0,tr;4</data><data column="Performance">315.27</data></row><row><data column="Variable Features">freq;2000.0,tr;5</data><data column="Performance">584.82</data></row><row><data column="Variable Features">freq;2000.0,tr;6</data><data column="Performance">545.41</data></row></results>