<results><row><data column="Variable Features">freq;1200.0,tr;1</data><data column="Performance">1211.57</data></row><row><data column="Variable Features">freq;1200.0,tr;2</data><data column="Performance">639.82</data></row><row><data column="Variable Features">freq;1200.0,tr;3</data><data column="Performance">342.16</data></row><row><data column="Variable Features">freq;1200.0,tr;4</data><data column="Performance">190.32</data></row><row><data column="Variable Features">freq;1200.0,tr;5</data><data column="Performance">122.78</data></row><row><data column="Variable Features">freq;1200.0,tr;6</data><data column="Performance">92.27</data></row><row><data column="Variable Features">freq;1600.0,tr;1</data><data column="Performance">938.1</data></row><row><data column="Variable Features">freq;1600.0,tr;2</data><data column="Performance">508.76</data></row><row><data column="Variable Features">freq;1600.0,tr;3</data><data column="Performance">277.19</data></row><row><data column="Variable Features">freq;1600.0,tr;4</data><data column="Performance">159.15</data></row><row><data column="Variable Features">freq;1600.0,tr;5</data><data column="Performance">99.36</data></row><row><data column="Variable Features">freq;1600.0,tr;6</data><data column="Performance">78.53</data></row><row><data column="Variable Features">freq;1800.0,tr;1</data><data column="Performance">851.4</data></row><row><data column="Variable Features">freq;1800.0,tr;2</data><data column="Performance">465.52</data></row><row><data column="Variable Features">freq;1800.0,tr;3</data><data column="Performance">258.07</data></row><row><data column="Variable Features">freq;1800.0,tr;4</data><data column="Performance">148.64</data></row><row><data column="Variable Features">freq;1800.0,tr;5</data><data column="Performance">98.22</data></row><row><data column="Variable Features">freq;1800.0,tr;6</data><data column="Performance">78.05</data></row><row><data column="Variable Features">freq;2200.0,tr;1</data><data column="Performance">726.0</data></row><row><data column="Variable Features">freq;2200.0,tr;2</data><data column="Performance">408.73</data></row><row><data column="Variable Features">freq;2200.0,tr;3</data><data column="Performance">228.54</data></row><row><data column="Variable Features">freq;2200.0,tr;4</data><data column="Performance">137.48</data></row><row><data column="Variable Features">freq;2200.0,tr;5</data><data column="Performance">92.78</data></row><row><data column="Variable Features">freq;2200.0,tr;6</data><data column="Performance">72.5</data></row><row><data column="Variable Features">freq;2400.0,tr;1</data><data column="Performance">683.58</data></row><row><data column="Variable Features">freq;2400.0,tr;2</data><data column="Performance">391.05</data></row><row><data column="Variable Features">freq;2400.0,tr;3</data><data column="Performance">221.94</data></row><row><data column="Variable Features">freq;2400.0,tr;4</data><data column="Performance">131.85</data></row><row><data column="Variable Features">freq;2400.0,tr;5</data><data column="Performance">91.34</data></row><row><data column="Variable Features">freq;2400.0,tr;6</data><data column="Performance">70.48</data></row><row><data column="Variable Features">freq;2700.0,tr;1</data><data column="Performance">622.71</data></row><row><data column="Variable Features">freq;2700.0,tr;2</data><data column="Performance">367.18</data></row><row><data column="Variable Features">freq;2700.0,tr;3</data><data column="Performance">210.25</data></row><row><data column="Variable Features">freq;2700.0,tr;4</data><data column="Performance">131.38</data></row><row><data column="Variable Features">freq;2700.0,tr;5</data><data column="Performance">89.69</data></row><row><data column="Variable Features">freq;2700.0,tr;6</data><data column="Performance">70.1</data></row><row><data column="Variable Features">freq;3000.0,tr;1</data><data column="Performance">552.47</data></row><row><data column="Variable Features">freq;3000.0,tr;2</data><data column="Performance">362.62</data></row><row><data column="Variable Features">freq;3000.0,tr;3</data><data column="Performance">225.2</data></row><row><data column="Variable Features">freq;3000.0,tr;4</data><data column="Performance">145.73</data></row><row><data column="Variable Features">freq;3000.0,tr;5</data><data column="Performance">105.49</data></row><row><data column="Variable Features">freq;3000.0,tr;6</data><data column="Performance">78.4</data></row><row><data column="Variable Features">freq;1300.0,tr;1</data><data column="Performance">1128.96</data></row><row><data column="Variable Features">freq;1300.0,tr;2</data><data column="Performance">595.49</data></row><row><data column="Variable Features">freq;1300.0,tr;3</data><data column="Performance">316.65</data></row><row><data column="Variable Features">freq;1300.0,tr;4</data><data column="Performance">180.85</data></row><row><data column="Variable Features">freq;1300.0,tr;5</data><data column="Performance">114.32</data></row><row><data column="Variable Features">freq;1300.0,tr;6</data><data column="Performance">87.71</data></row><row><data column="Variable Features">freq;1700.0,tr;1</data><data column="Performance">894.85</data></row><row><data column="Variable Features">freq;1700.0,tr;2</data><data column="Performance">484.12</data></row><row><data column="Variable Features">freq;1700.0,tr;3</data><data column="Performance">265.91</data></row><row><data column="Variable Features">freq;1700.0,tr;4</data><data column="Performance">152.26</data></row><row><data column="Variable Features">freq;1700.0,tr;5</data><data column="Performance">102.56</data></row><row><data column="Variable Features">freq;1700.0,tr;6</data><data column="Performance">78.0</data></row><row><data column="Variable Features">freq;1900.0,tr;1</data><data column="Performance">808.58</data></row><row><data column="Variable Features">freq;1900.0,tr;2</data><data column="Performance">450.4</data></row><row><data column="Variable Features">freq;1900.0,tr;3</data><data column="Performance">247.11</data></row><row><data column="Variable Features">freq;1900.0,tr;4</data><data column="Performance">144.55</data></row><row><data column="Variable Features">freq;1900.0,tr;5</data><data column="Performance">95.4</data></row><row><data column="Variable Features">freq;1900.0,tr;6</data><data column="Performance">75.63</data></row><row><data column="Variable Features">freq;2300.0,tr;1</data><data column="Performance">700.82</data></row><row><data column="Variable Features">freq;2300.0,tr;2</data><data column="Performance">399.04</data></row><row><data column="Variable Features">freq;2300.0,tr;3</data><data column="Performance">224.62</data></row><row><data column="Variable Features">freq;2300.0,tr;4</data><data column="Performance">133.95</data></row><row><data column="Variable Features">freq;2300.0,tr;5</data><data column="Performance">92.68</data></row><row><data column="Variable Features">freq;2300.0,tr;6</data><data column="Performance">70.55</data></row><row><data column="Variable Features">freq;2500.0,tr;1</data><data column="Performance">661.3</data></row><row><data column="Variable Features">freq;2500.0,tr;2</data><data column="Performance">384.19</data></row><row><data column="Variable Features">freq;2500.0,tr;3</data><data column="Performance">217.99</data></row><row><data column="Variable Features">freq;2500.0,tr;4</data><data column="Performance">134.72</data></row><row><data column="Variable Features">freq;2500.0,tr;5</data><data column="Performance">92.95</data></row><row><data column="Variable Features">freq;2500.0,tr;6</data><data column="Performance">72.47</data></row><row><data column="Variable Features">freq;2800.0,tr;1</data><data column="Performance">616.71</data></row><row><data column="Variable Features">freq;2800.0,tr;2</data><data column="Performance">361.99</data></row><row><data column="Variable Features">freq;2800.0,tr;3</data><data column="Performance">208.36</data></row><row><data column="Variable Features">freq;2800.0,tr;4</data><data column="Performance">130.91</data></row><row><data column="Variable Features">freq;2800.0,tr;5</data><data column="Performance">93.46</data></row><row><data column="Variable Features">freq;2800.0,tr;6</data><data column="Performance">74.39</data></row><row><data column="Variable Features">freq;1400.0,tr;1</data><data column="Performance">1053.52</data></row><row><data column="Variable Features">freq;1400.0,tr;2</data><data column="Performance">562.88</data></row><row><data column="Variable Features">freq;1400.0,tr;3</data><data column="Performance">301.76</data></row><row><data column="Variable Features">freq;1400.0,tr;4</data><data column="Performance">172.76</data></row><row><data column="Variable Features">freq;1400.0,tr;5</data><data column="Performance">110.65</data></row><row><data column="Variable Features">freq;1400.0,tr;6</data><data column="Performance">88.01</data></row><row><data column="Variable Features">freq;2900.0,tr;1</data><data column="Performance">601.38</data></row><row><data column="Variable Features">freq;2900.0,tr;2</data><data column="Performance">358.3</data></row><row><data column="Variable Features">freq;2900.0,tr;3</data><data column="Performance">205.81</data></row><row><data column="Variable Features">freq;2900.0,tr;4</data><data column="Performance">129.82</data></row><row><data column="Variable Features">freq;2900.0,tr;5</data><data column="Performance">93.02</data></row><row><data column="Variable Features">freq;2900.0,tr;6</data><data column="Performance">72.39</data></row><row><data column="Variable Features">freq;2000.0,tr;1</data><data column="Performance">782.49</data></row><row><data column="Variable Features">freq;2000.0,tr;2</data><data column="Performance">436.87</data></row><row><data column="Variable Features">freq;2000.0,tr;3</data><data column="Performance">240.02</data></row><row><data column="Variable Features">freq;2000.0,tr;4</data><data column="Performance">142.2</data></row><row><data column="Variable Features">freq;2000.0,tr;5</data><data column="Performance">99.15</data></row><row><data column="Variable Features">freq;2000.0,tr;6</data><data column="Performance">73.77</data></row></results>