<results><row><data column="Variable Features">freq;1200.0,tr;1</data><data column="Performance">167.61</data></row><row><data column="Variable Features">freq;1200.0,tr;2</data><data column="Performance">133.95</data></row><row><data column="Variable Features">freq;1200.0,tr;3</data><data column="Performance">135.72</data></row><row><data column="Variable Features">freq;1200.0,tr;4</data><data column="Performance">132.73</data></row><row><data column="Variable Features">freq;1200.0,tr;5</data><data column="Performance">132.04</data></row><row><data column="Variable Features">freq;1200.0,tr;6</data><data column="Performance">133.05</data></row><row><data column="Variable Features">freq;1600.0,tr;1</data><data column="Performance">129.38</data></row><row><data column="Variable Features">freq;1600.0,tr;2</data><data column="Performance">105.81</data></row><row><data column="Variable Features">freq;1600.0,tr;3</data><data column="Performance">105.57</data></row><row><data column="Variable Features">freq;1600.0,tr;4</data><data column="Performance">104.52</data></row><row><data column="Variable Features">freq;1600.0,tr;5</data><data column="Performance">108.0</data></row><row><data column="Variable Features">freq;1600.0,tr;6</data><data column="Performance">106.14</data></row><row><data column="Variable Features">freq;1800.0,tr;1</data><data column="Performance">118.49</data></row><row><data column="Variable Features">freq;1800.0,tr;2</data><data column="Performance">96.97</data></row><row><data column="Variable Features">freq;1800.0,tr;3</data><data column="Performance">98.67</data></row><row><data column="Variable Features">freq;1800.0,tr;4</data><data column="Performance">97.87</data></row><row><data column="Variable Features">freq;1800.0,tr;5</data><data column="Performance">96.8</data></row><row><data column="Variable Features">freq;1800.0,tr;6</data><data column="Performance">97.9</data></row><row><data column="Variable Features">freq;2200.0,tr;1</data><data column="Performance">101.87</data></row><row><data column="Variable Features">freq;2200.0,tr;2</data><data column="Performance">85.97</data></row><row><data column="Variable Features">freq;2200.0,tr;3</data><data column="Performance">85.96</data></row><row><data column="Variable Features">freq;2200.0,tr;4</data><data column="Performance">86.65</data></row><row><data column="Variable Features">freq;2200.0,tr;5</data><data column="Performance">86.31</data></row><row><data column="Variable Features">freq;2200.0,tr;6</data><data column="Performance">87.4</data></row><row><data column="Variable Features">freq;2400.0,tr;1</data><data column="Performance">95.35</data></row><row><data column="Variable Features">freq;2400.0,tr;2</data><data column="Performance">82.43</data></row><row><data column="Variable Features">freq;2400.0,tr;3</data><data column="Performance">82.22</data></row><row><data column="Variable Features">freq;2400.0,tr;4</data><data column="Performance">83.33</data></row><row><data column="Variable Features">freq;2400.0,tr;5</data><data column="Performance">81.1</data></row><row><data column="Variable Features">freq;2400.0,tr;6</data><data column="Performance">81.22</data></row><row><data column="Variable Features">freq;2700.0,tr;1</data><data column="Performance">88.52</data></row><row><data column="Variable Features">freq;2700.0,tr;2</data><data column="Performance">78.22</data></row><row><data column="Variable Features">freq;2700.0,tr;3</data><data column="Performance">80.5</data></row><row><data column="Variable Features">freq;2700.0,tr;4</data><data column="Performance">79.2</data></row><row><data column="Variable Features">freq;2700.0,tr;5</data><data column="Performance">76.87</data></row><row><data column="Variable Features">freq;2700.0,tr;6</data><data column="Performance">77.86</data></row><row><data column="Variable Features">freq;3000.0,tr;1</data><data column="Performance">83.79</data></row><row><data column="Variable Features">freq;3000.0,tr;2</data><data column="Performance">77.12</data></row><row><data column="Variable Features">freq;3000.0,tr;3</data><data column="Performance">79.98</data></row><row><data column="Variable Features">freq;3000.0,tr;4</data><data column="Performance">79.72</data></row><row><data column="Variable Features">freq;3000.0,tr;5</data><data column="Performance">77.77</data></row><row><data column="Variable Features">freq;3000.0,tr;6</data><data column="Performance">78.36</data></row><row><data column="Variable Features">freq;1300.0,tr;1</data><data column="Performance">157.28</data></row><row><data column="Variable Features">freq;1300.0,tr;2</data><data column="Performance">124.4</data></row><row><data column="Variable Features">freq;1300.0,tr;3</data><data column="Performance">123.94</data></row><row><data column="Variable Features">freq;1300.0,tr;4</data><data column="Performance">123.69</data></row><row><data column="Variable Features">freq;1300.0,tr;5</data><data column="Performance">128.13</data></row><row><data column="Variable Features">freq;1300.0,tr;6</data><data column="Performance">125.81</data></row><row><data column="Variable Features">freq;1700.0,tr;1</data><data column="Performance">123.35</data></row><row><data column="Variable Features">freq;1700.0,tr;2</data><data column="Performance">101.31</data></row><row><data column="Variable Features">freq;1700.0,tr;3</data><data column="Performance">102.41</data></row><row><data column="Variable Features">freq;1700.0,tr;4</data><data column="Performance">102.86</data></row><row><data column="Variable Features">freq;1700.0,tr;5</data><data column="Performance">102.08</data></row><row><data column="Variable Features">freq;1700.0,tr;6</data><data column="Performance">104.37</data></row><row><data column="Variable Features">freq;1900.0,tr;1</data><data column="Performance">115.78</data></row><row><data column="Variable Features">freq;1900.0,tr;2</data><data column="Performance">94.38</data></row><row><data column="Variable Features">freq;1900.0,tr;3</data><data column="Performance">97.42</data></row><row><data column="Variable Features">freq;1900.0,tr;4</data><data column="Performance">94.46</data></row><row><data column="Variable Features">freq;1900.0,tr;5</data><data column="Performance">96.57</data></row><row><data column="Variable Features">freq;1900.0,tr;6</data><data column="Performance">96.12</data></row><row><data column="Variable Features">freq;2300.0,tr;1</data><data column="Performance">100.27</data></row><row><data column="Variable Features">freq;2300.0,tr;2</data><data column="Performance">85.07</data></row><row><data column="Variable Features">freq;2300.0,tr;3</data><data column="Performance">83.92</data></row><row><data column="Variable Features">freq;2300.0,tr;4</data><data column="Performance">84.34</data></row><row><data column="Variable Features">freq;2300.0,tr;5</data><data column="Performance">82.75</data></row><row><data column="Variable Features">freq;2300.0,tr;6</data><data column="Performance">85.31</data></row><row><data column="Variable Features">freq;2500.0,tr;1</data><data column="Performance">94.5</data></row><row><data column="Variable Features">freq;2500.0,tr;2</data><data column="Performance">82.18</data></row><row><data column="Variable Features">freq;2500.0,tr;3</data><data column="Performance">82.71</data></row><row><data column="Variable Features">freq;2500.0,tr;4</data><data column="Performance">81.6</data></row><row><data column="Variable Features">freq;2500.0,tr;5</data><data column="Performance">80.0</data></row><row><data column="Variable Features">freq;2500.0,tr;6</data><data column="Performance">82.29</data></row><row><data column="Variable Features">freq;2800.0,tr;1</data><data column="Performance">88.48</data></row><row><data column="Variable Features">freq;2800.0,tr;2</data><data column="Performance">76.38</data></row><row><data column="Variable Features">freq;2800.0,tr;3</data><data column="Performance">79.94</data></row><row><data column="Variable Features">freq;2800.0,tr;4</data><data column="Performance">78.07</data></row><row><data column="Variable Features">freq;2800.0,tr;5</data><data column="Performance">77.69</data></row><row><data column="Variable Features">freq;2800.0,tr;6</data><data column="Performance">78.62</data></row><row><data column="Variable Features">freq;1400.0,tr;1</data><data column="Performance">147.57</data></row><row><data column="Variable Features">freq;1400.0,tr;2</data><data column="Performance">121.05</data></row><row><data column="Variable Features">freq;1400.0,tr;3</data><data column="Performance">121.66</data></row><row><data column="Variable Features">freq;1400.0,tr;4</data><data column="Performance">120.6</data></row><row><data column="Variable Features">freq;1400.0,tr;5</data><data column="Performance">122.39</data></row><row><data column="Variable Features">freq;1400.0,tr;6</data><data column="Performance">118.16</data></row><row><data column="Variable Features">freq;2900.0,tr;1</data><data column="Performance">85.81</data></row><row><data column="Variable Features">freq;2900.0,tr;2</data><data column="Performance">76.64</data></row><row><data column="Variable Features">freq;2900.0,tr;3</data><data column="Performance">76.53</data></row><row><data column="Variable Features">freq;2900.0,tr;4</data><data column="Performance">76.68</data></row><row><data column="Variable Features">freq;2900.0,tr;5</data><data column="Performance">74.89</data></row><row><data column="Variable Features">freq;2900.0,tr;6</data><data column="Performance">77.19</data></row><row><data column="Variable Features">freq;2000.0,tr;1</data><data column="Performance">110.16</data></row><row><data column="Variable Features">freq;2000.0,tr;2</data><data column="Performance">92.09</data></row><row><data column="Variable Features">freq;2000.0,tr;3</data><data column="Performance">93.56</data></row><row><data column="Variable Features">freq;2000.0,tr;4</data><data column="Performance">92.03</data></row><row><data column="Variable Features">freq;2000.0,tr;5</data><data column="Performance">91.83</data></row><row><data column="Variable Features">freq;2000.0,tr;6</data><data column="Performance">93.37</data></row></results>