<results><row><data column="Variable Features">freq;1200.0,tr;1</data><data column="Performance">1708.87</data></row><row><data column="Variable Features">freq;1200.0,tr;2</data><data column="Performance">1390.97</data></row><row><data column="Variable Features">freq;1200.0,tr;3</data><data column="Performance">1400.3</data></row><row><data column="Variable Features">freq;1200.0,tr;4</data><data column="Performance">1370.96</data></row><row><data column="Variable Features">freq;1200.0,tr;5</data><data column="Performance">1339.59</data></row><row><data column="Variable Features">freq;1200.0,tr;6</data><data column="Performance">1364.08</data></row><row><data column="Variable Features">freq;1600.0,tr;1</data><data column="Performance">1385.02</data></row><row><data column="Variable Features">freq;1600.0,tr;2</data><data column="Performance">1138.56</data></row><row><data column="Variable Features">freq;1600.0,tr;3</data><data column="Performance">1122.59</data></row><row><data column="Variable Features">freq;1600.0,tr;4</data><data column="Performance">1137.55</data></row><row><data column="Variable Features">freq;1600.0,tr;5</data><data column="Performance">1148.7</data></row><row><data column="Variable Features">freq;1600.0,tr;6</data><data column="Performance">1161.54</data></row><row><data column="Variable Features">freq;1800.0,tr;1</data><data column="Performance">1261.92</data></row><row><data column="Variable Features">freq;1800.0,tr;2</data><data column="Performance">1090.52</data></row><row><data column="Variable Features">freq;1800.0,tr;3</data><data column="Performance">1105.04</data></row><row><data column="Variable Features">freq;1800.0,tr;4</data><data column="Performance">1072.21</data></row><row><data column="Variable Features">freq;1800.0,tr;5</data><data column="Performance">1080.37</data></row><row><data column="Variable Features">freq;1800.0,tr;6</data><data column="Performance">1086.0</data></row><row><data column="Variable Features">freq;2200.0,tr;1</data><data column="Performance">1095.62</data></row><row><data column="Variable Features">freq;2200.0,tr;2</data><data column="Performance">970.56</data></row><row><data column="Variable Features">freq;2200.0,tr;3</data><data column="Performance">986.85</data></row><row><data column="Variable Features">freq;2200.0,tr;4</data><data column="Performance">1014.71</data></row><row><data column="Variable Features">freq;2200.0,tr;5</data><data column="Performance">995.84</data></row><row><data column="Variable Features">freq;2200.0,tr;6</data><data column="Performance">1001.68</data></row><row><data column="Variable Features">freq;2400.0,tr;1</data><data column="Performance">1042.46</data></row><row><data column="Variable Features">freq;2400.0,tr;2</data><data column="Performance">968.77</data></row><row><data column="Variable Features">freq;2400.0,tr;3</data><data column="Performance">932.29</data></row><row><data column="Variable Features">freq;2400.0,tr;4</data><data column="Performance">959.73</data></row><row><data column="Variable Features">freq;2400.0,tr;5</data><data column="Performance">982.16</data></row><row><data column="Variable Features">freq;2400.0,tr;6</data><data column="Performance">957.25</data></row><row><data column="Variable Features">freq;2700.0,tr;1</data><data column="Performance">979.85</data></row><row><data column="Variable Features">freq;2700.0,tr;2</data><data column="Performance">912.28</data></row><row><data column="Variable Features">freq;2700.0,tr;3</data><data column="Performance">938.02</data></row><row><data column="Variable Features">freq;2700.0,tr;4</data><data column="Performance">897.6</data></row><row><data column="Variable Features">freq;2700.0,tr;5</data><data column="Performance">934.36</data></row><row><data column="Variable Features">freq;2700.0,tr;6</data><data column="Performance">942.34</data></row><row><data column="Variable Features">freq;3000.0,tr;1</data><data column="Performance">949.15</data></row><row><data column="Variable Features">freq;3000.0,tr;2</data><data column="Performance">962.68</data></row><row><data column="Variable Features">freq;3000.0,tr;3</data><data column="Performance">1054.1</data></row><row><data column="Variable Features">freq;3000.0,tr;4</data><data column="Performance">1038.39</data></row><row><data column="Variable Features">freq;3000.0,tr;5</data><data column="Performance">974.7</data></row><row><data column="Variable Features">freq;3000.0,tr;6</data><data column="Performance">1027.61</data></row><row><data column="Variable Features">freq;1300.0,tr;1</data><data column="Performance">1561.72</data></row><row><data column="Variable Features">freq;1300.0,tr;2</data><data column="Performance">1307.0</data></row><row><data column="Variable Features">freq;1300.0,tr;3</data><data column="Performance">1269.3</data></row><row><data column="Variable Features">freq;1300.0,tr;4</data><data column="Performance">1330.32</data></row><row><data column="Variable Features">freq;1300.0,tr;5</data><data column="Performance">1337.75</data></row><row><data column="Variable Features">freq;1300.0,tr;6</data><data column="Performance">1348.2</data></row><row><data column="Variable Features">freq;1700.0,tr;1</data><data column="Performance">1326.39</data></row><row><data column="Variable Features">freq;1700.0,tr;2</data><data column="Performance">1113.82</data></row><row><data column="Variable Features">freq;1700.0,tr;3</data><data column="Performance">1141.26</data></row><row><data column="Variable Features">freq;1700.0,tr;4</data><data column="Performance">1110.68</data></row><row><data column="Variable Features">freq;1700.0,tr;5</data><data column="Performance">1135.04</data></row><row><data column="Variable Features">freq;1700.0,tr;6</data><data column="Performance">1120.59</data></row><row><data column="Variable Features">freq;1900.0,tr;1</data><data column="Performance">1242.24</data></row><row><data column="Variable Features">freq;1900.0,tr;2</data><data column="Performance">1041.18</data></row><row><data column="Variable Features">freq;1900.0,tr;3</data><data column="Performance">1052.08</data></row><row><data column="Variable Features">freq;1900.0,tr;4</data><data column="Performance">1058.14</data></row><row><data column="Variable Features">freq;1900.0,tr;5</data><data column="Performance">1049.61</data></row><row><data column="Variable Features">freq;1900.0,tr;6</data><data column="Performance">1046.81</data></row><row><data column="Variable Features">freq;2300.0,tr;1</data><data column="Performance">1108.99</data></row><row><data column="Variable Features">freq;2300.0,tr;2</data><data column="Performance">997.76</data></row><row><data column="Variable Features">freq;2300.0,tr;3</data><data column="Performance">1013.86</data></row><row><data column="Variable Features">freq;2300.0,tr;4</data><data column="Performance">1001.86</data></row><row><data column="Variable Features">freq;2300.0,tr;5</data><data column="Performance">1019.35</data></row><row><data column="Variable Features">freq;2300.0,tr;6</data><data column="Performance">1022.99</data></row><row><data column="Variable Features">freq;2500.0,tr;1</data><data column="Performance">1065.28</data></row><row><data column="Variable Features">freq;2500.0,tr;2</data><data column="Performance">977.08</data></row><row><data column="Variable Features">freq;2500.0,tr;3</data><data column="Performance">983.83</data></row><row><data column="Variable Features">freq;2500.0,tr;4</data><data column="Performance">975.86</data></row><row><data column="Variable Features">freq;2500.0,tr;5</data><data column="Performance">932.88</data></row><row><data column="Variable Features">freq;2500.0,tr;6</data><data column="Performance">948.27</data></row><row><data column="Variable Features">freq;2800.0,tr;1</data><data column="Performance">991.57</data></row><row><data column="Variable Features">freq;2800.0,tr;2</data><data column="Performance">934.55</data></row><row><data column="Variable Features">freq;2800.0,tr;3</data><data column="Performance">927.75</data></row><row><data column="Variable Features">freq;2800.0,tr;4</data><data column="Performance">935.23</data></row><row><data column="Variable Features">freq;2800.0,tr;5</data><data column="Performance">932.5</data></row><row><data column="Variable Features">freq;2800.0,tr;6</data><data column="Performance">950.78</data></row><row><data column="Variable Features">freq;1400.0,tr;1</data><data column="Performance">1489.31</data></row><row><data column="Variable Features">freq;1400.0,tr;2</data><data column="Performance">1241.68</data></row><row><data column="Variable Features">freq;1400.0,tr;3</data><data column="Performance">1215.69</data></row><row><data column="Variable Features">freq;1400.0,tr;4</data><data column="Performance">1235.82</data></row><row><data column="Variable Features">freq;1400.0,tr;5</data><data column="Performance">1258.18</data></row><row><data column="Variable Features">freq;1400.0,tr;6</data><data column="Performance">1229.41</data></row><row><data column="Variable Features">freq;2900.0,tr;1</data><data column="Performance">941.62</data></row><row><data column="Variable Features">freq;2900.0,tr;2</data><data column="Performance">936.9</data></row><row><data column="Variable Features">freq;2900.0,tr;3</data><data column="Performance">944.77</data></row><row><data column="Variable Features">freq;2900.0,tr;4</data><data column="Performance">942.5</data></row><row><data column="Variable Features">freq;2900.0,tr;5</data><data column="Performance">967.01</data></row><row><data column="Variable Features">freq;2900.0,tr;6</data><data column="Performance">954.84</data></row><row><data column="Variable Features">freq;2000.0,tr;1</data><data column="Performance">1201.0</data></row><row><data column="Variable Features">freq;2000.0,tr;2</data><data column="Performance">1021.35</data></row><row><data column="Variable Features">freq;2000.0,tr;3</data><data column="Performance">1028.61</data></row><row><data column="Variable Features">freq;2000.0,tr;4</data><data column="Performance">1046.14</data></row><row><data column="Variable Features">freq;2000.0,tr;5</data><data column="Performance">1014.43</data></row><row><data column="Variable Features">freq;2000.0,tr;6</data><data column="Performance">1036.45</data></row></results>