<results><row><data column="Variable Features">freq;1200.0,tr;1</data><data column="Performance">12361.93</data></row><row><data column="Variable Features">freq;1200.0,tr;2</data><data column="Performance">7076.58</data></row><row><data column="Variable Features">freq;1200.0,tr;3</data><data column="Performance">3661.64</data></row><row><data column="Variable Features">freq;1200.0,tr;4</data><data column="Performance">2390.58</data></row><row><data column="Variable Features">freq;1200.0,tr;5</data><data column="Performance">2047.76</data></row><row><data column="Variable Features">freq;1200.0,tr;6</data><data column="Performance">2030.37</data></row><row><data column="Variable Features">freq;1300.0,tr;1</data><data column="Performance">11556.55</data></row><row><data column="Variable Features">freq;1300.0,tr;2</data><data column="Performance">6616.47</data></row><row><data column="Variable Features">freq;1300.0,tr;3</data><data column="Performance">3446.48</data></row><row><data column="Variable Features">freq;1300.0,tr;4</data><data column="Performance">2289.19</data></row><row><data column="Variable Features">freq;1300.0,tr;5</data><data column="Performance">1940.96</data></row><row><data column="Variable Features">freq;1300.0,tr;6</data><data column="Performance">1940.43</data></row><row><data column="Variable Features">freq;1400.0,tr;1</data><data column="Performance">10879.32</data></row><row><data column="Variable Features">freq;1400.0,tr;2</data><data column="Performance">6226.17</data></row><row><data column="Variable Features">freq;1400.0,tr;3</data><data column="Performance">3262.39</data></row><row><data column="Variable Features">freq;1400.0,tr;4</data><data column="Performance">2178.47</data></row><row><data column="Variable Features">freq;1400.0,tr;5</data><data column="Performance">1869.8</data></row><row><data column="Variable Features">freq;1400.0,tr;6</data><data column="Performance">1848.86</data></row><row><data column="Variable Features">freq;1600.0,tr;1</data><data column="Performance">9793.5</data></row><row><data column="Variable Features">freq;1600.0,tr;2</data><data column="Performance">5709.45</data></row><row><data column="Variable Features">freq;1600.0,tr;3</data><data column="Performance">2988.01</data></row><row><data column="Variable Features">freq;1600.0,tr;4</data><data column="Performance">2024.52</data></row><row><data column="Variable Features">freq;1600.0,tr;5</data><data column="Performance">1738.83</data></row><row><data column="Variable Features">freq;1600.0,tr;6</data><data column="Performance">1734.51</data></row><row><data column="Variable Features">freq;1700.0,tr;1</data><data column="Performance">9311.56</data></row><row><data column="Variable Features">freq;1700.0,tr;2</data><data column="Performance">5417.76</data></row><row><data column="Variable Features">freq;1700.0,tr;3</data><data column="Performance">2868.31</data></row><row><data column="Variable Features">freq;1700.0,tr;4</data><data column="Performance">1916.02</data></row><row><data column="Variable Features">freq;1700.0,tr;5</data><data column="Performance">1697.65</data></row><row><data column="Variable Features">freq;1700.0,tr;6</data><data column="Performance">1679.84</data></row><row><data column="Variable Features">freq;1800.0,tr;1</data><data column="Performance">8918.69</data></row><row><data column="Variable Features">freq;1800.0,tr;2</data><data column="Performance">5206.81</data></row><row><data column="Variable Features">freq;1800.0,tr;3</data><data column="Performance">2758.01</data></row><row><data column="Variable Features">freq;1800.0,tr;4</data><data column="Performance">1887.51</data></row><row><data column="Variable Features">freq;1800.0,tr;5</data><data column="Performance">1651.21</data></row><row><data column="Variable Features">freq;1800.0,tr;6</data><data column="Performance">1640.96</data></row><row><data column="Variable Features">freq;1900.0,tr;1</data><data column="Performance">8578.58</data></row><row><data column="Variable Features">freq;1900.0,tr;2</data><data column="Performance">5021.53</data></row><row><data column="Variable Features">freq;1900.0,tr;3</data><data column="Performance">2679.1</data></row><row><data column="Variable Features">freq;1900.0,tr;4</data><data column="Performance">1831.94</data></row><row><data column="Variable Features">freq;1900.0,tr;5</data><data column="Performance">1616.42</data></row><row><data column="Variable Features">freq;1900.0,tr;6</data><data column="Performance">1610.2</data></row><row><data column="Variable Features">freq;2000.0,tr;1</data><data column="Performance">8354.31</data></row><row><data column="Variable Features">freq;2000.0,tr;2</data><data column="Performance">4862.17</data></row><row><data column="Variable Features">freq;2000.0,tr;3</data><data column="Performance">2604.11</data></row><row><data column="Variable Features">freq;2000.0,tr;4</data><data column="Performance">1784.37</data></row><row><data column="Variable Features">freq;2000.0,tr;5</data><data column="Performance">1567.19</data></row><row><data column="Variable Features">freq;2000.0,tr;6</data><data column="Performance">1580.34</data></row><row><data column="Variable Features">freq;2200.0,tr;1</data><data column="Performance">7812.77</data></row><row><data column="Variable Features">freq;2200.0,tr;2</data><data column="Performance">4680.19</data></row><row><data column="Variable Features">freq;2200.0,tr;3</data><data column="Performance">2482.86</data></row><row><data column="Variable Features">freq;2200.0,tr;4</data><data column="Performance">1707.88</data></row><row><data column="Variable Features">freq;2200.0,tr;5</data><data column="Performance">1538.04</data></row><row><data column="Variable Features">freq;2200.0,tr;6</data><data column="Performance">1535.99</data></row><row><data column="Variable Features">freq;2300.0,tr;1</data><data column="Performance">7593.56</data></row><row><data column="Variable Features">freq;2300.0,tr;2</data><data column="Performance">4508.71</data></row><row><data column="Variable Features">freq;2300.0,tr;3</data><data column="Performance">2433.02</data></row><row><data column="Variable Features">freq;2300.0,tr;4</data><data column="Performance">1692.79</data></row><row><data column="Variable Features">freq;2300.0,tr;5</data><data column="Performance">1527.22</data></row><row><data column="Variable Features">freq;2300.0,tr;6</data><data column="Performance">1541.86</data></row><row><data column="Variable Features">freq;2400.0,tr;1</data><data column="Performance">7383.97</data></row><row><data column="Variable Features">freq;2400.0,tr;2</data><data column="Performance">4355.72</data></row><row><data column="Variable Features">freq;2400.0,tr;3</data><data column="Performance">2392.17</data></row><row><data column="Variable Features">freq;2400.0,tr;4</data><data column="Performance">1693.14</data></row><row><data column="Variable Features">freq;2400.0,tr;5</data><data column="Performance">1515.05</data></row><row><data column="Variable Features">freq;2400.0,tr;6</data><data column="Performance">1521.38</data></row><row><data column="Variable Features">freq;2500.0,tr;1</data><data column="Performance">7205.19</data></row><row><data column="Variable Features">freq;2500.0,tr;2</data><data column="Performance">4275.8</data></row><row><data column="Variable Features">freq;2500.0,tr;3</data><data column="Performance">2360.74</data></row><row><data column="Variable Features">freq;2500.0,tr;4</data><data column="Performance">1672.57</data></row><row><data column="Variable Features">freq;2500.0,tr;5</data><data column="Performance">1513.44</data></row><row><data column="Variable Features">freq;2500.0,tr;6</data><data column="Performance">1516.13</data></row><row><data column="Variable Features">freq;2700.0,tr;1</data><data column="Performance">6898.52</data></row><row><data column="Variable Features">freq;2700.0,tr;2</data><data column="Performance">4099.58</data></row><row><data column="Variable Features">freq;2700.0,tr;3</data><data column="Performance">2298.97</data></row><row><data column="Variable Features">freq;2700.0,tr;4</data><data column="Performance">1634.49</data></row><row><data column="Variable Features">freq;2700.0,tr;5</data><data column="Performance">1519.64</data></row><row><data column="Variable Features">freq;2700.0,tr;6</data><data column="Performance">1528.89</data></row><row><data column="Variable Features">freq;2800.0,tr;1</data><data column="Performance">6765.95</data></row><row><data column="Variable Features">freq;2800.0,tr;2</data><data column="Performance">4051.57</data></row><row><data column="Variable Features">freq;2800.0,tr;3</data><data column="Performance">2280.75</data></row><row><data column="Variable Features">freq;2800.0,tr;4</data><data column="Performance">1630.47</data></row><row><data column="Variable Features">freq;2800.0,tr;5</data><data column="Performance">1516.04</data></row><row><data column="Variable Features">freq;2800.0,tr;6</data><data column="Performance">1530.07</data></row><row><data column="Variable Features">freq;2900.0,tr;1</data><data column="Performance">6627.71</data></row><row><data column="Variable Features">freq;2900.0,tr;2</data><data column="Performance">4084.92</data></row><row><data column="Variable Features">freq;2900.0,tr;3</data><data column="Performance">2253.83</data></row><row><data column="Variable Features">freq;2900.0,tr;4</data><data column="Performance">1622.77</data></row><row><data column="Variable Features">freq;2900.0,tr;5</data><data column="Performance">1537.5</data></row><row><data column="Variable Features">freq;2900.0,tr;6</data><data column="Performance">1541.28</data></row><row><data column="Variable Features">freq;3000.0,tr;1</data><data column="Performance">6329.57</data></row><row><data column="Variable Features">freq;3000.0,tr;2</data><data column="Performance">4090.0</data></row><row><data column="Variable Features">freq;3000.0,tr;3</data><data column="Performance">2328.96</data></row><row><data column="Variable Features">freq;3000.0,tr;4</data><data column="Performance">1762.87</data></row><row><data column="Variable Features">freq;3000.0,tr;5</data><data column="Performance">1709.78</data></row><row><data column="Variable Features">freq;3000.0,tr;6</data><data column="Performance">1704.97</data></row></results>