<results><row><data column="Variable Features">freq;1200.0,tr;1</data><data column="Performance">4706.15</data></row><row><data column="Variable Features">freq;1200.0,tr;2</data><data column="Performance">3183.7</data></row><row><data column="Variable Features">freq;1200.0,tr;3</data><data column="Performance">1908.97</data></row><row><data column="Variable Features">freq;1200.0,tr;4</data><data column="Performance">1238.5</data></row><row><data column="Variable Features">freq;1200.0,tr;5</data><data column="Performance">906.29</data></row><row><data column="Variable Features">freq;1200.0,tr;6</data><data column="Performance">886.97</data></row><row><data column="Variable Features">freq;1600.0,tr;1</data><data column="Performance">3677.14</data></row><row><data column="Variable Features">freq;1600.0,tr;2</data><data column="Performance">2529.95</data></row><row><data column="Variable Features">freq;1600.0,tr;3</data><data column="Performance">1599.97</data></row><row><data column="Variable Features">freq;1600.0,tr;4</data><data column="Performance">1106.67</data></row><row><data column="Variable Features">freq;1600.0,tr;5</data><data column="Performance">858.49</data></row><row><data column="Variable Features">freq;1600.0,tr;6</data><data column="Performance">810.91</data></row><row><data column="Variable Features">freq;1800.0,tr;1</data><data column="Performance">3323.62</data></row><row><data column="Variable Features">freq;1800.0,tr;2</data><data column="Performance">2363.87</data></row><row><data column="Variable Features">freq;1800.0,tr;3</data><data column="Performance">1475.74</data></row><row><data column="Variable Features">freq;1800.0,tr;4</data><data column="Performance">1066.11</data></row><row><data column="Variable Features">freq;1800.0,tr;5</data><data column="Performance">828.51</data></row><row><data column="Variable Features">freq;1800.0,tr;6</data><data column="Performance">731.18</data></row><row><data column="Variable Features">freq;2200.0,tr;1</data><data column="Performance">2848.87</data></row><row><data column="Variable Features">freq;2200.0,tr;2</data><data column="Performance">2108.15</data></row><row><data column="Variable Features">freq;2200.0,tr;3</data><data column="Performance">1352.81</data></row><row><data column="Variable Features">freq;2200.0,tr;4</data><data column="Performance">946.9</data></row><row><data column="Variable Features">freq;2200.0,tr;5</data><data column="Performance">817.72</data></row><row><data column="Variable Features">freq;2200.0,tr;6</data><data column="Performance">742.88</data></row><row><data column="Variable Features">freq;2400.0,tr;1</data><data column="Performance">2799.16</data></row><row><data column="Variable Features">freq;2400.0,tr;2</data><data column="Performance">1992.55</data></row><row><data column="Variable Features">freq;2400.0,tr;3</data><data column="Performance">1292.06</data></row><row><data column="Variable Features">freq;2400.0,tr;4</data><data column="Performance">941.22</data></row><row><data column="Variable Features">freq;2400.0,tr;5</data><data column="Performance">803.08</data></row><row><data column="Variable Features">freq;2400.0,tr;6</data><data column="Performance">739.85</data></row><row><data column="Variable Features">freq;2700.0,tr;1</data><data column="Performance">2578.62</data></row><row><data column="Variable Features">freq;2700.0,tr;2</data><data column="Performance">1858.53</data></row><row><data column="Variable Features">freq;2700.0,tr;3</data><data column="Performance">1219.5</data></row><row><data column="Variable Features">freq;2700.0,tr;4</data><data column="Performance">959.8</data></row><row><data column="Variable Features">freq;2700.0,tr;5</data><data column="Performance">819.97</data></row><row><data column="Variable Features">freq;2700.0,tr;6</data><data column="Performance">746.44</data></row><row><data column="Variable Features">freq;3000.0,tr;1</data><data column="Performance">2376.27</data></row><row><data column="Variable Features">freq;3000.0,tr;2</data><data column="Performance">1871.84</data></row><row><data column="Variable Features">freq;3000.0,tr;3</data><data column="Performance">1321.06</data></row><row><data column="Variable Features">freq;3000.0,tr;4</data><data column="Performance">1032.25</data></row><row><data column="Variable Features">freq;3000.0,tr;5</data><data column="Performance">936.39</data></row><row><data column="Variable Features">freq;3000.0,tr;6</data><data column="Performance">787.29</data></row><row><data column="Variable Features">freq;1300.0,tr;1</data><data column="Performance">4391.86</data></row><row><data column="Variable Features">freq;1300.0,tr;2</data><data column="Performance">2967.31</data></row><row><data column="Variable Features">freq;1300.0,tr;3</data><data column="Performance">1765.65</data></row><row><data column="Variable Features">freq;1300.0,tr;4</data><data column="Performance">1167.79</data></row><row><data column="Variable Features">freq;1300.0,tr;5</data><data column="Performance">907.03</data></row><row><data column="Variable Features">freq;1300.0,tr;6</data><data column="Performance">840.92</data></row><row><data column="Variable Features">freq;1700.0,tr;1</data><data column="Performance">3478.11</data></row><row><data column="Variable Features">freq;1700.0,tr;2</data><data column="Performance">2446.61</data></row><row><data column="Variable Features">freq;1700.0,tr;3</data><data column="Performance">1551.94</data></row><row><data column="Variable Features">freq;1700.0,tr;4</data><data column="Performance">1054.93</data></row><row><data column="Variable Features">freq;1700.0,tr;5</data><data column="Performance">837.96</data></row><row><data column="Variable Features">freq;1700.0,tr;6</data><data column="Performance">798.3</data></row><row><data column="Variable Features">freq;1900.0,tr;1</data><data column="Performance">3242.12</data></row><row><data column="Variable Features">freq;1900.0,tr;2</data><data column="Performance">2287.86</data></row><row><data column="Variable Features">freq;1900.0,tr;3</data><data column="Performance">1434.21</data></row><row><data column="Variable Features">freq;1900.0,tr;4</data><data column="Performance">1003.3</data></row><row><data column="Variable Features">freq;1900.0,tr;5</data><data column="Performance">801.53</data></row><row><data column="Variable Features">freq;1900.0,tr;6</data><data column="Performance">752.21</data></row><row><data column="Variable Features">freq;2300.0,tr;1</data><data column="Performance">2902.55</data></row><row><data column="Variable Features">freq;2300.0,tr;2</data><data column="Performance">2074.91</data></row><row><data column="Variable Features">freq;2300.0,tr;3</data><data column="Performance">1352.94</data></row><row><data column="Variable Features">freq;2300.0,tr;4</data><data column="Performance">990.43</data></row><row><data column="Variable Features">freq;2300.0,tr;5</data><data column="Performance">815.46</data></row><row><data column="Variable Features">freq;2300.0,tr;6</data><data column="Performance">746.41</data></row><row><data column="Variable Features">freq;2500.0,tr;1</data><data column="Performance">2786.74</data></row><row><data column="Variable Features">freq;2500.0,tr;2</data><data column="Performance">1998.25</data></row><row><data column="Variable Features">freq;2500.0,tr;3</data><data column="Performance">1290.55</data></row><row><data column="Variable Features">freq;2500.0,tr;4</data><data column="Performance">934.45</data></row><row><data column="Variable Features">freq;2500.0,tr;5</data><data column="Performance">819.4</data></row><row><data column="Variable Features">freq;2500.0,tr;6</data><data column="Performance">735.24</data></row><row><data column="Variable Features">freq;2800.0,tr;1</data><data column="Performance">2557.92</data></row><row><data column="Variable Features">freq;2800.0,tr;2</data><data column="Performance">1900.98</data></row><row><data column="Variable Features">freq;2800.0,tr;3</data><data column="Performance">1246.84</data></row><row><data column="Variable Features">freq;2800.0,tr;4</data><data column="Performance">936.68</data></row><row><data column="Variable Features">freq;2800.0,tr;5</data><data column="Performance">833.51</data></row><row><data column="Variable Features">freq;2800.0,tr;6</data><data column="Performance">779.77</data></row><row><data column="Variable Features">freq;1400.0,tr;1</data><data column="Performance">4096.52</data></row><row><data column="Variable Features">freq;1400.0,tr;2</data><data column="Performance">2844.05</data></row><row><data column="Variable Features">freq;1400.0,tr;3</data><data column="Performance">1646.65</data></row><row><data column="Variable Features">freq;1400.0,tr;4</data><data column="Performance">1128.99</data></row><row><data column="Variable Features">freq;1400.0,tr;5</data><data column="Performance">877.66</data></row><row><data column="Variable Features">freq;1400.0,tr;6</data><data column="Performance">845.9</data></row><row><data column="Variable Features">freq;2900.0,tr;1</data><data column="Performance">2512.46</data></row><row><data column="Variable Features">freq;2900.0,tr;2</data><data column="Performance">1818.05</data></row><row><data column="Variable Features">freq;2900.0,tr;3</data><data column="Performance">1252.95</data></row><row><data column="Variable Features">freq;2900.0,tr;4</data><data column="Performance">946.09</data></row><row><data column="Variable Features">freq;2900.0,tr;5</data><data column="Performance">822.99</data></row><row><data column="Variable Features">freq;2900.0,tr;6</data><data column="Performance">748.26</data></row><row><data column="Variable Features">freq;2000.0,tr;1</data><data column="Performance">3132.6</data></row><row><data column="Variable Features">freq;2000.0,tr;2</data><data column="Performance">2218.5</data></row><row><data column="Variable Features">freq;2000.0,tr;3</data><data column="Performance">1397.57</data></row><row><data column="Variable Features">freq;2000.0,tr;4</data><data column="Performance">1023.96</data></row><row><data column="Variable Features">freq;2000.0,tr;5</data><data column="Performance">827.06</data></row><row><data column="Variable Features">freq;2000.0,tr;6</data><data column="Performance">750.86</data></row></results>