<results><row><data column="Variable Features">freq;1200.0,tr;1</data><data column="Performance">2087.63</data></row><row><data column="Variable Features">freq;1200.0,tr;2</data><data column="Performance">1131.95</data></row><row><data column="Variable Features">freq;1200.0,tr;3</data><data column="Performance">641.93</data></row><row><data column="Variable Features">freq;1200.0,tr;4</data><data column="Performance">419.46</data></row><row><data column="Variable Features">freq;1200.0,tr;5</data><data column="Performance">1002.05</data></row><row><data column="Variable Features">freq;1200.0,tr;6</data><data column="Performance">844.77</data></row><row><data column="Variable Features">freq;1600.0,tr;1</data><data column="Performance">1558.53</data></row><row><data column="Variable Features">freq;1600.0,tr;2</data><data column="Performance">866.32</data></row><row><data column="Variable Features">freq;1600.0,tr;3</data><data column="Performance">502.46</data></row><row><data column="Variable Features">freq;1600.0,tr;4</data><data column="Performance">407.05</data></row><row><data column="Variable Features">freq;1600.0,tr;5</data><data column="Performance">699.3</data></row><row><data column="Variable Features">freq;1600.0,tr;6</data><data column="Performance">3600.15</data></row><row><data column="Variable Features">freq;1800.0,tr;1</data><data column="Performance">1418.49</data></row><row><data column="Variable Features">freq;1800.0,tr;2</data><data column="Performance">791.29</data></row><row><data column="Variable Features">freq;1800.0,tr;3</data><data column="Performance">464.49</data></row><row><data column="Variable Features">freq;1800.0,tr;4</data><data column="Performance">369.93</data></row><row><data column="Variable Features">freq;1800.0,tr;5</data><data column="Performance">586.97</data></row><row><data column="Variable Features">freq;1800.0,tr;6</data><data column="Performance">3120.53</data></row><row><data column="Variable Features">freq;2200.0,tr;1</data><data column="Performance">1229.02</data></row><row><data column="Variable Features">freq;2200.0,tr;2</data><data column="Performance">689.26</data></row><row><data column="Variable Features">freq;2200.0,tr;3</data><data column="Performance">413.68</data></row><row><data column="Variable Features">freq;2200.0,tr;4</data><data column="Performance">328.66</data></row><row><data column="Variable Features">freq;2200.0,tr;5</data><data column="Performance">670.3</data></row><row><data column="Variable Features">freq;2200.0,tr;6</data><data column="Performance">2819.41</data></row><row><data column="Variable Features">freq;2400.0,tr;1</data><data column="Performance">1153.57</data></row><row><data column="Variable Features">freq;2400.0,tr;2</data><data column="Performance">652.77</data></row><row><data column="Variable Features">freq;2400.0,tr;3</data><data column="Performance">398.96</data></row><row><data column="Variable Features">freq;2400.0,tr;4</data><data column="Performance">413.71</data></row><row><data column="Variable Features">freq;2400.0,tr;5</data><data column="Performance">672.21</data></row><row><data column="Variable Features">freq;2400.0,tr;6</data><data column="Performance">2792.97</data></row><row><data column="Variable Features">freq;2700.0,tr;1</data><data column="Performance">1076.58</data></row><row><data column="Variable Features">freq;2700.0,tr;2</data><data column="Performance">620.3</data></row><row><data column="Variable Features">freq;2700.0,tr;3</data><data column="Performance">382.23</data></row><row><data column="Variable Features">freq;2700.0,tr;4</data><data column="Performance">353.87</data></row><row><data column="Variable Features">freq;2700.0,tr;5</data><data column="Performance">539.84</data></row><row><data column="Variable Features">freq;2700.0,tr;6</data><data column="Performance">2835.78</data></row><row><data column="Variable Features">freq;3000.0,tr;1</data><data column="Performance">1034.6</data></row><row><data column="Variable Features">freq;3000.0,tr;2</data><data column="Performance">620.6</data></row><row><data column="Variable Features">freq;3000.0,tr;3</data><data column="Performance">411.81</data></row><row><data column="Variable Features">freq;3000.0,tr;4</data><data column="Performance">539.48</data></row><row><data column="Variable Features">freq;3000.0,tr;5</data><data column="Performance">797.14</data></row><row><data column="Variable Features">freq;3000.0,tr;6</data><data column="Performance">3038.05</data></row><row><data column="Variable Features">freq;1300.0,tr;1</data><data column="Performance">1851.79</data></row><row><data column="Variable Features">freq;1300.0,tr;2</data><data column="Performance">1011.73</data></row><row><data column="Variable Features">freq;1300.0,tr;3</data><data column="Performance">594.74</data></row><row><data column="Variable Features">freq;1300.0,tr;4</data><data column="Performance">527.6</data></row><row><data column="Variable Features">freq;1300.0,tr;5</data><data column="Performance">873.29</data></row><row><data column="Variable Features">freq;1300.0,tr;6</data><data column="Performance">4185.36</data></row><row><data column="Variable Features">freq;1700.0,tr;1</data><data column="Performance">1582.01</data></row><row><data column="Variable Features">freq;1700.0,tr;2</data><data column="Performance">881.35</data></row><row><data column="Variable Features">freq;1700.0,tr;3</data><data column="Performance">516.49</data></row><row><data column="Variable Features">freq;1700.0,tr;4</data><data column="Performance">384.81</data></row><row><data column="Variable Features">freq;1700.0,tr;5</data><data column="Performance">772.2</data></row><row><data column="Variable Features">freq;1700.0,tr;6</data><data column="Performance">3712.42</data></row><row><data column="Variable Features">freq;1900.0,tr;1</data><data column="Performance">1459.85</data></row><row><data column="Variable Features">freq;1900.0,tr;2</data><data column="Performance">821.88</data></row><row><data column="Variable Features">freq;1900.0,tr;3</data><data column="Performance">487.21</data></row><row><data column="Variable Features">freq;1900.0,tr;4</data><data column="Performance">403.21</data></row><row><data column="Variable Features">freq;1900.0,tr;5</data><data column="Performance">536.9</data></row><row><data column="Variable Features">freq;1900.0,tr;6</data><data column="Performance">3410.46</data></row><row><data column="Variable Features">freq;2300.0,tr;1</data><data column="Performance">1296.48</data></row><row><data column="Variable Features">freq;2300.0,tr;2</data><data column="Performance">730.0</data></row><row><data column="Variable Features">freq;2300.0,tr;3</data><data column="Performance">445.95</data></row><row><data column="Variable Features">freq;2300.0,tr;4</data><data column="Performance">357.1</data></row><row><data column="Variable Features">freq;2300.0,tr;5</data><data column="Performance">550.63</data></row><row><data column="Variable Features">freq;2300.0,tr;6</data><data column="Performance">2983.46</data></row><row><data column="Variable Features">freq;2500.0,tr;1</data><data column="Performance">1233.5</data></row><row><data column="Variable Features">freq;2500.0,tr;2</data><data column="Performance">702.7</data></row><row><data column="Variable Features">freq;2500.0,tr;3</data><data column="Performance">434.5</data></row><row><data column="Variable Features">freq;2500.0,tr;4</data><data column="Performance">406.25</data></row><row><data column="Variable Features">freq;2500.0,tr;5</data><data column="Performance">658.91</data></row><row><data column="Variable Features">freq;2500.0,tr;6</data><data column="Performance">2975.53</data></row><row><data column="Variable Features">freq;2800.0,tr;1</data><data column="Performance">1159.18</data></row><row><data column="Variable Features">freq;2800.0,tr;2</data><data column="Performance">667.23</data></row><row><data column="Variable Features">freq;2800.0,tr;3</data><data column="Performance">424.29</data></row><row><data column="Variable Features">freq;2800.0,tr;4</data><data column="Performance">443.08</data></row><row><data column="Variable Features">freq;2800.0,tr;5</data><data column="Performance">653.27</data></row><row><data column="Variable Features">freq;2800.0,tr;6</data><data column="Performance">2991.71</data></row><row><data column="Variable Features">freq;1400.0,tr;1</data><data column="Performance">1808.15</data></row><row><data column="Variable Features">freq;1400.0,tr;2</data><data column="Performance">988.5</data></row><row><data column="Variable Features">freq;1400.0,tr;3</data><data column="Performance">586.07</data></row><row><data column="Variable Features">freq;1400.0,tr;4</data><data column="Performance">454.91</data></row><row><data column="Variable Features">freq;1400.0,tr;5</data><data column="Performance">736.69</data></row><row><data column="Variable Features">freq;1400.0,tr;6</data><data column="Performance">4047.22</data></row><row><data column="Variable Features">freq;2900.0,tr;1</data><data column="Performance">1076.5</data></row><row><data column="Variable Features">freq;2900.0,tr;2</data><data column="Performance">617.0</data></row><row><data column="Variable Features">freq;2900.0,tr;3</data><data column="Performance">382.76</data></row><row><data column="Variable Features">freq;2900.0,tr;4</data><data column="Performance">317.16</data></row><row><data column="Variable Features">freq;2900.0,tr;5</data><data column="Performance">669.06</data></row><row><data column="Variable Features">freq;2900.0,tr;6</data><data column="Performance">575.96</data></row><row><data column="Variable Features">freq;2000.0,tr;1</data><data column="Performance">1382.86</data></row><row><data column="Variable Features">freq;2000.0,tr;2</data><data column="Performance">770.3</data></row><row><data column="Variable Features">freq;2000.0,tr;3</data><data column="Performance">450.45</data></row><row><data column="Variable Features">freq;2000.0,tr;4</data><data column="Performance">343.87</data></row><row><data column="Variable Features">freq;2000.0,tr;5</data><data column="Performance">523.03</data></row><row><data column="Variable Features">freq;2000.0,tr;6</data><data column="Performance">668.29</data></row></results>