<results><row><data column="Variable Features">freq;1200.0,tr;1</data><data column="Performance">1247.22</data></row><row><data column="Variable Features">freq;1200.0,tr;2</data><data column="Performance">676.73</data></row><row><data column="Variable Features">freq;1200.0,tr;3</data><data column="Performance">377.52</data></row><row><data column="Variable Features">freq;1200.0,tr;4</data><data column="Performance">226.06</data></row><row><data column="Variable Features">freq;1200.0,tr;5</data><data column="Performance">152.77</data></row><row><data column="Variable Features">freq;1200.0,tr;6</data><data column="Performance">148.18</data></row><row><data column="Variable Features">freq;1300.0,tr;1</data><data column="Performance">1156.88</data></row><row><data column="Variable Features">freq;1300.0,tr;2</data><data column="Performance">629.0</data></row><row><data column="Variable Features">freq;1300.0,tr;3</data><data column="Performance">362.03</data></row><row><data column="Variable Features">freq;1300.0,tr;4</data><data column="Performance">211.86</data></row><row><data column="Variable Features">freq;1300.0,tr;5</data><data column="Performance">144.63</data></row><row><data column="Variable Features">freq;1300.0,tr;6</data><data column="Performance">144.24</data></row><row><data column="Variable Features">freq;1400.0,tr;1</data><data column="Performance">1081.48</data></row><row><data column="Variable Features">freq;1400.0,tr;2</data><data column="Performance">593.55</data></row><row><data column="Variable Features">freq;1400.0,tr;3</data><data column="Performance">338.37</data></row><row><data column="Variable Features">freq;1400.0,tr;4</data><data column="Performance">204.11</data></row><row><data column="Variable Features">freq;1400.0,tr;5</data><data column="Performance">136.81</data></row><row><data column="Variable Features">freq;1400.0,tr;6</data><data column="Performance">139.97</data></row><row><data column="Variable Features">freq;1600.0,tr;1</data><data column="Performance">963.04</data></row><row><data column="Variable Features">freq;1600.0,tr;2</data><data column="Performance">535.61</data></row><row><data column="Variable Features">freq;1600.0,tr;3</data><data column="Performance">311.5</data></row><row><data column="Variable Features">freq;1600.0,tr;4</data><data column="Performance">186.99</data></row><row><data column="Variable Features">freq;1600.0,tr;5</data><data column="Performance">130.6</data></row><row><data column="Variable Features">freq;1600.0,tr;6</data><data column="Performance">131.29</data></row><row><data column="Variable Features">freq;1700.0,tr;1</data><data column="Performance">917.99</data></row><row><data column="Variable Features">freq;1700.0,tr;2</data><data column="Performance">506.9</data></row><row><data column="Variable Features">freq;1700.0,tr;3</data><data column="Performance">296.82</data></row><row><data column="Variable Features">freq;1700.0,tr;4</data><data column="Performance">179.58</data></row><row><data column="Variable Features">freq;1700.0,tr;5</data><data column="Performance">126.72</data></row><row><data column="Variable Features">freq;1700.0,tr;6</data><data column="Performance">129.24</data></row><row><data column="Variable Features">freq;1800.0,tr;1</data><data column="Performance">872.57</data></row><row><data column="Variable Features">freq;1800.0,tr;2</data><data column="Performance">486.42</data></row><row><data column="Variable Features">freq;1800.0,tr;3</data><data column="Performance">284.61</data></row><row><data column="Variable Features">freq;1800.0,tr;4</data><data column="Performance">173.8</data></row><row><data column="Variable Features">freq;1800.0,tr;5</data><data column="Performance">123.82</data></row><row><data column="Variable Features">freq;1800.0,tr;6</data><data column="Performance">126.46</data></row><row><data column="Variable Features">freq;1900.0,tr;1</data><data column="Performance">837.53</data></row><row><data column="Variable Features">freq;1900.0,tr;2</data><data column="Performance">467.2</data></row><row><data column="Variable Features">freq;1900.0,tr;3</data><data column="Performance">279.52</data></row><row><data column="Variable Features">freq;1900.0,tr;4</data><data column="Performance">169.44</data></row><row><data column="Variable Features">freq;1900.0,tr;5</data><data column="Performance">121.08</data></row><row><data column="Variable Features">freq;1900.0,tr;6</data><data column="Performance">123.18</data></row><row><data column="Variable Features">freq;2000.0,tr;1</data><data column="Performance">807.97</data></row><row><data column="Variable Features">freq;2000.0,tr;2</data><data column="Performance">447.5</data></row><row><data column="Variable Features">freq;2000.0,tr;3</data><data column="Performance">261.91</data></row><row><data column="Variable Features">freq;2000.0,tr;4</data><data column="Performance">166.13</data></row><row><data column="Variable Features">freq;2000.0,tr;5</data><data column="Performance">118.83</data></row><row><data column="Variable Features">freq;2000.0,tr;6</data><data column="Performance">122.67</data></row><row><data column="Variable Features">freq;2200.0,tr;1</data><data column="Performance">748.8</data></row><row><data column="Variable Features">freq;2200.0,tr;2</data><data column="Performance">420.71</data></row><row><data column="Variable Features">freq;2200.0,tr;3</data><data column="Performance">249.57</data></row><row><data column="Variable Features">freq;2200.0,tr;4</data><data column="Performance">161.08</data></row><row><data column="Variable Features">freq;2200.0,tr;5</data><data column="Performance">117.09</data></row><row><data column="Variable Features">freq;2200.0,tr;6</data><data column="Performance">120.24</data></row><row><data column="Variable Features">freq;2300.0,tr;1</data><data column="Performance">722.67</data></row><row><data column="Variable Features">freq;2300.0,tr;2</data><data column="Performance">410.62</data></row><row><data column="Variable Features">freq;2300.0,tr;3</data><data column="Performance">242.43</data></row><row><data column="Variable Features">freq;2300.0,tr;4</data><data column="Performance">156.74</data></row><row><data column="Variable Features">freq;2300.0,tr;5</data><data column="Performance">119.9</data></row><row><data column="Variable Features">freq;2300.0,tr;6</data><data column="Performance">117.58</data></row><row><data column="Variable Features">freq;2400.0,tr;1</data><data column="Performance">705.36</data></row><row><data column="Variable Features">freq;2400.0,tr;2</data><data column="Performance">396.36</data></row><row><data column="Variable Features">freq;2400.0,tr;3</data><data column="Performance">239.64</data></row><row><data column="Variable Features">freq;2400.0,tr;4</data><data column="Performance">153.86</data></row><row><data column="Variable Features">freq;2400.0,tr;5</data><data column="Performance">118.79</data></row><row><data column="Variable Features">freq;2400.0,tr;6</data><data column="Performance">118.79</data></row><row><data column="Variable Features">freq;2500.0,tr;1</data><data column="Performance">684.94</data></row><row><data column="Variable Features">freq;2500.0,tr;2</data><data column="Performance">387.22</data></row><row><data column="Variable Features">freq;2500.0,tr;3</data><data column="Performance">235.26</data></row><row><data column="Variable Features">freq;2500.0,tr;4</data><data column="Performance">154.59</data></row><row><data column="Variable Features">freq;2500.0,tr;5</data><data column="Performance">116.79</data></row><row><data column="Variable Features">freq;2500.0,tr;6</data><data column="Performance">117.39</data></row><row><data column="Variable Features">freq;2700.0,tr;1</data><data column="Performance">644.4</data></row><row><data column="Variable Features">freq;2700.0,tr;2</data><data column="Performance">367.63</data></row><row><data column="Variable Features">freq;2700.0,tr;3</data><data column="Performance">227.33</data></row><row><data column="Variable Features">freq;2700.0,tr;4</data><data column="Performance">155.4</data></row><row><data column="Variable Features">freq;2700.0,tr;5</data><data column="Performance">117.16</data></row><row><data column="Variable Features">freq;2700.0,tr;6</data><data column="Performance">117.14</data></row><row><data column="Variable Features">freq;2800.0,tr;1</data><data column="Performance">630.07</data></row><row><data column="Variable Features">freq;2800.0,tr;2</data><data column="Performance">362.12</data></row><row><data column="Variable Features">freq;2800.0,tr;3</data><data column="Performance">221.17</data></row><row><data column="Variable Features">freq;2800.0,tr;4</data><data column="Performance">151.93</data></row><row><data column="Variable Features">freq;2800.0,tr;5</data><data column="Performance">118.77</data></row><row><data column="Variable Features">freq;2800.0,tr;6</data><data column="Performance">117.59</data></row><row><data column="Variable Features">freq;2900.0,tr;1</data><data column="Performance">616.14</data></row><row><data column="Variable Features">freq;2900.0,tr;2</data><data column="Performance">357.37</data></row><row><data column="Variable Features">freq;2900.0,tr;3</data><data column="Performance">221.66</data></row><row><data column="Variable Features">freq;2900.0,tr;4</data><data column="Performance">156.0</data></row><row><data column="Variable Features">freq;2900.0,tr;5</data><data column="Performance">122.42</data></row><row><data column="Variable Features">freq;2900.0,tr;6</data><data column="Performance">122.68</data></row><row><data column="Variable Features">freq;3000.0,tr;1</data><data column="Performance">581.39</data></row><row><data column="Variable Features">freq;3000.0,tr;2</data><data column="Performance">358.41</data></row><row><data column="Variable Features">freq;3000.0,tr;3</data><data column="Performance">232.77</data></row><row><data column="Variable Features">freq;3000.0,tr;4</data><data column="Performance">165.07</data></row><row><data column="Variable Features">freq;3000.0,tr;5</data><data column="Performance">139.8</data></row><row><data column="Variable Features">freq;3000.0,tr;6</data><data column="Performance">136.89</data></row></results>