<results><row><data column="Variable Features">freq;1200.0,tr;1</data><data column="Performance">926.15</data></row><row><data column="Variable Features">freq;1200.0,tr;2</data><data column="Performance">475.27</data></row><row><data column="Variable Features">freq;1200.0,tr;3</data><data column="Performance">264.54</data></row><row><data column="Variable Features">freq;1200.0,tr;4</data><data column="Performance">152.22</data></row><row><data column="Variable Features">freq;1200.0,tr;5</data><data column="Performance">106.81</data></row><row><data column="Variable Features">freq;1200.0,tr;6</data><data column="Performance">90.42</data></row><row><data column="Variable Features">freq;1300.0,tr;1</data><data column="Performance">863.85</data></row><row><data column="Variable Features">freq;1300.0,tr;2</data><data column="Performance">444.98</data></row><row><data column="Variable Features">freq;1300.0,tr;3</data><data column="Performance">249.62</data></row><row><data column="Variable Features">freq;1300.0,tr;4</data><data column="Performance">143.67</data></row><row><data column="Variable Features">freq;1300.0,tr;5</data><data column="Performance">102.73</data></row><row><data column="Variable Features">freq;1300.0,tr;6</data><data column="Performance">86.36</data></row><row><data column="Variable Features">freq;1400.0,tr;1</data><data column="Performance">823.06</data></row><row><data column="Variable Features">freq;1400.0,tr;2</data><data column="Performance">418.2</data></row><row><data column="Variable Features">freq;1400.0,tr;3</data><data column="Performance">231.38</data></row><row><data column="Variable Features">freq;1400.0,tr;4</data><data column="Performance">137.9</data></row><row><data column="Variable Features">freq;1400.0,tr;5</data><data column="Performance">99.53</data></row><row><data column="Variable Features">freq;1400.0,tr;6</data><data column="Performance">84.07</data></row><row><data column="Variable Features">freq;1600.0,tr;1</data><data column="Performance">718.59</data></row><row><data column="Variable Features">freq;1600.0,tr;2</data><data column="Performance">374.5</data></row><row><data column="Variable Features">freq;1600.0,tr;3</data><data column="Performance">207.45</data></row><row><data column="Variable Features">freq;1600.0,tr;4</data><data column="Performance">124.14</data></row><row><data column="Variable Features">freq;1600.0,tr;5</data><data column="Performance">90.92</data></row><row><data column="Variable Features">freq;1600.0,tr;6</data><data column="Performance">78.16</data></row><row><data column="Variable Features">freq;1800.0,tr;1</data><data column="Performance">653.42</data></row><row><data column="Variable Features">freq;1800.0,tr;2</data><data column="Performance">341.61</data></row><row><data column="Variable Features">freq;1800.0,tr;3</data><data column="Performance">190.71</data></row><row><data column="Variable Features">freq;1800.0,tr;4</data><data column="Performance">117.25</data></row><row><data column="Variable Features">freq;1800.0,tr;5</data><data column="Performance">85.61</data></row><row><data column="Variable Features">freq;1800.0,tr;6</data><data column="Performance">74.39</data></row><row><data column="Variable Features">freq;2200.0,tr;1</data><data column="Performance">564.25</data></row><row><data column="Variable Features">freq;2200.0,tr;2</data><data column="Performance">302.28</data></row><row><data column="Variable Features">freq;2200.0,tr;3</data><data column="Performance">169.92</data></row><row><data column="Variable Features">freq;2200.0,tr;4</data><data column="Performance">105.76</data></row><row><data column="Variable Features">freq;2200.0,tr;5</data><data column="Performance">84.61</data></row><row><data column="Variable Features">freq;2200.0,tr;6</data><data column="Performance">76.48</data></row><row><data column="Variable Features">freq;2400.0,tr;1</data><data column="Performance">516.76</data></row><row><data column="Variable Features">freq;2400.0,tr;2</data><data column="Performance">281.8</data></row><row><data column="Variable Features">freq;2400.0,tr;3</data><data column="Performance">162.84</data></row><row><data column="Variable Features">freq;2400.0,tr;4</data><data column="Performance">102.84</data></row><row><data column="Variable Features">freq;2400.0,tr;5</data><data column="Performance">82.62</data></row><row><data column="Variable Features">freq;2400.0,tr;6</data><data column="Performance">77.74</data></row><row><data column="Variable Features">freq;2700.0,tr;1</data><data column="Performance">481.4</data></row><row><data column="Variable Features">freq;2700.0,tr;2</data><data column="Performance">263.42</data></row><row><data column="Variable Features">freq;2700.0,tr;3</data><data column="Performance">153.5</data></row><row><data column="Variable Features">freq;2700.0,tr;4</data><data column="Performance">99.97</data></row><row><data column="Variable Features">freq;2700.0,tr;5</data><data column="Performance">83.58</data></row><row><data column="Variable Features">freq;2700.0,tr;6</data><data column="Performance">70.81</data></row><row><data column="Variable Features">freq;3000.0,tr;1</data><data column="Performance">432.32</data></row><row><data column="Variable Features">freq;3000.0,tr;2</data><data column="Performance">253.05</data></row><row><data column="Variable Features">freq;3000.0,tr;3</data><data column="Performance">159.9</data></row><row><data column="Variable Features">freq;3000.0,tr;4</data><data column="Performance">110.89</data></row><row><data column="Variable Features">freq;3000.0,tr;5</data><data column="Performance">95.6</data></row><row><data column="Variable Features">freq;3000.0,tr;6</data><data column="Performance">89.25</data></row><row><data column="Variable Features">freq;1700.0,tr;1</data><data column="Performance">670.66</data></row><row><data column="Variable Features">freq;1700.0,tr;2</data><data column="Performance">355.5</data></row><row><data column="Variable Features">freq;1700.0,tr;3</data><data column="Performance">198.27</data></row><row><data column="Variable Features">freq;1700.0,tr;4</data><data column="Performance">119.88</data></row><row><data column="Variable Features">freq;1700.0,tr;5</data><data column="Performance">89.26</data></row><row><data column="Variable Features">freq;1700.0,tr;6</data><data column="Performance">77.6</data></row><row><data column="Variable Features">freq;1900.0,tr;1</data><data column="Performance">619.05</data></row><row><data column="Variable Features">freq;1900.0,tr;2</data><data column="Performance">332.51</data></row><row><data column="Variable Features">freq;1900.0,tr;3</data><data column="Performance">187.07</data></row><row><data column="Variable Features">freq;1900.0,tr;4</data><data column="Performance">118.23</data></row><row><data column="Variable Features">freq;1900.0,tr;5</data><data column="Performance">93.23</data></row><row><data column="Variable Features">freq;1900.0,tr;6</data><data column="Performance">82.04</data></row><row><data column="Variable Features">freq;2300.0,tr;1</data><data column="Performance">550.1</data></row><row><data column="Variable Features">freq;2300.0,tr;2</data><data column="Performance">300.03</data></row><row><data column="Variable Features">freq;2300.0,tr;3</data><data column="Performance">168.21</data></row><row><data column="Variable Features">freq;2300.0,tr;4</data><data column="Performance">109.39</data></row><row><data column="Variable Features">freq;2300.0,tr;5</data><data column="Performance">89.96</data></row><row><data column="Variable Features">freq;2300.0,tr;6</data><data column="Performance">80.47</data></row><row><data column="Variable Features">freq;2500.0,tr;1</data><data column="Performance">519.52</data></row><row><data column="Variable Features">freq;2500.0,tr;2</data><data column="Performance">280.42</data></row><row><data column="Variable Features">freq;2500.0,tr;3</data><data column="Performance">159.24</data></row><row><data column="Variable Features">freq;2500.0,tr;4</data><data column="Performance">105.94</data></row><row><data column="Variable Features">freq;2500.0,tr;5</data><data column="Performance">89.02</data></row><row><data column="Variable Features">freq;2500.0,tr;6</data><data column="Performance">79.02</data></row><row><data column="Variable Features">freq;2800.0,tr;1</data><data column="Performance">477.58</data></row><row><data column="Variable Features">freq;2800.0,tr;2</data><data column="Performance">267.22</data></row><row><data column="Variable Features">freq;2800.0,tr;3</data><data column="Performance">155.95</data></row><row><data column="Variable Features">freq;2800.0,tr;4</data><data column="Performance">102.71</data></row><row><data column="Variable Features">freq;2800.0,tr;5</data><data column="Performance">84.72</data></row><row><data column="Variable Features">freq;2800.0,tr;6</data><data column="Performance">84.14</data></row><row><data column="Variable Features">freq;2900.0,tr;1</data><data column="Performance">473.04</data></row><row><data column="Variable Features">freq;2900.0,tr;2</data><data column="Performance">259.49</data></row><row><data column="Variable Features">freq;2900.0,tr;3</data><data column="Performance">155.42</data></row><row><data column="Variable Features">freq;2900.0,tr;4</data><data column="Performance">104.1</data></row><row><data column="Variable Features">freq;2900.0,tr;5</data><data column="Performance">87.72</data></row><row><data column="Variable Features">freq;2900.0,tr;6</data><data column="Performance">83.51</data></row><row><data column="Variable Features">freq;2000.0,tr;1</data><data column="Performance">606.37</data></row><row><data column="Variable Features">freq;2000.0,tr;2</data><data column="Performance">318.47</data></row><row><data column="Variable Features">freq;2000.0,tr;3</data><data column="Performance">180.26</data></row><row><data column="Variable Features">freq;2000.0,tr;4</data><data column="Performance">111.02</data></row><row><data column="Variable Features">freq;2000.0,tr;5</data><data column="Performance">86.37</data></row><row><data column="Variable Features">freq;2000.0,tr;6</data><data column="Performance">73.65</data></row></results>