<results><row><data column="Variable Features">freq;1200.0,tr;1</data><data column="Performance">8585.77</data></row><row><data column="Variable Features">freq;1200.0,tr;2</data><data column="Performance">4443.19</data></row><row><data column="Variable Features">freq;1200.0,tr;3</data><data column="Performance">2349.17</data></row><row><data column="Variable Features">freq;1200.0,tr;4</data><data column="Performance">1339.32</data></row><row><data column="Variable Features">freq;1200.0,tr;5</data><data column="Performance">901.24</data></row><row><data column="Variable Features">freq;1200.0,tr;6</data><data column="Performance">741.52</data></row><row><data column="Variable Features">freq;1300.0,tr;1</data><data column="Performance">8006.85</data></row><row><data column="Variable Features">freq;1300.0,tr;2</data><data column="Performance">4144.42</data></row><row><data column="Variable Features">freq;1300.0,tr;3</data><data column="Performance">2234.0</data></row><row><data column="Variable Features">freq;1300.0,tr;4</data><data column="Performance">1264.98</data></row><row><data column="Variable Features">freq;1300.0,tr;5</data><data column="Performance">868.69</data></row><row><data column="Variable Features">freq;1300.0,tr;6</data><data column="Performance">710.92</data></row><row><data column="Variable Features">freq;1400.0,tr;1</data><data column="Performance">7570.02</data></row><row><data column="Variable Features">freq;1400.0,tr;2</data><data column="Performance">3875.3</data></row><row><data column="Variable Features">freq;1400.0,tr;3</data><data column="Performance">2101.21</data></row><row><data column="Variable Features">freq;1400.0,tr;4</data><data column="Performance">1213.82</data></row><row><data column="Variable Features">freq;1400.0,tr;5</data><data column="Performance">836.02</data></row><row><data column="Variable Features">freq;1400.0,tr;6</data><data column="Performance">693.1</data></row><row><data column="Variable Features">freq;1600.0,tr;1</data><data column="Performance">6609.12</data></row><row><data column="Variable Features">freq;1600.0,tr;2</data><data column="Performance">3480.97</data></row><row><data column="Variable Features">freq;1600.0,tr;3</data><data column="Performance">1905.48</data></row><row><data column="Variable Features">freq;1600.0,tr;4</data><data column="Performance">1110.36</data></row><row><data column="Variable Features">freq;1600.0,tr;5</data><data column="Performance">785.3</data></row><row><data column="Variable Features">freq;1600.0,tr;6</data><data column="Performance">656.55</data></row><row><data column="Variable Features">freq;1800.0,tr;1</data><data column="Performance">6113.24</data></row><row><data column="Variable Features">freq;1800.0,tr;2</data><data column="Performance">3171.28</data></row><row><data column="Variable Features">freq;1800.0,tr;3</data><data column="Performance">1758.75</data></row><row><data column="Variable Features">freq;1800.0,tr;4</data><data column="Performance">1035.65</data></row><row><data column="Variable Features">freq;1800.0,tr;5</data><data column="Performance">756.26</data></row><row><data column="Variable Features">freq;1800.0,tr;6</data><data column="Performance">643.62</data></row><row><data column="Variable Features">freq;2200.0,tr;1</data><data column="Performance">5103.31</data></row><row><data column="Variable Features">freq;2200.0,tr;2</data><data column="Performance">2804.39</data></row><row><data column="Variable Features">freq;2200.0,tr;3</data><data column="Performance">1571.72</data></row><row><data column="Variable Features">freq;2200.0,tr;4</data><data column="Performance">951.46</data></row><row><data column="Variable Features">freq;2200.0,tr;5</data><data column="Performance">728.73</data></row><row><data column="Variable Features">freq;2200.0,tr;6</data><data column="Performance">636.39</data></row><row><data column="Variable Features">freq;2400.0,tr;1</data><data column="Performance">4880.27</data></row><row><data column="Variable Features">freq;2400.0,tr;2</data><data column="Performance">2654.08</data></row><row><data column="Variable Features">freq;2400.0,tr;3</data><data column="Performance">1502.63</data></row><row><data column="Variable Features">freq;2400.0,tr;4</data><data column="Performance">934.13</data></row><row><data column="Variable Features">freq;2400.0,tr;5</data><data column="Performance">733.83</data></row><row><data column="Variable Features">freq;2400.0,tr;6</data><data column="Performance">642.63</data></row><row><data column="Variable Features">freq;2700.0,tr;1</data><data column="Performance">4454.14</data></row><row><data column="Variable Features">freq;2700.0,tr;2</data><data column="Performance">2512.96</data></row><row><data column="Variable Features">freq;2700.0,tr;3</data><data column="Performance">1435.78</data></row><row><data column="Variable Features">freq;2700.0,tr;4</data><data column="Performance">919.43</data></row><row><data column="Variable Features">freq;2700.0,tr;5</data><data column="Performance">750.37</data></row><row><data column="Variable Features">freq;2700.0,tr;6</data><data column="Performance">674.34</data></row><row><data column="Variable Features">freq;3000.0,tr;1</data><data column="Performance">3811.54</data></row><row><data column="Variable Features">freq;3000.0,tr;2</data><data column="Performance">2486.1</data></row><row><data column="Variable Features">freq;3000.0,tr;3</data><data column="Performance">1498.01</data></row><row><data column="Variable Features">freq;3000.0,tr;4</data><data column="Performance">992.53</data></row><row><data column="Variable Features">freq;3000.0,tr;5</data><data column="Performance">849.19</data></row><row><data column="Variable Features">freq;3000.0,tr;6</data><data column="Performance">785.35</data></row><row><data column="Variable Features">freq;1700.0,tr;1</data><data column="Performance">6220.41</data></row><row><data column="Variable Features">freq;1700.0,tr;2</data><data column="Performance">3318.89</data></row><row><data column="Variable Features">freq;1700.0,tr;3</data><data column="Performance">1837.99</data></row><row><data column="Variable Features">freq;1700.0,tr;4</data><data column="Performance">1068.69</data></row><row><data column="Variable Features">freq;1700.0,tr;5</data><data column="Performance">764.84</data></row><row><data column="Variable Features">freq;1700.0,tr;6</data><data column="Performance">647.42</data></row><row><data column="Variable Features">freq;1900.0,tr;1</data><data column="Performance">5829.79</data></row><row><data column="Variable Features">freq;1900.0,tr;2</data><data column="Performance">3042.43</data></row><row><data column="Variable Features">freq;1900.0,tr;3</data><data column="Performance">1702.29</data></row><row><data column="Variable Features">freq;1900.0,tr;4</data><data column="Performance">1015.91</data></row><row><data column="Variable Features">freq;1900.0,tr;5</data><data column="Performance">775.16</data></row><row><data column="Variable Features">freq;1900.0,tr;6</data><data column="Performance">688.0</data></row><row><data column="Variable Features">freq;2300.0,tr;1</data><data column="Performance">5099.28</data></row><row><data column="Variable Features">freq;2300.0,tr;2</data><data column="Performance">2756.14</data></row><row><data column="Variable Features">freq;2300.0,tr;3</data><data column="Performance">1548.77</data></row><row><data column="Variable Features">freq;2300.0,tr;4</data><data column="Performance">950.34</data></row><row><data column="Variable Features">freq;2300.0,tr;5</data><data column="Performance">762.35</data></row><row><data column="Variable Features">freq;2300.0,tr;6</data><data column="Performance">704.17</data></row><row><data column="Variable Features">freq;2500.0,tr;1</data><data column="Performance">4788.68</data></row><row><data column="Variable Features">freq;2500.0,tr;2</data><data column="Performance">2628.8</data></row><row><data column="Variable Features">freq;2500.0,tr;3</data><data column="Performance">1510.34</data></row><row><data column="Variable Features">freq;2500.0,tr;4</data><data column="Performance">942.9</data></row><row><data column="Variable Features">freq;2500.0,tr;5</data><data column="Performance">779.49</data></row><row><data column="Variable Features">freq;2500.0,tr;6</data><data column="Performance">727.57</data></row><row><data column="Variable Features">freq;2800.0,tr;1</data><data column="Performance">4428.38</data></row><row><data column="Variable Features">freq;2800.0,tr;2</data><data column="Performance">2453.38</data></row><row><data column="Variable Features">freq;2800.0,tr;3</data><data column="Performance">1451.57</data></row><row><data column="Variable Features">freq;2800.0,tr;4</data><data column="Performance">936.87</data></row><row><data column="Variable Features">freq;2800.0,tr;5</data><data column="Performance">801.33</data></row><row><data column="Variable Features">freq;2800.0,tr;6</data><data column="Performance">745.77</data></row><row><data column="Variable Features">freq;2900.0,tr;1</data><data column="Performance">4279.1</data></row><row><data column="Variable Features">freq;2900.0,tr;2</data><data column="Performance">2449.35</data></row><row><data column="Variable Features">freq;2900.0,tr;3</data><data column="Performance">1428.09</data></row><row><data column="Variable Features">freq;2900.0,tr;4</data><data column="Performance">927.99</data></row><row><data column="Variable Features">freq;2900.0,tr;5</data><data column="Performance">820.89</data></row><row><data column="Variable Features">freq;2900.0,tr;6</data><data column="Performance">759.25</data></row><row><data column="Variable Features">freq;2000.0,tr;1</data><data column="Performance">5575.39</data></row><row><data column="Variable Features">freq;2000.0,tr;2</data><data column="Performance">2976.77</data></row><row><data column="Variable Features">freq;2000.0,tr;3</data><data column="Performance">1654.16</data></row><row><data column="Variable Features">freq;2000.0,tr;4</data><data column="Performance">1002.46</data></row><row><data column="Variable Features">freq;2000.0,tr;5</data><data column="Performance">735.75</data></row><row><data column="Variable Features">freq;2000.0,tr;6</data><data column="Performance">639.53</data></row></results>