<results><row><data column="Variable Features">freq;1200.0,tr;1</data><data column="Performance">11933.15</data></row><row><data column="Variable Features">freq;1200.0,tr;2</data><data column="Performance">6385.75</data></row><row><data column="Variable Features">freq;1200.0,tr;3</data><data column="Performance">3535.09</data></row><row><data column="Variable Features">freq;1200.0,tr;4</data><data column="Performance">2109.07</data></row><row><data column="Variable Features">freq;1200.0,tr;5</data><data column="Performance">1399.54</data></row><row><data column="Variable Features">freq;1200.0,tr;6</data><data column="Performance">1401.88</data></row><row><data column="Variable Features">freq;1600.0,tr;1</data><data column="Performance">9230.51</data></row><row><data column="Variable Features">freq;1600.0,tr;2</data><data column="Performance">5090.51</data></row><row><data column="Variable Features">freq;1600.0,tr;3</data><data column="Performance">2843.18</data></row><row><data column="Variable Features">freq;1600.0,tr;4</data><data column="Performance">1753.84</data></row><row><data column="Variable Features">freq;1600.0,tr;5</data><data column="Performance">1220.01</data></row><row><data column="Variable Features">freq;1600.0,tr;6</data><data column="Performance">1219.82</data></row><row><data column="Variable Features">freq;1800.0,tr;1</data><data column="Performance">8356.6</data></row><row><data column="Variable Features">freq;1800.0,tr;2</data><data column="Performance">4593.6</data></row><row><data column="Variable Features">freq;1800.0,tr;3</data><data column="Performance">2655.8</data></row><row><data column="Variable Features">freq;1800.0,tr;4</data><data column="Performance">1662.35</data></row><row><data column="Variable Features">freq;1800.0,tr;5</data><data column="Performance">1165.0</data></row><row><data column="Variable Features">freq;1800.0,tr;6</data><data column="Performance">1166.78</data></row><row><data column="Variable Features">freq;2200.0,tr;1</data><data column="Performance">7162.79</data></row><row><data column="Variable Features">freq;2200.0,tr;2</data><data column="Performance">3950.77</data></row><row><data column="Variable Features">freq;2200.0,tr;3</data><data column="Performance">2420.39</data></row><row><data column="Variable Features">freq;2200.0,tr;4</data><data column="Performance">1484.88</data></row><row><data column="Variable Features">freq;2200.0,tr;5</data><data column="Performance">1122.21</data></row><row><data column="Variable Features">freq;2200.0,tr;6</data><data column="Performance">1122.38</data></row><row><data column="Variable Features">freq;2400.0,tr;1</data><data column="Performance">6674.71</data></row><row><data column="Variable Features">freq;2400.0,tr;2</data><data column="Performance">3800.46</data></row><row><data column="Variable Features">freq;2400.0,tr;3</data><data column="Performance">2242.46</data></row><row><data column="Variable Features">freq;2400.0,tr;4</data><data column="Performance">1497.33</data></row><row><data column="Variable Features">freq;2400.0,tr;5</data><data column="Performance">1115.51</data></row><row><data column="Variable Features">freq;2400.0,tr;6</data><data column="Performance">1118.03</data></row><row><data column="Variable Features">freq;2700.0,tr;1</data><data column="Performance">6125.3</data></row><row><data column="Variable Features">freq;2700.0,tr;2</data><data column="Performance">3448.98</data></row><row><data column="Variable Features">freq;2700.0,tr;3</data><data column="Performance">2132.01</data></row><row><data column="Variable Features">freq;2700.0,tr;4</data><data column="Performance">1415.8</data></row><row><data column="Variable Features">freq;2700.0,tr;5</data><data column="Performance">1121.59</data></row><row><data column="Variable Features">freq;2700.0,tr;6</data><data column="Performance">1130.33</data></row><row><data column="Variable Features">freq;3000.0,tr;1</data><data column="Performance">5785.55</data></row><row><data column="Variable Features">freq;3000.0,tr;2</data><data column="Performance">3685.3</data></row><row><data column="Variable Features">freq;3000.0,tr;3</data><data column="Performance">2404.92</data></row><row><data column="Variable Features">freq;3000.0,tr;4</data><data column="Performance">1734.69</data></row><row><data column="Variable Features">freq;3000.0,tr;5</data><data column="Performance">1309.01</data></row><row><data column="Variable Features">freq;3000.0,tr;6</data><data column="Performance">1314.59</data></row><row><data column="Variable Features">freq;1300.0,tr;1</data><data column="Performance">11410.31</data></row><row><data column="Variable Features">freq;1300.0,tr;2</data><data column="Performance">6226.95</data></row><row><data column="Variable Features">freq;1300.0,tr;3</data><data column="Performance">3598.07</data></row><row><data column="Variable Features">freq;1300.0,tr;4</data><data column="Performance">2124.58</data></row><row><data column="Variable Features">freq;1300.0,tr;5</data><data column="Performance">1417.6</data></row><row><data column="Variable Features">freq;1300.0,tr;6</data><data column="Performance">1391.43</data></row><row><data column="Variable Features">freq;1700.0,tr;1</data><data column="Performance">9015.87</data></row><row><data column="Variable Features">freq;1700.0,tr;2</data><data column="Performance">5153.01</data></row><row><data column="Variable Features">freq;1700.0,tr;3</data><data column="Performance">2937.29</data></row><row><data column="Variable Features">freq;1700.0,tr;4</data><data column="Performance">1814.72</data></row><row><data column="Variable Features">freq;1700.0,tr;5</data><data column="Performance">1240.41</data></row><row><data column="Variable Features">freq;1700.0,tr;6</data><data column="Performance">1226.82</data></row><row><data column="Variable Features">freq;1900.0,tr;1</data><data column="Performance">8246.49</data></row><row><data column="Variable Features">freq;1900.0,tr;2</data><data column="Performance">4712.53</data></row><row><data column="Variable Features">freq;1900.0,tr;3</data><data column="Performance">2765.04</data></row><row><data column="Variable Features">freq;1900.0,tr;4</data><data column="Performance">1765.91</data></row><row><data column="Variable Features">freq;1900.0,tr;5</data><data column="Performance">1154.6</data></row><row><data column="Variable Features">freq;1900.0,tr;6</data><data column="Performance">1156.02</data></row><row><data column="Variable Features">freq;2300.0,tr;1</data><data column="Performance">7268.91</data></row><row><data column="Variable Features">freq;2300.0,tr;2</data><data column="Performance">4194.35</data></row><row><data column="Variable Features">freq;2300.0,tr;3</data><data column="Performance">2535.74</data></row><row><data column="Variable Features">freq;2300.0,tr;4</data><data column="Performance">1672.41</data></row><row><data column="Variable Features">freq;2300.0,tr;5</data><data column="Performance">995.45</data></row><row><data column="Variable Features">freq;2300.0,tr;6</data><data column="Performance">1000.52</data></row><row><data column="Variable Features">freq;2500.0,tr;1</data><data column="Performance">6762.5</data></row><row><data column="Variable Features">freq;2500.0,tr;2</data><data column="Performance">3956.05</data></row><row><data column="Variable Features">freq;2500.0,tr;3</data><data column="Performance">2467.16</data></row><row><data column="Variable Features">freq;2500.0,tr;4</data><data column="Performance">1668.02</data></row><row><data column="Variable Features">freq;2500.0,tr;5</data><data column="Performance">1145.21</data></row><row><data column="Variable Features">freq;2500.0,tr;6</data><data column="Performance">1131.76</data></row><row><data column="Variable Features">freq;2800.0,tr;1</data><data column="Performance">6281.78</data></row><row><data column="Variable Features">freq;2800.0,tr;2</data><data column="Performance">3831.08</data></row><row><data column="Variable Features">freq;2800.0,tr;3</data><data column="Performance">2381.15</data></row><row><data column="Variable Features">freq;2800.0,tr;4</data><data column="Performance">1648.84</data></row><row><data column="Variable Features">freq;2800.0,tr;5</data><data column="Performance">1167.11</data></row><row><data column="Variable Features">freq;2800.0,tr;6</data><data column="Performance">1174.42</data></row><row><data column="Variable Features">freq;1400.0,tr;1</data><data column="Performance">10700.78</data></row><row><data column="Variable Features">freq;1400.0,tr;2</data><data column="Performance">5870.23</data></row><row><data column="Variable Features">freq;1400.0,tr;3</data><data column="Performance">3427.27</data></row><row><data column="Variable Features">freq;1400.0,tr;4</data><data column="Performance">2018.73</data></row><row><data column="Variable Features">freq;1400.0,tr;5</data><data column="Performance">1384.01</data></row><row><data column="Variable Features">freq;1400.0,tr;6</data><data column="Performance">1376.21</data></row><row><data column="Variable Features">freq;2900.0,tr;1</data><data column="Performance">6174.18</data></row><row><data column="Variable Features">freq;2900.0,tr;2</data><data column="Performance">3748.87</data></row><row><data column="Variable Features">freq;2900.0,tr;3</data><data column="Performance">2391.5</data></row><row><data column="Variable Features">freq;2900.0,tr;4</data><data column="Performance">1649.3</data></row><row><data column="Variable Features">freq;2900.0,tr;5</data><data column="Performance">1176.53</data></row><row><data column="Variable Features">freq;2900.0,tr;6</data><data column="Performance">1175.78</data></row><row><data column="Variable Features">freq;2000.0,tr;1</data><data column="Performance">7747.96</data></row><row><data column="Variable Features">freq;2000.0,tr;2</data><data column="Performance">4294.49</data></row><row><data column="Variable Features">freq;2000.0,tr;3</data><data column="Performance">2494.15</data></row><row><data column="Variable Features">freq;2000.0,tr;4</data><data column="Performance">1550.09</data></row><row><data column="Variable Features">freq;2000.0,tr;5</data><data column="Performance">979.0</data></row><row><data column="Variable Features">freq;2000.0,tr;6</data><data column="Performance">980.11</data></row></results>