<results><row><data column="Variable Features">freq;1200.0,tr;1</data><data column="Performance">2192.0</data></row><row><data column="Variable Features">freq;1200.0,tr;2</data><data column="Performance">1145.02</data></row><row><data column="Variable Features">freq;1200.0,tr;3</data><data column="Performance">633.95</data></row><row><data column="Variable Features">freq;1200.0,tr;4</data><data column="Performance">363.94</data></row><row><data column="Variable Features">freq;1200.0,tr;5</data><data column="Performance">246.51</data></row><row><data column="Variable Features">freq;1200.0,tr;6</data><data column="Performance">206.2</data></row><row><data column="Variable Features">freq;1300.0,tr;1</data><data column="Performance">2064.71</data></row><row><data column="Variable Features">freq;1300.0,tr;2</data><data column="Performance">1076.86</data></row><row><data column="Variable Features">freq;1300.0,tr;3</data><data column="Performance">604.97</data></row><row><data column="Variable Features">freq;1300.0,tr;4</data><data column="Performance">346.28</data></row><row><data column="Variable Features">freq;1300.0,tr;5</data><data column="Performance">243.31</data></row><row><data column="Variable Features">freq;1300.0,tr;6</data><data column="Performance">196.86</data></row><row><data column="Variable Features">freq;1400.0,tr;1</data><data column="Performance">1921.06</data></row><row><data column="Variable Features">freq;1400.0,tr;2</data><data column="Performance">1013.39</data></row><row><data column="Variable Features">freq;1400.0,tr;3</data><data column="Performance">586.0</data></row><row><data column="Variable Features">freq;1400.0,tr;4</data><data column="Performance">333.84</data></row><row><data column="Variable Features">freq;1400.0,tr;5</data><data column="Performance">232.02</data></row><row><data column="Variable Features">freq;1400.0,tr;6</data><data column="Performance">192.56</data></row><row><data column="Variable Features">freq;1600.0,tr;1</data><data column="Performance">1711.52</data></row><row><data column="Variable Features">freq;1600.0,tr;2</data><data column="Performance">909.61</data></row><row><data column="Variable Features">freq;1600.0,tr;3</data><data column="Performance">531.36</data></row><row><data column="Variable Features">freq;1600.0,tr;4</data><data column="Performance">306.71</data></row><row><data column="Variable Features">freq;1600.0,tr;5</data><data column="Performance">218.12</data></row><row><data column="Variable Features">freq;1600.0,tr;6</data><data column="Performance">180.65</data></row><row><data column="Variable Features">freq;1800.0,tr;1</data><data column="Performance">1549.92</data></row><row><data column="Variable Features">freq;1800.0,tr;2</data><data column="Performance">835.25</data></row><row><data column="Variable Features">freq;1800.0,tr;3</data><data column="Performance">473.26</data></row><row><data column="Variable Features">freq;1800.0,tr;4</data><data column="Performance">288.3</data></row><row><data column="Variable Features">freq;1800.0,tr;5</data><data column="Performance">208.86</data></row><row><data column="Variable Features">freq;1800.0,tr;6</data><data column="Performance">177.08</data></row><row><data column="Variable Features">freq;2200.0,tr;1</data><data column="Performance">1325.78</data></row><row><data column="Variable Features">freq;2200.0,tr;2</data><data column="Performance">736.05</data></row><row><data column="Variable Features">freq;2200.0,tr;3</data><data column="Performance">417.59</data></row><row><data column="Variable Features">freq;2200.0,tr;4</data><data column="Performance">263.11</data></row><row><data column="Variable Features">freq;2200.0,tr;5</data><data column="Performance">205.29</data></row><row><data column="Variable Features">freq;2200.0,tr;6</data><data column="Performance">170.32</data></row><row><data column="Variable Features">freq;2400.0,tr;1</data><data column="Performance">1233.4</data></row><row><data column="Variable Features">freq;2400.0,tr;2</data><data column="Performance">698.93</data></row><row><data column="Variable Features">freq;2400.0,tr;3</data><data column="Performance">399.92</data></row><row><data column="Variable Features">freq;2400.0,tr;4</data><data column="Performance">255.56</data></row><row><data column="Variable Features">freq;2400.0,tr;5</data><data column="Performance">200.74</data></row><row><data column="Variable Features">freq;2400.0,tr;6</data><data column="Performance">172.1</data></row><row><data column="Variable Features">freq;2700.0,tr;1</data><data column="Performance">1136.64</data></row><row><data column="Variable Features">freq;2700.0,tr;2</data><data column="Performance">660.84</data></row><row><data column="Variable Features">freq;2700.0,tr;3</data><data column="Performance">383.82</data></row><row><data column="Variable Features">freq;2700.0,tr;4</data><data column="Performance">252.32</data></row><row><data column="Variable Features">freq;2700.0,tr;5</data><data column="Performance">199.09</data></row><row><data column="Variable Features">freq;2700.0,tr;6</data><data column="Performance">174.83</data></row><row><data column="Variable Features">freq;3000.0,tr;1</data><data column="Performance">999.76</data></row><row><data column="Variable Features">freq;3000.0,tr;2</data><data column="Performance">629.75</data></row><row><data column="Variable Features">freq;3000.0,tr;3</data><data column="Performance">402.21</data></row><row><data column="Variable Features">freq;3000.0,tr;4</data><data column="Performance">280.66</data></row><row><data column="Variable Features">freq;3000.0,tr;5</data><data column="Performance">222.72</data></row><row><data column="Variable Features">freq;3000.0,tr;6</data><data column="Performance">193.55</data></row><row><data column="Variable Features">freq;1700.0,tr;1</data><data column="Performance">1600.57</data></row><row><data column="Variable Features">freq;1700.0,tr;2</data><data column="Performance">869.12</data></row><row><data column="Variable Features">freq;1700.0,tr;3</data><data column="Performance">487.32</data></row><row><data column="Variable Features">freq;1700.0,tr;4</data><data column="Performance">293.82</data></row><row><data column="Variable Features">freq;1700.0,tr;5</data><data column="Performance">209.31</data></row><row><data column="Variable Features">freq;1700.0,tr;6</data><data column="Performance">177.52</data></row><row><data column="Variable Features">freq;1900.0,tr;1</data><data column="Performance">1469.38</data></row><row><data column="Variable Features">freq;1900.0,tr;2</data><data column="Performance">800.27</data></row><row><data column="Variable Features">freq;1900.0,tr;3</data><data column="Performance">456.94</data></row><row><data column="Variable Features">freq;1900.0,tr;4</data><data column="Performance">281.42</data></row><row><data column="Variable Features">freq;1900.0,tr;5</data><data column="Performance">206.82</data></row><row><data column="Variable Features">freq;1900.0,tr;6</data><data column="Performance">176.98</data></row><row><data column="Variable Features">freq;2300.0,tr;1</data><data column="Performance">1280.31</data></row><row><data column="Variable Features">freq;2300.0,tr;2</data><data column="Performance">725.21</data></row><row><data column="Variable Features">freq;2300.0,tr;3</data><data column="Performance">419.24</data></row><row><data column="Variable Features">freq;2300.0,tr;4</data><data column="Performance">266.87</data></row><row><data column="Variable Features">freq;2300.0,tr;5</data><data column="Performance">208.01</data></row><row><data column="Variable Features">freq;2300.0,tr;6</data><data column="Performance">177.33</data></row><row><data column="Variable Features">freq;2500.0,tr;1</data><data column="Performance">1202.84</data></row><row><data column="Variable Features">freq;2500.0,tr;2</data><data column="Performance">686.64</data></row><row><data column="Variable Features">freq;2500.0,tr;3</data><data column="Performance">398.63</data></row><row><data column="Variable Features">freq;2500.0,tr;4</data><data column="Performance">260.75</data></row><row><data column="Variable Features">freq;2500.0,tr;5</data><data column="Performance">205.64</data></row><row><data column="Variable Features">freq;2500.0,tr;6</data><data column="Performance">181.43</data></row><row><data column="Variable Features">freq;2800.0,tr;1</data><data column="Performance">1113.31</data></row><row><data column="Variable Features">freq;2800.0,tr;2</data><data column="Performance">637.46</data></row><row><data column="Variable Features">freq;2800.0,tr;3</data><data column="Performance">386.11</data></row><row><data column="Variable Features">freq;2800.0,tr;4</data><data column="Performance">259.73</data></row><row><data column="Variable Features">freq;2800.0,tr;5</data><data column="Performance">207.73</data></row><row><data column="Variable Features">freq;2800.0,tr;6</data><data column="Performance">189.06</data></row><row><data column="Variable Features">freq;2900.0,tr;1</data><data column="Performance">1097.63</data></row><row><data column="Variable Features">freq;2900.0,tr;2</data><data column="Performance">645.6</data></row><row><data column="Variable Features">freq;2900.0,tr;3</data><data column="Performance">380.88</data></row><row><data column="Variable Features">freq;2900.0,tr;4</data><data column="Performance">259.44</data></row><row><data column="Variable Features">freq;2900.0,tr;5</data><data column="Performance">209.84</data></row><row><data column="Variable Features">freq;2900.0,tr;6</data><data column="Performance">183.04</data></row><row><data column="Variable Features">freq;2000.0,tr;1</data><data column="Performance">1424.92</data></row><row><data column="Variable Features">freq;2000.0,tr;2</data><data column="Performance">784.01</data></row><row><data column="Variable Features">freq;2000.0,tr;3</data><data column="Performance">440.29</data></row><row><data column="Variable Features">freq;2000.0,tr;4</data><data column="Performance">275.18</data></row><row><data column="Variable Features">freq;2000.0,tr;5</data><data column="Performance">203.83</data></row><row><data column="Variable Features">freq;2000.0,tr;6</data><data column="Performance">175.34</data></row></results>