<results><row><data column="Variable Features">freq;1200.0,tr;1</data><data column="Performance">2090.24</data></row><row><data column="Variable Features">freq;1200.0,tr;2</data><data column="Performance">1134.07</data></row><row><data column="Variable Features">freq;1200.0,tr;3</data><data column="Performance">643.32</data></row><row><data column="Variable Features">freq;1200.0,tr;4</data><data column="Performance">510.55</data></row><row><data column="Variable Features">freq;1200.0,tr;5</data><data column="Performance">941.66</data></row><row><data column="Variable Features">freq;1200.0,tr;6</data><data column="Performance">1042.49</data></row><row><data column="Variable Features">freq;1600.0,tr;1</data><data column="Performance">1631.92</data></row><row><data column="Variable Features">freq;1600.0,tr;2</data><data column="Performance">906.5</data></row><row><data column="Variable Features">freq;1600.0,tr;3</data><data column="Performance">518.45</data></row><row><data column="Variable Features">freq;1600.0,tr;4</data><data column="Performance">351.19</data></row><row><data column="Variable Features">freq;1600.0,tr;5</data><data column="Performance">742.48</data></row><row><data column="Variable Features">freq;1600.0,tr;6</data><data column="Performance">745.21</data></row><row><data column="Variable Features">freq;1800.0,tr;1</data><data column="Performance">1421.32</data></row><row><data column="Variable Features">freq;1800.0,tr;2</data><data column="Performance">894.4</data></row><row><data column="Variable Features">freq;1800.0,tr;3</data><data column="Performance">514.97</data></row><row><data column="Variable Features">freq;1800.0,tr;4</data><data column="Performance">377.0</data></row><row><data column="Variable Features">freq;1800.0,tr;5</data><data column="Performance">401.32</data></row><row><data column="Variable Features">freq;1800.0,tr;6</data><data column="Performance">370.82</data></row><row><data column="Variable Features">freq;2200.0,tr;1</data><data column="Performance">1217.26</data></row><row><data column="Variable Features">freq;2200.0,tr;2</data><data column="Performance">778.86</data></row><row><data column="Variable Features">freq;2200.0,tr;3</data><data column="Performance">457.81</data></row><row><data column="Variable Features">freq;2200.0,tr;4</data><data column="Performance">343.8</data></row><row><data column="Variable Features">freq;2200.0,tr;5</data><data column="Performance">544.01</data></row><row><data column="Variable Features">freq;2200.0,tr;6</data><data column="Performance">611.25</data></row><row><data column="Variable Features">freq;2400.0,tr;1</data><data column="Performance">1177.61</data></row><row><data column="Variable Features">freq;2400.0,tr;2</data><data column="Performance">732.79</data></row><row><data column="Variable Features">freq;2400.0,tr;3</data><data column="Performance">435.25</data></row><row><data column="Variable Features">freq;2400.0,tr;4</data><data column="Performance">381.0</data></row><row><data column="Variable Features">freq;2400.0,tr;5</data><data column="Performance">691.84</data></row><row><data column="Variable Features">freq;2400.0,tr;6</data><data column="Performance">679.1</data></row><row><data column="Variable Features">freq;2700.0,tr;1</data><data column="Performance">1050.28</data></row><row><data column="Variable Features">freq;2700.0,tr;2</data><data column="Performance">689.42</data></row><row><data column="Variable Features">freq;2700.0,tr;3</data><data column="Performance">416.03</data></row><row><data column="Variable Features">freq;2700.0,tr;4</data><data column="Performance">304.22</data></row><row><data column="Variable Features">freq;2700.0,tr;5</data><data column="Performance">469.6</data></row><row><data column="Variable Features">freq;2700.0,tr;6</data><data column="Performance">422.85</data></row><row><data column="Variable Features">freq;3000.0,tr;1</data><data column="Performance">1045.0</data></row><row><data column="Variable Features">freq;3000.0,tr;2</data><data column="Performance">691.01</data></row><row><data column="Variable Features">freq;3000.0,tr;3</data><data column="Performance">433.9</data></row><row><data column="Variable Features">freq;3000.0,tr;4</data><data column="Performance">508.83</data></row><row><data column="Variable Features">freq;3000.0,tr;5</data><data column="Performance">821.42</data></row><row><data column="Variable Features">freq;3000.0,tr;6</data><data column="Performance">698.24</data></row><row><data column="Variable Features">freq;1300.0,tr;1</data><data column="Performance">1911.62</data></row><row><data column="Variable Features">freq;1300.0,tr;2</data><data column="Performance">1206.26</data></row><row><data column="Variable Features">freq;1300.0,tr;3</data><data column="Performance">681.83</data></row><row><data column="Variable Features">freq;1300.0,tr;4</data><data column="Performance">582.36</data></row><row><data column="Variable Features">freq;1300.0,tr;5</data><data column="Performance">745.03</data></row><row><data column="Variable Features">freq;1300.0,tr;6</data><data column="Performance">805.7</data></row><row><data column="Variable Features">freq;1700.0,tr;1</data><data column="Performance">1545.15</data></row><row><data column="Variable Features">freq;1700.0,tr;2</data><data column="Performance">993.23</data></row><row><data column="Variable Features">freq;1700.0,tr;3</data><data column="Performance">570.17</data></row><row><data column="Variable Features">freq;1700.0,tr;4</data><data column="Performance">456.55</data></row><row><data column="Variable Features">freq;1700.0,tr;5</data><data column="Performance">510.66</data></row><row><data column="Variable Features">freq;1700.0,tr;6</data><data column="Performance">588.07</data></row><row><data column="Variable Features">freq;1900.0,tr;1</data><data column="Performance">1475.52</data></row><row><data column="Variable Features">freq;1900.0,tr;2</data><data column="Performance">869.49</data></row><row><data column="Variable Features">freq;1900.0,tr;3</data><data column="Performance">531.42</data></row><row><data column="Variable Features">freq;1900.0,tr;4</data><data column="Performance">376.93</data></row><row><data column="Variable Features">freq;1900.0,tr;5</data><data column="Performance">493.62</data></row><row><data column="Variable Features">freq;1900.0,tr;6</data><data column="Performance">465.05</data></row><row><data column="Variable Features">freq;2300.0,tr;1</data><data column="Performance">1317.93</data></row><row><data column="Variable Features">freq;2300.0,tr;2</data><data column="Performance">825.47</data></row><row><data column="Variable Features">freq;2300.0,tr;3</data><data column="Performance">486.97</data></row><row><data column="Variable Features">freq;2300.0,tr;4</data><data column="Performance">378.5</data></row><row><data column="Variable Features">freq;2300.0,tr;5</data><data column="Performance">590.64</data></row><row><data column="Variable Features">freq;2300.0,tr;6</data><data column="Performance">537.55</data></row><row><data column="Variable Features">freq;2500.0,tr;1</data><data column="Performance">1209.99</data></row><row><data column="Variable Features">freq;2500.0,tr;2</data><data column="Performance">784.01</data></row><row><data column="Variable Features">freq;2500.0,tr;3</data><data column="Performance">472.16</data></row><row><data column="Variable Features">freq;2500.0,tr;4</data><data column="Performance">402.17</data></row><row><data column="Variable Features">freq;2500.0,tr;5</data><data column="Performance">712.67</data></row><row><data column="Variable Features">freq;2500.0,tr;6</data><data column="Performance">607.05</data></row><row><data column="Variable Features">freq;2800.0,tr;1</data><data column="Performance">1146.56</data></row><row><data column="Variable Features">freq;2800.0,tr;2</data><data column="Performance">746.1</data></row><row><data column="Variable Features">freq;2800.0,tr;3</data><data column="Performance">458.52</data></row><row><data column="Variable Features">freq;2800.0,tr;4</data><data column="Performance">388.75</data></row><row><data column="Variable Features">freq;2800.0,tr;5</data><data column="Performance">592.88</data></row><row><data column="Variable Features">freq;2800.0,tr;6</data><data column="Performance">510.85</data></row><row><data column="Variable Features">freq;1400.0,tr;1</data><data column="Performance">1797.9</data></row><row><data column="Variable Features">freq;1400.0,tr;2</data><data column="Performance">1136.77</data></row><row><data column="Variable Features">freq;1400.0,tr;3</data><data column="Performance">648.04</data></row><row><data column="Variable Features">freq;1400.0,tr;4</data><data column="Performance">517.23</data></row><row><data column="Variable Features">freq;1400.0,tr;5</data><data column="Performance">833.04</data></row><row><data column="Variable Features">freq;1400.0,tr;6</data><data column="Performance">920.02</data></row><row><data column="Variable Features">freq;2900.0,tr;1</data><data column="Performance">1155.9</data></row><row><data column="Variable Features">freq;2900.0,tr;2</data><data column="Performance">740.5</data></row><row><data column="Variable Features">freq;2900.0,tr;3</data><data column="Performance">452.97</data></row><row><data column="Variable Features">freq;2900.0,tr;4</data><data column="Performance">395.88</data></row><row><data column="Variable Features">freq;2900.0,tr;5</data><data column="Performance">541.0</data></row><row><data column="Variable Features">freq;2900.0,tr;6</data><data column="Performance">519.92</data></row><row><data column="Variable Features">freq;2000.0,tr;1</data><data column="Performance">1293.24</data></row><row><data column="Variable Features">freq;2000.0,tr;2</data><data column="Performance">828.57</data></row><row><data column="Variable Features">freq;2000.0,tr;3</data><data column="Performance">481.99</data></row><row><data column="Variable Features">freq;2000.0,tr;4</data><data column="Performance">386.78</data></row><row><data column="Variable Features">freq;2000.0,tr;5</data><data column="Performance">665.22</data></row><row><data column="Variable Features">freq;2000.0,tr;6</data><data column="Performance">637.64</data></row></results>