<results><row><data column="Variable Features">freq;1200.0,tr;1</data><data column="Performance">11684.9</data></row><row><data column="Variable Features">freq;1200.0,tr;2</data><data column="Performance">6210.09</data></row><row><data column="Variable Features">freq;1200.0,tr;3</data><data column="Performance">4364.88</data></row><row><data column="Variable Features">freq;1200.0,tr;4</data><data column="Performance">2586.73</data></row><row><data column="Variable Features">freq;1200.0,tr;5</data><data column="Performance">2585.76</data></row><row><data column="Variable Features">freq;1200.0,tr;6</data><data column="Performance">2571.66</data></row><row><data column="Variable Features">freq;1600.0,tr;1</data><data column="Performance">9263.89</data></row><row><data column="Variable Features">freq;1600.0,tr;2</data><data column="Performance">5021.64</data></row><row><data column="Variable Features">freq;1600.0,tr;3</data><data column="Performance">3593.06</data></row><row><data column="Variable Features">freq;1600.0,tr;4</data><data column="Performance">2157.85</data></row><row><data column="Variable Features">freq;1600.0,tr;5</data><data column="Performance">2205.22</data></row><row><data column="Variable Features">freq;1600.0,tr;6</data><data column="Performance">2191.44</data></row><row><data column="Variable Features">freq;1800.0,tr;1</data><data column="Performance">8538.66</data></row><row><data column="Variable Features">freq;1800.0,tr;2</data><data column="Performance">4634.36</data></row><row><data column="Variable Features">freq;1800.0,tr;3</data><data column="Performance">3345.22</data></row><row><data column="Variable Features">freq;1800.0,tr;4</data><data column="Performance">2046.87</data></row><row><data column="Variable Features">freq;1800.0,tr;5</data><data column="Performance">2032.71</data></row><row><data column="Variable Features">freq;1800.0,tr;6</data><data column="Performance">2080.17</data></row><row><data column="Variable Features">freq;2200.0,tr;1</data><data column="Performance">7452.12</data></row><row><data column="Variable Features">freq;2200.0,tr;2</data><data column="Performance">4196.28</data></row><row><data column="Variable Features">freq;2200.0,tr;3</data><data column="Performance">3044.08</data></row><row><data column="Variable Features">freq;2200.0,tr;4</data><data column="Performance">1897.7</data></row><row><data column="Variable Features">freq;2200.0,tr;5</data><data column="Performance">1907.82</data></row><row><data column="Variable Features">freq;2200.0,tr;6</data><data column="Performance">1909.16</data></row><row><data column="Variable Features">freq;2400.0,tr;1</data><data column="Performance">7071.2</data></row><row><data column="Variable Features">freq;2400.0,tr;2</data><data column="Performance">4051.44</data></row><row><data column="Variable Features">freq;2400.0,tr;3</data><data column="Performance">2946.35</data></row><row><data column="Variable Features">freq;2400.0,tr;4</data><data column="Performance">1916.91</data></row><row><data column="Variable Features">freq;2400.0,tr;5</data><data column="Performance">1907.76</data></row><row><data column="Variable Features">freq;2400.0,tr;6</data><data column="Performance">1913.85</data></row><row><data column="Variable Features">freq;2700.0,tr;1</data><data column="Performance">6568.17</data></row><row><data column="Variable Features">freq;2700.0,tr;2</data><data column="Performance">3862.74</data></row><row><data column="Variable Features">freq;2700.0,tr;3</data><data column="Performance">2849.64</data></row><row><data column="Variable Features">freq;2700.0,tr;4</data><data column="Performance">1901.74</data></row><row><data column="Variable Features">freq;2700.0,tr;5</data><data column="Performance">1877.7</data></row><row><data column="Variable Features">freq;2700.0,tr;6</data><data column="Performance">1904.08</data></row><row><data column="Variable Features">freq;3000.0,tr;1</data><data column="Performance">5938.14</data></row><row><data column="Variable Features">freq;3000.0,tr;2</data><data column="Performance">3844.74</data></row><row><data column="Variable Features">freq;3000.0,tr;3</data><data column="Performance">2940.08</data></row><row><data column="Variable Features">freq;3000.0,tr;4</data><data column="Performance">2069.23</data></row><row><data column="Variable Features">freq;3000.0,tr;5</data><data column="Performance">2084.87</data></row><row><data column="Variable Features">freq;3000.0,tr;6</data><data column="Performance">2067.32</data></row><row><data column="Variable Features">freq;1300.0,tr;1</data><data column="Performance">11123.18</data></row><row><data column="Variable Features">freq;1300.0,tr;2</data><data column="Performance">6141.85</data></row><row><data column="Variable Features">freq;1300.0,tr;3</data><data column="Performance">4178.2</data></row><row><data column="Variable Features">freq;1300.0,tr;4</data><data column="Performance">2697.8</data></row><row><data column="Variable Features">freq;1300.0,tr;5</data><data column="Performance">2672.13</data></row><row><data column="Variable Features">freq;1300.0,tr;6</data><data column="Performance">2666.28</data></row><row><data column="Variable Features">freq;1700.0,tr;1</data><data column="Performance">8920.18</data></row><row><data column="Variable Features">freq;1700.0,tr;2</data><data column="Performance">4791.96</data></row><row><data column="Variable Features">freq;1700.0,tr;3</data><data column="Performance">3472.48</data></row><row><data column="Variable Features">freq;1700.0,tr;4</data><data column="Performance">2097.22</data></row><row><data column="Variable Features">freq;1700.0,tr;5</data><data column="Performance">2083.24</data></row><row><data column="Variable Features">freq;1700.0,tr;6</data><data column="Performance">2079.33</data></row><row><data column="Variable Features">freq;1900.0,tr;1</data><data column="Performance">8582.98</data></row><row><data column="Variable Features">freq;1900.0,tr;2</data><data column="Performance">4826.28</data></row><row><data column="Variable Features">freq;1900.0,tr;3</data><data column="Performance">3336.08</data></row><row><data column="Variable Features">freq;1900.0,tr;4</data><data column="Performance">2259.92</data></row><row><data column="Variable Features">freq;1900.0,tr;5</data><data column="Performance">2251.13</data></row><row><data column="Variable Features">freq;1900.0,tr;6</data><data column="Performance">2245.16</data></row><row><data column="Variable Features">freq;2300.0,tr;1</data><data column="Performance">7468.34</data></row><row><data column="Variable Features">freq;2300.0,tr;2</data><data column="Performance">4355.83</data></row><row><data column="Variable Features">freq;2300.0,tr;3</data><data column="Performance">3081.21</data></row><row><data column="Variable Features">freq;2300.0,tr;4</data><data column="Performance">2121.73</data></row><row><data column="Variable Features">freq;2300.0,tr;5</data><data column="Performance">2117.9</data></row><row><data column="Variable Features">freq;2300.0,tr;6</data><data column="Performance">2110.82</data></row><row><data column="Variable Features">freq;2500.0,tr;1</data><data column="Performance">7020.11</data></row><row><data column="Variable Features">freq;2500.0,tr;2</data><data column="Performance">4282.09</data></row><row><data column="Variable Features">freq;2500.0,tr;3</data><data column="Performance">2992.16</data></row><row><data column="Variable Features">freq;2500.0,tr;4</data><data column="Performance">2102.85</data></row><row><data column="Variable Features">freq;2500.0,tr;5</data><data column="Performance">2091.76</data></row><row><data column="Variable Features">freq;2500.0,tr;6</data><data column="Performance">2090.14</data></row><row><data column="Variable Features">freq;2800.0,tr;1</data><data column="Performance">6656.12</data></row><row><data column="Variable Features">freq;2800.0,tr;2</data><data column="Performance">4033.77</data></row><row><data column="Variable Features">freq;2800.0,tr;3</data><data column="Performance">2920.55</data></row><row><data column="Variable Features">freq;2800.0,tr;4</data><data column="Performance">2130.76</data></row><row><data column="Variable Features">freq;2800.0,tr;5</data><data column="Performance">2107.0</data></row><row><data column="Variable Features">freq;2800.0,tr;6</data><data column="Performance">2101.53</data></row><row><data column="Variable Features">freq;1400.0,tr;1</data><data column="Performance">10599.62</data></row><row><data column="Variable Features">freq;1400.0,tr;2</data><data column="Performance">5958.35</data></row><row><data column="Variable Features">freq;1400.0,tr;3</data><data column="Performance">3987.67</data></row><row><data column="Variable Features">freq;1400.0,tr;4</data><data column="Performance">2576.25</data></row><row><data column="Variable Features">freq;1400.0,tr;5</data><data column="Performance">2565.43</data></row><row><data column="Variable Features">freq;1400.0,tr;6</data><data column="Performance">2571.88</data></row><row><data column="Variable Features">freq;2900.0,tr;1</data><data column="Performance">6623.87</data></row><row><data column="Variable Features">freq;2900.0,tr;2</data><data column="Performance">3994.05</data></row><row><data column="Variable Features">freq;2900.0,tr;3</data><data column="Performance">2902.65</data></row><row><data column="Variable Features">freq;2900.0,tr;4</data><data column="Performance">2101.37</data></row><row><data column="Variable Features">freq;2900.0,tr;5</data><data column="Performance">2098.73</data></row><row><data column="Variable Features">freq;2900.0,tr;6</data><data column="Performance">2097.23</data></row><row><data column="Variable Features">freq;2000.0,tr;1</data><data column="Performance">7920.58</data></row><row><data column="Variable Features">freq;2000.0,tr;2</data><data column="Performance">4411.44</data></row><row><data column="Variable Features">freq;2000.0,tr;3</data><data column="Performance">3186.58</data></row><row><data column="Variable Features">freq;2000.0,tr;4</data><data column="Performance">2007.27</data></row><row><data column="Variable Features">freq;2000.0,tr;5</data><data column="Performance">1963.71</data></row><row><data column="Variable Features">freq;2000.0,tr;6</data><data column="Performance">1965.73</data></row></results>