<results><row><data column="Variable Features">freq;1200.0,tr;1</data><data column="Performance">10478.75</data></row><row><data column="Variable Features">freq;1200.0,tr;2</data><data column="Performance">5553.45</data></row><row><data column="Variable Features">freq;1200.0,tr;3</data><data column="Performance">2953.66</data></row><row><data column="Variable Features">freq;1200.0,tr;4</data><data column="Performance">1766.29</data></row><row><data column="Variable Features">freq;1200.0,tr;5</data><data column="Performance">1137.73</data></row><row><data column="Variable Features">freq;1200.0,tr;6</data><data column="Performance">904.08</data></row><row><data column="Variable Features">freq;1600.0,tr;1</data><data column="Performance">8123.7</data></row><row><data column="Variable Features">freq;1600.0,tr;2</data><data column="Performance">4420.67</data></row><row><data column="Variable Features">freq;1600.0,tr;3</data><data column="Performance">2491.61</data></row><row><data column="Variable Features">freq;1600.0,tr;4</data><data column="Performance">1477.69</data></row><row><data column="Variable Features">freq;1600.0,tr;5</data><data column="Performance">1015.49</data></row><row><data column="Variable Features">freq;1600.0,tr;6</data><data column="Performance">812.67</data></row><row><data column="Variable Features">freq;1800.0,tr;1</data><data column="Performance">7374.88</data></row><row><data column="Variable Features">freq;1800.0,tr;2</data><data column="Performance">4070.92</data></row><row><data column="Variable Features">freq;1800.0,tr;3</data><data column="Performance">2310.87</data></row><row><data column="Variable Features">freq;1800.0,tr;4</data><data column="Performance">1417.57</data></row><row><data column="Variable Features">freq;1800.0,tr;5</data><data column="Performance">982.26</data></row><row><data column="Variable Features">freq;1800.0,tr;6</data><data column="Performance">791.37</data></row><row><data column="Variable Features">freq;2200.0,tr;1</data><data column="Performance">6339.68</data></row><row><data column="Variable Features">freq;2200.0,tr;2</data><data column="Performance">3596.75</data></row><row><data column="Variable Features">freq;2200.0,tr;3</data><data column="Performance">2091.13</data></row><row><data column="Variable Features">freq;2200.0,tr;4</data><data column="Performance">1304.96</data></row><row><data column="Variable Features">freq;2200.0,tr;5</data><data column="Performance">942.4</data></row><row><data column="Variable Features">freq;2200.0,tr;6</data><data column="Performance">794.76</data></row><row><data column="Variable Features">freq;2400.0,tr;1</data><data column="Performance">5909.88</data></row><row><data column="Variable Features">freq;2400.0,tr;2</data><data column="Performance">3389.98</data></row><row><data column="Variable Features">freq;2400.0,tr;3</data><data column="Performance">1992.99</data></row><row><data column="Variable Features">freq;2400.0,tr;4</data><data column="Performance">1326.32</data></row><row><data column="Variable Features">freq;2400.0,tr;5</data><data column="Performance">945.76</data></row><row><data column="Variable Features">freq;2400.0,tr;6</data><data column="Performance">786.44</data></row><row><data column="Variable Features">freq;2700.0,tr;1</data><data column="Performance">5447.1</data></row><row><data column="Variable Features">freq;2700.0,tr;2</data><data column="Performance">3244.69</data></row><row><data column="Variable Features">freq;2700.0,tr;3</data><data column="Performance">1947.59</data></row><row><data column="Variable Features">freq;2700.0,tr;4</data><data column="Performance">1280.35</data></row><row><data column="Variable Features">freq;2700.0,tr;5</data><data column="Performance">962.78</data></row><row><data column="Variable Features">freq;2700.0,tr;6</data><data column="Performance">808.9</data></row><row><data column="Variable Features">freq;3000.0,tr;1</data><data column="Performance">4823.27</data></row><row><data column="Variable Features">freq;3000.0,tr;2</data><data column="Performance">3281.85</data></row><row><data column="Variable Features">freq;3000.0,tr;3</data><data column="Performance">2156.94</data></row><row><data column="Variable Features">freq;3000.0,tr;4</data><data column="Performance">1464.63</data></row><row><data column="Variable Features">freq;3000.0,tr;5</data><data column="Performance">1130.95</data></row><row><data column="Variable Features">freq;3000.0,tr;6</data><data column="Performance">952.55</data></row><row><data column="Variable Features">freq;1300.0,tr;1</data><data column="Performance">9700.13</data></row><row><data column="Variable Features">freq;1300.0,tr;2</data><data column="Performance">5219.49</data></row><row><data column="Variable Features">freq;1300.0,tr;3</data><data column="Performance">2803.83</data></row><row><data column="Variable Features">freq;1300.0,tr;4</data><data column="Performance">1665.72</data></row><row><data column="Variable Features">freq;1300.0,tr;5</data><data column="Performance">1094.78</data></row><row><data column="Variable Features">freq;1300.0,tr;6</data><data column="Performance">866.15</data></row><row><data column="Variable Features">freq;1700.0,tr;1</data><data column="Performance">7723.26</data></row><row><data column="Variable Features">freq;1700.0,tr;2</data><data column="Performance">4233.48</data></row><row><data column="Variable Features">freq;1700.0,tr;3</data><data column="Performance">2377.31</data></row><row><data column="Variable Features">freq;1700.0,tr;4</data><data column="Performance">1451.82</data></row><row><data column="Variable Features">freq;1700.0,tr;5</data><data column="Performance">1007.31</data></row><row><data column="Variable Features">freq;1700.0,tr;6</data><data column="Performance">787.39</data></row><row><data column="Variable Features">freq;1900.0,tr;1</data><data column="Performance">7137.47</data></row><row><data column="Variable Features">freq;1900.0,tr;2</data><data column="Performance">3938.09</data></row><row><data column="Variable Features">freq;1900.0,tr;3</data><data column="Performance">2266.15</data></row><row><data column="Variable Features">freq;1900.0,tr;4</data><data column="Performance">1399.9</data></row><row><data column="Variable Features">freq;1900.0,tr;5</data><data column="Performance">967.26</data></row><row><data column="Variable Features">freq;1900.0,tr;6</data><data column="Performance">794.86</data></row><row><data column="Variable Features">freq;2300.0,tr;1</data><data column="Performance">6127.17</data></row><row><data column="Variable Features">freq;2300.0,tr;2</data><data column="Performance">3547.65</data></row><row><data column="Variable Features">freq;2300.0,tr;3</data><data column="Performance">2061.84</data></row><row><data column="Variable Features">freq;2300.0,tr;4</data><data column="Performance">1342.67</data></row><row><data column="Variable Features">freq;2300.0,tr;5</data><data column="Performance">945.37</data></row><row><data column="Variable Features">freq;2300.0,tr;6</data><data column="Performance">790.48</data></row><row><data column="Variable Features">freq;2500.0,tr;1</data><data column="Performance">5784.35</data></row><row><data column="Variable Features">freq;2500.0,tr;2</data><data column="Performance">3369.1</data></row><row><data column="Variable Features">freq;2500.0,tr;3</data><data column="Performance">2030.01</data></row><row><data column="Variable Features">freq;2500.0,tr;4</data><data column="Performance">1303.56</data></row><row><data column="Variable Features">freq;2500.0,tr;5</data><data column="Performance">947.65</data></row><row><data column="Variable Features">freq;2500.0,tr;6</data><data column="Performance">799.15</data></row><row><data column="Variable Features">freq;2800.0,tr;1</data><data column="Performance">5353.18</data></row><row><data column="Variable Features">freq;2800.0,tr;2</data><data column="Performance">3239.67</data></row><row><data column="Variable Features">freq;2800.0,tr;3</data><data column="Performance">1959.24</data></row><row><data column="Variable Features">freq;2800.0,tr;4</data><data column="Performance">1322.01</data></row><row><data column="Variable Features">freq;2800.0,tr;5</data><data column="Performance">982.96</data></row><row><data column="Variable Features">freq;2800.0,tr;6</data><data column="Performance">818.98</data></row><row><data column="Variable Features">freq;1400.0,tr;1</data><data column="Performance">9185.11</data></row><row><data column="Variable Features">freq;1400.0,tr;2</data><data column="Performance">4865.48</data></row><row><data column="Variable Features">freq;1400.0,tr;3</data><data column="Performance">2675.91</data></row><row><data column="Variable Features">freq;1400.0,tr;4</data><data column="Performance">1639.63</data></row><row><data column="Variable Features">freq;1400.0,tr;5</data><data column="Performance">1059.35</data></row><row><data column="Variable Features">freq;1400.0,tr;6</data><data column="Performance">857.71</data></row><row><data column="Variable Features">freq;2900.0,tr;1</data><data column="Performance">5256.93</data></row><row><data column="Variable Features">freq;2900.0,tr;2</data><data column="Performance">3151.34</data></row><row><data column="Variable Features">freq;2900.0,tr;3</data><data column="Performance">1954.28</data></row><row><data column="Variable Features">freq;2900.0,tr;4</data><data column="Performance">1316.59</data></row><row><data column="Variable Features">freq;2900.0,tr;5</data><data column="Performance">1040.12</data></row><row><data column="Variable Features">freq;2900.0,tr;6</data><data column="Performance">851.87</data></row><row><data column="Variable Features">freq;2000.0,tr;1</data><data column="Performance">6904.21</data></row><row><data column="Variable Features">freq;2000.0,tr;2</data><data column="Performance">3827.56</data></row><row><data column="Variable Features">freq;2000.0,tr;3</data><data column="Performance">2171.7</data></row><row><data column="Variable Features">freq;2000.0,tr;4</data><data column="Performance">1373.03</data></row><row><data column="Variable Features">freq;2000.0,tr;5</data><data column="Performance">969.85</data></row><row><data column="Variable Features">freq;2000.0,tr;6</data><data column="Performance">805.49</data></row></results>