<results><row><data column="Variable Features">freq;1200.0,tr;1</data><data column="Performance">1248.02</data></row><row><data column="Variable Features">freq;1200.0,tr;2</data><data column="Performance">674.34</data></row><row><data column="Variable Features">freq;1200.0,tr;3</data><data column="Performance">387.52</data></row><row><data column="Variable Features">freq;1200.0,tr;4</data><data column="Performance">221.42</data></row><row><data column="Variable Features">freq;1200.0,tr;5</data><data column="Performance">148.22</data></row><row><data column="Variable Features">freq;1200.0,tr;6</data><data column="Performance">148.08</data></row><row><data column="Variable Features">freq;1600.0,tr;1</data><data column="Performance">963.29</data></row><row><data column="Variable Features">freq;1600.0,tr;2</data><data column="Performance">533.72</data></row><row><data column="Variable Features">freq;1600.0,tr;3</data><data column="Performance">303.58</data></row><row><data column="Variable Features">freq;1600.0,tr;4</data><data column="Performance">184.18</data></row><row><data column="Variable Features">freq;1600.0,tr;5</data><data column="Performance">126.8</data></row><row><data column="Variable Features">freq;1600.0,tr;6</data><data column="Performance">129.23</data></row><row><data column="Variable Features">freq;1800.0,tr;1</data><data column="Performance">876.52</data></row><row><data column="Variable Features">freq;1800.0,tr;2</data><data column="Performance">489.99</data></row><row><data column="Variable Features">freq;1800.0,tr;3</data><data column="Performance">281.05</data></row><row><data column="Variable Features">freq;1800.0,tr;4</data><data column="Performance">169.24</data></row><row><data column="Variable Features">freq;1800.0,tr;5</data><data column="Performance">108.69</data></row><row><data column="Variable Features">freq;1800.0,tr;6</data><data column="Performance">108.45</data></row><row><data column="Variable Features">freq;2200.0,tr;1</data><data column="Performance">748.96</data></row><row><data column="Variable Features">freq;2200.0,tr;2</data><data column="Performance">421.28</data></row><row><data column="Variable Features">freq;2200.0,tr;3</data><data column="Performance">250.28</data></row><row><data column="Variable Features">freq;2200.0,tr;4</data><data column="Performance">156.74</data></row><row><data column="Variable Features">freq;2200.0,tr;5</data><data column="Performance">103.04</data></row><row><data column="Variable Features">freq;2200.0,tr;6</data><data column="Performance">104.28</data></row><row><data column="Variable Features">freq;2400.0,tr;1</data><data column="Performance">699.34</data></row><row><data column="Variable Features">freq;2400.0,tr;2</data><data column="Performance">396.48</data></row><row><data column="Variable Features">freq;2400.0,tr;3</data><data column="Performance">235.29</data></row><row><data column="Variable Features">freq;2400.0,tr;4</data><data column="Performance">151.28</data></row><row><data column="Variable Features">freq;2400.0,tr;5</data><data column="Performance">117.83</data></row><row><data column="Variable Features">freq;2400.0,tr;6</data><data column="Performance">115.97</data></row><row><data column="Variable Features">freq;2700.0,tr;1</data><data column="Performance">642.03</data></row><row><data column="Variable Features">freq;2700.0,tr;2</data><data column="Performance">364.83</data></row><row><data column="Variable Features">freq;2700.0,tr;3</data><data column="Performance">227.49</data></row><row><data column="Variable Features">freq;2700.0,tr;4</data><data column="Performance">151.68</data></row><row><data column="Variable Features">freq;2700.0,tr;5</data><data column="Performance">121.67</data></row><row><data column="Variable Features">freq;2700.0,tr;6</data><data column="Performance">121.95</data></row><row><data column="Variable Features">freq;3000.0,tr;1</data><data column="Performance">608.69</data></row><row><data column="Variable Features">freq;3000.0,tr;2</data><data column="Performance">369.99</data></row><row><data column="Variable Features">freq;3000.0,tr;3</data><data column="Performance">255.35</data></row><row><data column="Variable Features">freq;3000.0,tr;4</data><data column="Performance">182.41</data></row><row><data column="Variable Features">freq;3000.0,tr;5</data><data column="Performance">139.0</data></row><row><data column="Variable Features">freq;3000.0,tr;6</data><data column="Performance">136.33</data></row><row><data column="Variable Features">freq;1300.0,tr;1</data><data column="Performance">1175.55</data></row><row><data column="Variable Features">freq;1300.0,tr;2</data><data column="Performance">653.6</data></row><row><data column="Variable Features">freq;1300.0,tr;3</data><data column="Performance">377.19</data></row><row><data column="Variable Features">freq;1300.0,tr;4</data><data column="Performance">224.87</data></row><row><data column="Variable Features">freq;1300.0,tr;5</data><data column="Performance">155.3</data></row><row><data column="Variable Features">freq;1300.0,tr;6</data><data column="Performance">152.91</data></row><row><data column="Variable Features">freq;1700.0,tr;1</data><data column="Performance">929.86</data></row><row><data column="Variable Features">freq;1700.0,tr;2</data><data column="Performance">534.64</data></row><row><data column="Variable Features">freq;1700.0,tr;3</data><data column="Performance">315.07</data></row><row><data column="Variable Features">freq;1700.0,tr;4</data><data column="Performance">198.54</data></row><row><data column="Variable Features">freq;1700.0,tr;5</data><data column="Performance">117.3</data></row><row><data column="Variable Features">freq;1700.0,tr;6</data><data column="Performance">118.31</data></row><row><data column="Variable Features">freq;1900.0,tr;1</data><data column="Performance">850.85</data></row><row><data column="Variable Features">freq;1900.0,tr;2</data><data column="Performance">496.23</data></row><row><data column="Variable Features">freq;1900.0,tr;3</data><data column="Performance">294.79</data></row><row><data column="Variable Features">freq;1900.0,tr;4</data><data column="Performance">189.51</data></row><row><data column="Variable Features">freq;1900.0,tr;5</data><data column="Performance">130.13</data></row><row><data column="Variable Features">freq;1900.0,tr;6</data><data column="Performance">132.18</data></row><row><data column="Variable Features">freq;2300.0,tr;1</data><data column="Performance">741.39</data></row><row><data column="Variable Features">freq;2300.0,tr;2</data><data column="Performance">431.97</data></row><row><data column="Variable Features">freq;2300.0,tr;3</data><data column="Performance">269.4</data></row><row><data column="Variable Features">freq;2300.0,tr;4</data><data column="Performance">173.51</data></row><row><data column="Variable Features">freq;2300.0,tr;5</data><data column="Performance">123.55</data></row><row><data column="Variable Features">freq;2300.0,tr;6</data><data column="Performance">122.98</data></row><row><data column="Variable Features">freq;2500.0,tr;1</data><data column="Performance">700.57</data></row><row><data column="Variable Features">freq;2500.0,tr;2</data><data column="Performance">408.21</data></row><row><data column="Variable Features">freq;2500.0,tr;3</data><data column="Performance">259.62</data></row><row><data column="Variable Features">freq;2500.0,tr;4</data><data column="Performance">175.63</data></row><row><data column="Variable Features">freq;2500.0,tr;5</data><data column="Performance">123.27</data></row><row><data column="Variable Features">freq;2500.0,tr;6</data><data column="Performance">121.68</data></row><row><data column="Variable Features">freq;2800.0,tr;1</data><data column="Performance">647.03</data></row><row><data column="Variable Features">freq;2800.0,tr;2</data><data column="Performance">392.43</data></row><row><data column="Variable Features">freq;2800.0,tr;3</data><data column="Performance">252.57</data></row><row><data column="Variable Features">freq;2800.0,tr;4</data><data column="Performance">176.13</data></row><row><data column="Variable Features">freq;2800.0,tr;5</data><data column="Performance">115.83</data></row><row><data column="Variable Features">freq;2800.0,tr;6</data><data column="Performance">121.11</data></row><row><data column="Variable Features">freq;1400.0,tr;1</data><data column="Performance">1098.22</data></row><row><data column="Variable Features">freq;1400.0,tr;2</data><data column="Performance">615.75</data></row><row><data column="Variable Features">freq;1400.0,tr;3</data><data column="Performance">362.83</data></row><row><data column="Variable Features">freq;1400.0,tr;4</data><data column="Performance">216.55</data></row><row><data column="Variable Features">freq;1400.0,tr;5</data><data column="Performance">137.11</data></row><row><data column="Variable Features">freq;1400.0,tr;6</data><data column="Performance">137.01</data></row><row><data column="Variable Features">freq;2900.0,tr;1</data><data column="Performance">636.97</data></row><row><data column="Variable Features">freq;2900.0,tr;2</data><data column="Performance">381.08</data></row><row><data column="Variable Features">freq;2900.0,tr;3</data><data column="Performance">249.78</data></row><row><data column="Variable Features">freq;2900.0,tr;4</data><data column="Performance">173.98</data></row><row><data column="Variable Features">freq;2900.0,tr;5</data><data column="Performance">129.07</data></row><row><data column="Variable Features">freq;2900.0,tr;6</data><data column="Performance">128.84</data></row><row><data column="Variable Features">freq;2000.0,tr;1</data><data column="Performance">809.41</data></row><row><data column="Variable Features">freq;2000.0,tr;2</data><data column="Performance">451.07</data></row><row><data column="Variable Features">freq;2000.0,tr;3</data><data column="Performance">265.81</data></row><row><data column="Variable Features">freq;2000.0,tr;4</data><data column="Performance">166.64</data></row><row><data column="Variable Features">freq;2000.0,tr;5</data><data column="Performance">105.04</data></row><row><data column="Variable Features">freq;2000.0,tr;6</data><data column="Performance">104.41</data></row></results>