<results><row><data column="Variable Features">freq;1200.0,tr;1</data><data column="Performance">23037.73</data></row><row><data column="Variable Features">freq;1200.0,tr;2</data><data column="Performance">11860.03</data></row><row><data column="Variable Features">freq;1200.0,tr;3</data><data column="Performance">6487.94</data></row><row><data column="Variable Features">freq;1200.0,tr;4</data><data column="Performance">3677.41</data></row><row><data column="Variable Features">freq;1200.0,tr;5</data><data column="Performance">2401.5</data></row><row><data column="Variable Features">freq;1200.0,tr;6</data><data column="Performance">1953.34</data></row><row><data column="Variable Features">freq;1300.0,tr;1</data><data column="Performance">21473.74</data></row><row><data column="Variable Features">freq;1300.0,tr;2</data><data column="Performance">11180.78</data></row><row><data column="Variable Features">freq;1300.0,tr;3</data><data column="Performance">6157.75</data></row><row><data column="Variable Features">freq;1300.0,tr;4</data><data column="Performance">3518.55</data></row><row><data column="Variable Features">freq;1300.0,tr;5</data><data column="Performance">2297.68</data></row><row><data column="Variable Features">freq;1300.0,tr;6</data><data column="Performance">1885.76</data></row><row><data column="Variable Features">freq;1400.0,tr;1</data><data column="Performance">20085.71</data></row><row><data column="Variable Features">freq;1400.0,tr;2</data><data column="Performance">10528.73</data></row><row><data column="Variable Features">freq;1400.0,tr;3</data><data column="Performance">5737.24</data></row><row><data column="Variable Features">freq;1400.0,tr;4</data><data column="Performance">3334.52</data></row><row><data column="Variable Features">freq;1400.0,tr;5</data><data column="Performance">2235.54</data></row><row><data column="Variable Features">freq;1400.0,tr;6</data><data column="Performance">1868.27</data></row><row><data column="Variable Features">freq;1600.0,tr;1</data><data column="Performance">17917.0</data></row><row><data column="Variable Features">freq;1600.0,tr;2</data><data column="Performance">9453.45</data></row><row><data column="Variable Features">freq;1600.0,tr;3</data><data column="Performance">5335.95</data></row><row><data column="Variable Features">freq;1600.0,tr;4</data><data column="Performance">3111.78</data></row><row><data column="Variable Features">freq;1600.0,tr;5</data><data column="Performance">2102.12</data></row><row><data column="Variable Features">freq;1600.0,tr;6</data><data column="Performance">1748.17</data></row><row><data column="Variable Features">freq;1800.0,tr;1</data><data column="Performance">16041.85</data></row><row><data column="Variable Features">freq;1800.0,tr;2</data><data column="Performance">8663.34</data></row><row><data column="Variable Features">freq;1800.0,tr;3</data><data column="Performance">4888.15</data></row><row><data column="Variable Features">freq;1800.0,tr;4</data><data column="Performance">2887.18</data></row><row><data column="Variable Features">freq;1800.0,tr;5</data><data column="Performance">2037.12</data></row><row><data column="Variable Features">freq;1800.0,tr;6</data><data column="Performance">1707.79</data></row><row><data column="Variable Features">freq;2200.0,tr;1</data><data column="Performance">13813.79</data></row><row><data column="Variable Features">freq;2200.0,tr;2</data><data column="Performance">7668.77</data></row><row><data column="Variable Features">freq;2200.0,tr;3</data><data column="Performance">4356.18</data></row><row><data column="Variable Features">freq;2200.0,tr;4</data><data column="Performance">2681.57</data></row><row><data column="Variable Features">freq;2200.0,tr;5</data><data column="Performance">1975.49</data></row><row><data column="Variable Features">freq;2200.0,tr;6</data><data column="Performance">1696.36</data></row><row><data column="Variable Features">freq;2400.0,tr;1</data><data column="Performance">12870.6</data></row><row><data column="Variable Features">freq;2400.0,tr;2</data><data column="Performance">7343.99</data></row><row><data column="Variable Features">freq;2400.0,tr;3</data><data column="Performance">4177.7</data></row><row><data column="Variable Features">freq;2400.0,tr;4</data><data column="Performance">2634.4</data></row><row><data column="Variable Features">freq;2400.0,tr;5</data><data column="Performance">1991.89</data></row><row><data column="Variable Features">freq;2400.0,tr;6</data><data column="Performance">1720.23</data></row><row><data column="Variable Features">freq;2700.0,tr;1</data><data column="Performance">11890.62</data></row><row><data column="Variable Features">freq;2700.0,tr;2</data><data column="Performance">6873.73</data></row><row><data column="Variable Features">freq;2700.0,tr;3</data><data column="Performance">4058.4</data></row><row><data column="Variable Features">freq;2700.0,tr;4</data><data column="Performance">2577.18</data></row><row><data column="Variable Features">freq;2700.0,tr;5</data><data column="Performance">2023.39</data></row><row><data column="Variable Features">freq;2700.0,tr;6</data><data column="Performance">1770.12</data></row><row><data column="Variable Features">freq;3000.0,tr;1</data><data column="Performance">10267.0</data></row><row><data column="Variable Features">freq;3000.0,tr;2</data><data column="Performance">6709.93</data></row><row><data column="Variable Features">freq;3000.0,tr;3</data><data column="Performance">4224.63</data></row><row><data column="Variable Features">freq;3000.0,tr;4</data><data column="Performance">2864.04</data></row><row><data column="Variable Features">freq;3000.0,tr;5</data><data column="Performance">2330.66</data></row><row><data column="Variable Features">freq;3000.0,tr;6</data><data column="Performance">2091.93</data></row><row><data column="Variable Features">freq;1700.0,tr;1</data><data column="Performance">16795.59</data></row><row><data column="Variable Features">freq;1700.0,tr;2</data><data column="Performance">8988.66</data></row><row><data column="Variable Features">freq;1700.0,tr;3</data><data column="Performance">5038.88</data></row><row><data column="Variable Features">freq;1700.0,tr;4</data><data column="Performance">2958.83</data></row><row><data column="Variable Features">freq;1700.0,tr;5</data><data column="Performance">2072.94</data></row><row><data column="Variable Features">freq;1700.0,tr;6</data><data column="Performance">1714.44</data></row><row><data column="Variable Features">freq;1900.0,tr;1</data><data column="Performance">15323.41</data></row><row><data column="Variable Features">freq;1900.0,tr;2</data><data column="Performance">8351.25</data></row><row><data column="Variable Features">freq;1900.0,tr;3</data><data column="Performance">4780.38</data></row><row><data column="Variable Features">freq;1900.0,tr;4</data><data column="Performance">2901.37</data></row><row><data column="Variable Features">freq;1900.0,tr;5</data><data column="Performance">2038.41</data></row><row><data column="Variable Features">freq;1900.0,tr;6</data><data column="Performance">1745.74</data></row><row><data column="Variable Features">freq;2300.0,tr;1</data><data column="Performance">13270.37</data></row><row><data column="Variable Features">freq;2300.0,tr;2</data><data column="Performance">7517.8</data></row><row><data column="Variable Features">freq;2300.0,tr;3</data><data column="Performance">4373.83</data></row><row><data column="Variable Features">freq;2300.0,tr;4</data><data column="Performance">2672.81</data></row><row><data column="Variable Features">freq;2300.0,tr;5</data><data column="Performance">2037.77</data></row><row><data column="Variable Features">freq;2300.0,tr;6</data><data column="Performance">1780.13</data></row><row><data column="Variable Features">freq;2500.0,tr;1</data><data column="Performance">12543.79</data></row><row><data column="Variable Features">freq;2500.0,tr;2</data><data column="Performance">7124.13</data></row><row><data column="Variable Features">freq;2500.0,tr;3</data><data column="Performance">4127.74</data></row><row><data column="Variable Features">freq;2500.0,tr;4</data><data column="Performance">2655.27</data></row><row><data column="Variable Features">freq;2500.0,tr;5</data><data column="Performance">2043.57</data></row><row><data column="Variable Features">freq;2500.0,tr;6</data><data column="Performance">1822.41</data></row><row><data column="Variable Features">freq;2800.0,tr;1</data><data column="Performance">11679.65</data></row><row><data column="Variable Features">freq;2800.0,tr;2</data><data column="Performance">6592.73</data></row><row><data column="Variable Features">freq;2800.0,tr;3</data><data column="Performance">4002.9</data></row><row><data column="Variable Features">freq;2800.0,tr;4</data><data column="Performance">2613.69</data></row><row><data column="Variable Features">freq;2800.0,tr;5</data><data column="Performance">2100.46</data></row><row><data column="Variable Features">freq;2800.0,tr;6</data><data column="Performance">1907.72</data></row><row><data column="Variable Features">freq;2900.0,tr;1</data><data column="Performance">11338.65</data></row><row><data column="Variable Features">freq;2900.0,tr;2</data><data column="Performance">6653.48</data></row><row><data column="Variable Features">freq;2900.0,tr;3</data><data column="Performance">3955.66</data></row><row><data column="Variable Features">freq;2900.0,tr;4</data><data column="Performance">2624.23</data></row><row><data column="Variable Features">freq;2900.0,tr;5</data><data column="Performance">2124.3</data></row><row><data column="Variable Features">freq;2900.0,tr;6</data><data column="Performance">1899.23</data></row><row><data column="Variable Features">freq;2000.0,tr;1</data><data column="Performance">14808.83</data></row><row><data column="Variable Features">freq;2000.0,tr;2</data><data column="Performance">8136.08</data></row><row><data column="Variable Features">freq;2000.0,tr;3</data><data column="Performance">4574.37</data></row><row><data column="Variable Features">freq;2000.0,tr;4</data><data column="Performance">2807.5</data></row><row><data column="Variable Features">freq;2000.0,tr;5</data><data column="Performance">1994.79</data></row><row><data column="Variable Features">freq;2000.0,tr;6</data><data column="Performance">1696.21</data></row></results>