<results><row><data column="Variable Features">freq;1200.0,tr;1</data><data column="Performance">593.12</data></row><row><data column="Variable Features">freq;1200.0,tr;2</data><data column="Performance">356.87</data></row><row><data column="Variable Features">freq;1200.0,tr;3</data><data column="Performance">234.55</data></row><row><data column="Variable Features">freq;1200.0,tr;4</data><data column="Performance">164.83</data></row><row><data column="Variable Features">freq;1200.0,tr;5</data><data column="Performance">156.64</data></row><row><data column="Variable Features">freq;1200.0,tr;6</data><data column="Performance">153.16</data></row><row><data column="Variable Features">freq;1600.0,tr;1</data><data column="Performance">465.26</data></row><row><data column="Variable Features">freq;1600.0,tr;2</data><data column="Performance">282.5</data></row><row><data column="Variable Features">freq;1600.0,tr;3</data><data column="Performance">192.41</data></row><row><data column="Variable Features">freq;1600.0,tr;4</data><data column="Performance">128.18</data></row><row><data column="Variable Features">freq;1600.0,tr;5</data><data column="Performance">117.65</data></row><row><data column="Variable Features">freq;1600.0,tr;6</data><data column="Performance">117.51</data></row><row><data column="Variable Features">freq;1800.0,tr;1</data><data column="Performance">421.55</data></row><row><data column="Variable Features">freq;1800.0,tr;2</data><data column="Performance">257.65</data></row><row><data column="Variable Features">freq;1800.0,tr;3</data><data column="Performance">174.95</data></row><row><data column="Variable Features">freq;1800.0,tr;4</data><data column="Performance">119.86</data></row><row><data column="Variable Features">freq;1800.0,tr;5</data><data column="Performance">112.72</data></row><row><data column="Variable Features">freq;1800.0,tr;6</data><data column="Performance">108.95</data></row><row><data column="Variable Features">freq;2200.0,tr;1</data><data column="Performance">369.56</data></row><row><data column="Variable Features">freq;2200.0,tr;2</data><data column="Performance">226.3</data></row><row><data column="Variable Features">freq;2200.0,tr;3</data><data column="Performance">153.46</data></row><row><data column="Variable Features">freq;2200.0,tr;4</data><data column="Performance">108.85</data></row><row><data column="Variable Features">freq;2200.0,tr;5</data><data column="Performance">99.76</data></row><row><data column="Variable Features">freq;2200.0,tr;6</data><data column="Performance">97.58</data></row><row><data column="Variable Features">freq;2400.0,tr;1</data><data column="Performance">345.87</data></row><row><data column="Variable Features">freq;2400.0,tr;2</data><data column="Performance">215.73</data></row><row><data column="Variable Features">freq;2400.0,tr;3</data><data column="Performance">148.9</data></row><row><data column="Variable Features">freq;2400.0,tr;4</data><data column="Performance">104.85</data></row><row><data column="Variable Features">freq;2400.0,tr;5</data><data column="Performance">99.32</data></row><row><data column="Variable Features">freq;2400.0,tr;6</data><data column="Performance">97.44</data></row><row><data column="Variable Features">freq;2700.0,tr;1</data><data column="Performance">321.28</data></row><row><data column="Variable Features">freq;2700.0,tr;2</data><data column="Performance">203.45</data></row><row><data column="Variable Features">freq;2700.0,tr;3</data><data column="Performance">138.49</data></row><row><data column="Variable Features">freq;2700.0,tr;4</data><data column="Performance">102.38</data></row><row><data column="Variable Features">freq;2700.0,tr;5</data><data column="Performance">94.55</data></row><row><data column="Variable Features">freq;2700.0,tr;6</data><data column="Performance">96.18</data></row><row><data column="Variable Features">freq;3000.0,tr;1</data><data column="Performance">309.49</data></row><row><data column="Variable Features">freq;3000.0,tr;2</data><data column="Performance">193.94</data></row><row><data column="Variable Features">freq;3000.0,tr;3</data><data column="Performance">142.72</data></row><row><data column="Variable Features">freq;3000.0,tr;4</data><data column="Performance">106.91</data></row><row><data column="Variable Features">freq;3000.0,tr;5</data><data column="Performance">102.64</data></row><row><data column="Variable Features">freq;3000.0,tr;6</data><data column="Performance">103.5</data></row><row><data column="Variable Features">freq;1300.0,tr;1</data><data column="Performance">546.28</data></row><row><data column="Variable Features">freq;1300.0,tr;2</data><data column="Performance">331.19</data></row><row><data column="Variable Features">freq;1300.0,tr;3</data><data column="Performance">217.86</data></row><row><data column="Variable Features">freq;1300.0,tr;4</data><data column="Performance">148.81</data></row><row><data column="Variable Features">freq;1300.0,tr;5</data><data column="Performance">137.43</data></row><row><data column="Variable Features">freq;1300.0,tr;6</data><data column="Performance">131.88</data></row><row><data column="Variable Features">freq;1700.0,tr;1</data><data column="Performance">442.82</data></row><row><data column="Variable Features">freq;1700.0,tr;2</data><data column="Performance">266.35</data></row><row><data column="Variable Features">freq;1700.0,tr;3</data><data column="Performance">184.27</data></row><row><data column="Variable Features">freq;1700.0,tr;4</data><data column="Performance">123.7</data></row><row><data column="Variable Features">freq;1700.0,tr;5</data><data column="Performance">112.1</data></row><row><data column="Variable Features">freq;1700.0,tr;6</data><data column="Performance">111.79</data></row><row><data column="Variable Features">freq;1900.0,tr;1</data><data column="Performance">405.48</data></row><row><data column="Variable Features">freq;1900.0,tr;2</data><data column="Performance">249.2</data></row><row><data column="Variable Features">freq;1900.0,tr;3</data><data column="Performance">168.18</data></row><row><data column="Variable Features">freq;1900.0,tr;4</data><data column="Performance">116.87</data></row><row><data column="Variable Features">freq;1900.0,tr;5</data><data column="Performance">113.59</data></row><row><data column="Variable Features">freq;1900.0,tr;6</data><data column="Performance">107.17</data></row><row><data column="Variable Features">freq;2300.0,tr;1</data><data column="Performance">357.0</data></row><row><data column="Variable Features">freq;2300.0,tr;2</data><data column="Performance">227.64</data></row><row><data column="Variable Features">freq;2300.0,tr;3</data><data column="Performance">153.9</data></row><row><data column="Variable Features">freq;2300.0,tr;4</data><data column="Performance">110.16</data></row><row><data column="Variable Features">freq;2300.0,tr;5</data><data column="Performance">100.04</data></row><row><data column="Variable Features">freq;2300.0,tr;6</data><data column="Performance">100.98</data></row><row><data column="Variable Features">freq;2500.0,tr;1</data><data column="Performance">338.64</data></row><row><data column="Variable Features">freq;2500.0,tr;2</data><data column="Performance">208.91</data></row><row><data column="Variable Features">freq;2500.0,tr;3</data><data column="Performance">145.31</data></row><row><data column="Variable Features">freq;2500.0,tr;4</data><data column="Performance">105.15</data></row><row><data column="Variable Features">freq;2500.0,tr;5</data><data column="Performance">98.43</data></row><row><data column="Variable Features">freq;2500.0,tr;6</data><data column="Performance">95.6</data></row><row><data column="Variable Features">freq;2800.0,tr;1</data><data column="Performance">321.18</data></row><row><data column="Variable Features">freq;2800.0,tr;2</data><data column="Performance">199.08</data></row><row><data column="Variable Features">freq;2800.0,tr;3</data><data column="Performance">138.08</data></row><row><data column="Variable Features">freq;2800.0,tr;4</data><data column="Performance">100.59</data></row><row><data column="Variable Features">freq;2800.0,tr;5</data><data column="Performance">98.11</data></row><row><data column="Variable Features">freq;2800.0,tr;6</data><data column="Performance">97.93</data></row><row><data column="Variable Features">freq;1400.0,tr;1</data><data column="Performance">517.06</data></row><row><data column="Variable Features">freq;1400.0,tr;2</data><data column="Performance">313.19</data></row><row><data column="Variable Features">freq;1400.0,tr;3</data><data column="Performance">210.52</data></row><row><data column="Variable Features">freq;1400.0,tr;4</data><data column="Performance">143.16</data></row><row><data column="Variable Features">freq;1400.0,tr;5</data><data column="Performance">128.22</data></row><row><data column="Variable Features">freq;1400.0,tr;6</data><data column="Performance">136.09</data></row><row><data column="Variable Features">freq;2900.0,tr;1</data><data column="Performance">314.29</data></row><row><data column="Variable Features">freq;2900.0,tr;2</data><data column="Performance">197.94</data></row><row><data column="Variable Features">freq;2900.0,tr;3</data><data column="Performance">137.29</data></row><row><data column="Variable Features">freq;2900.0,tr;4</data><data column="Performance">100.52</data></row><row><data column="Variable Features">freq;2900.0,tr;5</data><data column="Performance">92.87</data></row><row><data column="Variable Features">freq;2900.0,tr;6</data><data column="Performance">97.31</data></row><row><data column="Variable Features">freq;2000.0,tr;1</data><data column="Performance">393.95</data></row><row><data column="Variable Features">freq;2000.0,tr;2</data><data column="Performance">242.89</data></row><row><data column="Variable Features">freq;2000.0,tr;3</data><data column="Performance">168.17</data></row><row><data column="Variable Features">freq;2000.0,tr;4</data><data column="Performance">117.79</data></row><row><data column="Variable Features">freq;2000.0,tr;5</data><data column="Performance">108.26</data></row><row><data column="Variable Features">freq;2000.0,tr;6</data><data column="Performance">107.96</data></row></results>