<results><row><data column="Variable Features">freq;1200.0,tr;1</data><data column="Performance">20041.53</data></row><row><data column="Variable Features">freq;1200.0,tr;2</data><data column="Performance">10726.41</data></row><row><data column="Variable Features">freq;1200.0,tr;3</data><data column="Performance">6171.09</data></row><row><data column="Variable Features">freq;1200.0,tr;4</data><data column="Performance">5316.8</data></row><row><data column="Variable Features">freq;1200.0,tr;5</data><data column="Performance">8733.52</data></row><row><data column="Variable Features">freq;1200.0,tr;6</data><data column="Performance">8374.35</data></row><row><data column="Variable Features">freq;1600.0,tr;1</data><data column="Performance">15670.02</data></row><row><data column="Variable Features">freq;1600.0,tr;2</data><data column="Performance">8556.92</data></row><row><data column="Variable Features">freq;1600.0,tr;3</data><data column="Performance">4983.65</data></row><row><data column="Variable Features">freq;1600.0,tr;4</data><data column="Performance">3903.51</data></row><row><data column="Variable Features">freq;1600.0,tr;5</data><data column="Performance">4354.64</data></row><row><data column="Variable Features">freq;1600.0,tr;6</data><data column="Performance">5877.47</data></row><row><data column="Variable Features">freq;1800.0,tr;1</data><data column="Performance">14263.58</data></row><row><data column="Variable Features">freq;1800.0,tr;2</data><data column="Performance">7835.93</data></row><row><data column="Variable Features">freq;1800.0,tr;3</data><data column="Performance">4615.85</data></row><row><data column="Variable Features">freq;1800.0,tr;4</data><data column="Performance">3608.79</data></row><row><data column="Variable Features">freq;1800.0,tr;5</data><data column="Performance">5723.13</data></row><row><data column="Variable Features">freq;1800.0,tr;6</data><data column="Performance">7644.41</data></row><row><data column="Variable Features">freq;2200.0,tr;1</data><data column="Performance">12372.32</data></row><row><data column="Variable Features">freq;2200.0,tr;2</data><data column="Performance">6840.94</data></row><row><data column="Variable Features">freq;2200.0,tr;3</data><data column="Performance">4129.41</data></row><row><data column="Variable Features">freq;2200.0,tr;4</data><data column="Performance">3581.44</data></row><row><data column="Variable Features">freq;2200.0,tr;5</data><data column="Performance">5029.76</data></row><row><data column="Variable Features">freq;2200.0,tr;6</data><data column="Performance">6001.36</data></row><row><data column="Variable Features">freq;2400.0,tr;1</data><data column="Performance">11625.28</data></row><row><data column="Variable Features">freq;2400.0,tr;2</data><data column="Performance">6459.0</data></row><row><data column="Variable Features">freq;2400.0,tr;3</data><data column="Performance">3932.8</data></row><row><data column="Variable Features">freq;2400.0,tr;4</data><data column="Performance">3457.31</data></row><row><data column="Variable Features">freq;2400.0,tr;5</data><data column="Performance">6087.29</data></row><row><data column="Variable Features">freq;2400.0,tr;6</data><data column="Performance">6588.3</data></row><row><data column="Variable Features">freq;2700.0,tr;1</data><data column="Performance">10789.54</data></row><row><data column="Variable Features">freq;2700.0,tr;2</data><data column="Performance">6100.64</data></row><row><data column="Variable Features">freq;2700.0,tr;3</data><data column="Performance">3784.24</data></row><row><data column="Variable Features">freq;2700.0,tr;4</data><data column="Performance">4083.07</data></row><row><data column="Variable Features">freq;2700.0,tr;5</data><data column="Performance">5527.34</data></row><row><data column="Variable Features">freq;2700.0,tr;6</data><data column="Performance">6697.43</data></row><row><data column="Variable Features">freq;3000.0,tr;1</data><data column="Performance">10245.03</data></row><row><data column="Variable Features">freq;3000.0,tr;2</data><data column="Performance">6117.47</data></row><row><data column="Variable Features">freq;3000.0,tr;3</data><data column="Performance">4023.08</data></row><row><data column="Variable Features">freq;3000.0,tr;4</data><data column="Performance">4992.1</data></row><row><data column="Variable Features">freq;3000.0,tr;5</data><data column="Performance">6187.04</data></row><row><data column="Variable Features">freq;3000.0,tr;6</data><data column="Performance">6611.29</data></row><row><data column="Variable Features">freq;1300.0,tr;1</data><data column="Performance">19732.51</data></row><row><data column="Variable Features">freq;1300.0,tr;2</data><data column="Performance">10637.14</data></row><row><data column="Variable Features">freq;1300.0,tr;3</data><data column="Performance">6130.91</data></row><row><data column="Variable Features">freq;1300.0,tr;4</data><data column="Performance">5133.45</data></row><row><data column="Variable Features">freq;1300.0,tr;5</data><data column="Performance">7659.94</data></row><row><data column="Variable Features">freq;1300.0,tr;6</data><data column="Performance">8145.02</data></row><row><data column="Variable Features">freq;1700.0,tr;1</data><data column="Performance">16081.85</data></row><row><data column="Variable Features">freq;1700.0,tr;2</data><data column="Performance">8845.27</data></row><row><data column="Variable Features">freq;1700.0,tr;3</data><data column="Performance">5130.3</data></row><row><data column="Variable Features">freq;1700.0,tr;4</data><data column="Performance">4111.92</data></row><row><data column="Variable Features">freq;1700.0,tr;5</data><data column="Performance">5381.73</data></row><row><data column="Variable Features">freq;1700.0,tr;6</data><data column="Performance">4085.17</data></row><row><data column="Variable Features">freq;1900.0,tr;1</data><data column="Performance">14878.98</data></row><row><data column="Variable Features">freq;1900.0,tr;2</data><data column="Performance">8219.09</data></row><row><data column="Variable Features">freq;1900.0,tr;3</data><data column="Performance">4848.47</data></row><row><data column="Variable Features">freq;1900.0,tr;4</data><data column="Performance">3897.41</data></row><row><data column="Variable Features">freq;1900.0,tr;5</data><data column="Performance">5048.48</data></row><row><data column="Variable Features">freq;1900.0,tr;6</data><data column="Performance">3935.03</data></row><row><data column="Variable Features">freq;2300.0,tr;1</data><data column="Performance">13249.82</data></row><row><data column="Variable Features">freq;2300.0,tr;2</data><data column="Performance">7359.25</data></row><row><data column="Variable Features">freq;2300.0,tr;3</data><data column="Performance">4442.76</data></row><row><data column="Variable Features">freq;2300.0,tr;4</data><data column="Performance">3702.35</data></row><row><data column="Variable Features">freq;2300.0,tr;5</data><data column="Performance">4910.96</data></row><row><data column="Variable Features">freq;2300.0,tr;6</data><data column="Performance">4359.03</data></row><row><data column="Variable Features">freq;2500.0,tr;1</data><data column="Performance">12622.27</data></row><row><data column="Variable Features">freq;2500.0,tr;2</data><data column="Performance">7041.18</data></row><row><data column="Variable Features">freq;2500.0,tr;3</data><data column="Performance">4312.48</data></row><row><data column="Variable Features">freq;2500.0,tr;4</data><data column="Performance">3711.79</data></row><row><data column="Variable Features">freq;2500.0,tr;5</data><data column="Performance">5667.87</data></row><row><data column="Variable Features">freq;2500.0,tr;6</data><data column="Performance">6856.45</data></row><row><data column="Variable Features">freq;2800.0,tr;1</data><data column="Performance">11907.14</data></row><row><data column="Variable Features">freq;2800.0,tr;2</data><data column="Performance">6759.49</data></row><row><data column="Variable Features">freq;2800.0,tr;3</data><data column="Performance">4207.37</data></row><row><data column="Variable Features">freq;2800.0,tr;4</data><data column="Performance">3988.17</data></row><row><data column="Variable Features">freq;2800.0,tr;5</data><data column="Performance">5094.87</data></row><row><data column="Variable Features">freq;2800.0,tr;6</data><data column="Performance">5072.43</data></row><row><data column="Variable Features">freq;1400.0,tr;1</data><data column="Performance">18662.95</data></row><row><data column="Variable Features">freq;1400.0,tr;2</data><data column="Performance">10071.12</data></row><row><data column="Variable Features">freq;1400.0,tr;3</data><data column="Performance">5821.27</data></row><row><data column="Variable Features">freq;1400.0,tr;4</data><data column="Performance">4736.27</data></row><row><data column="Variable Features">freq;1400.0,tr;5</data><data column="Performance">7089.3</data></row><row><data column="Variable Features">freq;1400.0,tr;6</data><data column="Performance">7140.92</data></row><row><data column="Variable Features">freq;2900.0,tr;1</data><data column="Performance">11743.29</data></row><row><data column="Variable Features">freq;2900.0,tr;2</data><data column="Performance">6677.94</data></row><row><data column="Variable Features">freq;2900.0,tr;3</data><data column="Performance">4176.72</data></row><row><data column="Variable Features">freq;2900.0,tr;4</data><data column="Performance">4195.02</data></row><row><data column="Variable Features">freq;2900.0,tr;5</data><data column="Performance">6534.25</data></row><row><data column="Variable Features">freq;2900.0,tr;6</data><data column="Performance">6472.73</data></row><row><data column="Variable Features">freq;2000.0,tr;1</data><data column="Performance">13268.25</data></row><row><data column="Variable Features">freq;2000.0,tr;2</data><data column="Performance">7274.33</data></row><row><data column="Variable Features">freq;2000.0,tr;3</data><data column="Performance">4343.57</data></row><row><data column="Variable Features">freq;2000.0,tr;4</data><data column="Performance">3464.69</data></row><row><data column="Variable Features">freq;2000.0,tr;5</data><data column="Performance">5541.08</data></row><row><data column="Variable Features">freq;2000.0,tr;6</data><data column="Performance">4132.13</data></row></results>