<results><row><data column="Variable Features">freq;1200.0,tr;1</data><data column="Performance">36383.99</data></row><row><data column="Variable Features">freq;1200.0,tr;2</data><data column="Performance">17836.73</data></row><row><data column="Variable Features">freq;1200.0,tr;3</data><data column="Performance">9147.7</data></row><row><data column="Variable Features">freq;1200.0,tr;4</data><data column="Performance">3791.16</data></row><row><data column="Variable Features">freq;1200.0,tr;5</data><data column="Performance">4638.24</data></row><row><data column="Variable Features">freq;1200.0,tr;6</data><data column="Performance">3620.72</data></row><row><data column="Variable Features">freq;1600.0,tr;1</data><data column="Performance">28633.15</data></row><row><data column="Variable Features">freq;1600.0,tr;2</data><data column="Performance">14290.06</data></row><row><data column="Variable Features">freq;1600.0,tr;3</data><data column="Performance">7432.18</data></row><row><data column="Variable Features">freq;1600.0,tr;4</data><data column="Performance">3119.36</data></row><row><data column="Variable Features">freq;1600.0,tr;5</data><data column="Performance">4948.88</data></row><row><data column="Variable Features">freq;1600.0,tr;6</data><data column="Performance">4369.37</data></row><row><data column="Variable Features">freq;1800.0,tr;1</data><data column="Performance">23683.7</data></row><row><data column="Variable Features">freq;1800.0,tr;2</data><data column="Performance">14431.11</data></row><row><data column="Variable Features">freq;1800.0,tr;3</data><data column="Performance">7515.29</data></row><row><data column="Variable Features">freq;1800.0,tr;4</data><data column="Performance">3270.13</data></row><row><data column="Variable Features">freq;1800.0,tr;5</data><data column="Performance">5437.03</data></row><row><data column="Variable Features">freq;1800.0,tr;6</data><data column="Performance">3647.52</data></row><row><data column="Variable Features">freq;2200.0,tr;1</data><data column="Performance">20656.77</data></row><row><data column="Variable Features">freq;2200.0,tr;2</data><data column="Performance">12652.04</data></row><row><data column="Variable Features">freq;2200.0,tr;3</data><data column="Performance">6677.77</data></row><row><data column="Variable Features">freq;2200.0,tr;4</data><data column="Performance">3349.81</data></row><row><data column="Variable Features">freq;2200.0,tr;5</data><data column="Performance">4304.52</data></row><row><data column="Variable Features">freq;2200.0,tr;6</data><data column="Performance">3784.83</data></row><row><data column="Variable Features">freq;2400.0,tr;1</data><data column="Performance">20610.2</data></row><row><data column="Variable Features">freq;2400.0,tr;2</data><data column="Performance">12602.08</data></row><row><data column="Variable Features">freq;2400.0,tr;3</data><data column="Performance">6661.56</data></row><row><data column="Variable Features">freq;2400.0,tr;4</data><data column="Performance">3531.03</data></row><row><data column="Variable Features">freq;2400.0,tr;5</data><data column="Performance">4079.66</data></row><row><data column="Variable Features">freq;2400.0,tr;6</data><data column="Performance">4149.25</data></row><row><data column="Variable Features">freq;2700.0,tr;1</data><data column="Performance">20633.71</data></row><row><data column="Variable Features">freq;2700.0,tr;2</data><data column="Performance">12594.05</data></row><row><data column="Variable Features">freq;2700.0,tr;3</data><data column="Performance">6817.22</data></row><row><data column="Variable Features">freq;2700.0,tr;4</data><data column="Performance">4266.57</data></row><row><data column="Variable Features">freq;2700.0,tr;5</data><data column="Performance">3812.03</data></row><row><data column="Variable Features">freq;2700.0,tr;6</data><data column="Performance">4785.37</data></row><row><data column="Variable Features">freq;3000.0,tr;1</data><data column="Performance">20784.74</data></row><row><data column="Variable Features">freq;3000.0,tr;2</data><data column="Performance">12999.28</data></row><row><data column="Variable Features">freq;3000.0,tr;3</data><data column="Performance">7434.74</data></row><row><data column="Variable Features">freq;3000.0,tr;4</data><data column="Performance">5882.08</data></row><row><data column="Variable Features">freq;3000.0,tr;5</data><data column="Performance">5380.45</data></row><row><data column="Variable Features">freq;3000.0,tr;6</data><data column="Performance">5471.4</data></row><row><data column="Variable Features">freq;1300.0,tr;1</data><data column="Performance">31521.9</data></row><row><data column="Variable Features">freq;1300.0,tr;2</data><data column="Performance">18839.15</data></row><row><data column="Variable Features">freq;1300.0,tr;3</data><data column="Performance">9605.55</data></row><row><data column="Variable Features">freq;1300.0,tr;4</data><data column="Performance">4523.17</data></row><row><data column="Variable Features">freq;1300.0,tr;5</data><data column="Performance">6230.96</data></row><row><data column="Variable Features">freq;1300.0,tr;6</data><data column="Performance">4944.1</data></row><row><data column="Variable Features">freq;1700.0,tr;1</data><data column="Performance">27486.25</data></row><row><data column="Variable Features">freq;1700.0,tr;2</data><data column="Performance">16607.74</data></row><row><data column="Variable Features">freq;1700.0,tr;3</data><data column="Performance">8622.85</data></row><row><data column="Variable Features">freq;1700.0,tr;4</data><data column="Performance">3927.15</data></row><row><data column="Variable Features">freq;1700.0,tr;5</data><data column="Performance">4585.34</data></row><row><data column="Variable Features">freq;1700.0,tr;6</data><data column="Performance">4659.44</data></row><row><data column="Variable Features">freq;1900.0,tr;1</data><data column="Performance">25608.19</data></row><row><data column="Variable Features">freq;1900.0,tr;2</data><data column="Performance">15538.72</data></row><row><data column="Variable Features">freq;1900.0,tr;3</data><data column="Performance">8151.85</data></row><row><data column="Variable Features">freq;1900.0,tr;4</data><data column="Performance">3997.16</data></row><row><data column="Variable Features">freq;1900.0,tr;5</data><data column="Performance">3943.69</data></row><row><data column="Variable Features">freq;1900.0,tr;6</data><data column="Performance">3107.72</data></row><row><data column="Variable Features">freq;2300.0,tr;1</data><data column="Performance">23084.71</data></row><row><data column="Variable Features">freq;2300.0,tr;2</data><data column="Performance">14047.37</data></row><row><data column="Variable Features">freq;2300.0,tr;3</data><data column="Performance">7467.51</data></row><row><data column="Variable Features">freq;2300.0,tr;4</data><data column="Performance">3987.08</data></row><row><data column="Variable Features">freq;2300.0,tr;5</data><data column="Performance">4815.71</data></row><row><data column="Variable Features">freq;2300.0,tr;6</data><data column="Performance">4240.79</data></row><row><data column="Variable Features">freq;2500.0,tr;1</data><data column="Performance">22199.68</data></row><row><data column="Variable Features">freq;2500.0,tr;2</data><data column="Performance">13492.08</data></row><row><data column="Variable Features">freq;2500.0,tr;3</data><data column="Performance">7305.47</data></row><row><data column="Variable Features">freq;2500.0,tr;4</data><data column="Performance">3801.25</data></row><row><data column="Variable Features">freq;2500.0,tr;5</data><data column="Performance">5270.5</data></row><row><data column="Variable Features">freq;2500.0,tr;6</data><data column="Performance">3849.6</data></row><row><data column="Variable Features">freq;2800.0,tr;1</data><data column="Performance">21206.74</data></row><row><data column="Variable Features">freq;2800.0,tr;2</data><data column="Performance">12980.35</data></row><row><data column="Variable Features">freq;2800.0,tr;3</data><data column="Performance">7162.46</data></row><row><data column="Variable Features">freq;2800.0,tr;4</data><data column="Performance">4079.98</data></row><row><data column="Variable Features">freq;2800.0,tr;5</data><data column="Performance">3459.09</data></row><row><data column="Variable Features">freq;2800.0,tr;6</data><data column="Performance">3322.07</data></row><row><data column="Variable Features">freq;1400.0,tr;1</data><data column="Performance">31418.02</data></row><row><data column="Variable Features">freq;1400.0,tr;2</data><data column="Performance">18781.04</data></row><row><data column="Variable Features">freq;1400.0,tr;3</data><data column="Performance">9655.63</data></row><row><data column="Variable Features">freq;1400.0,tr;4</data><data column="Performance">4677.84</data></row><row><data column="Variable Features">freq;1400.0,tr;5</data><data column="Performance">5642.98</data></row><row><data column="Variable Features">freq;1400.0,tr;6</data><data column="Performance">5273.4</data></row><row><data column="Variable Features">freq;2900.0,tr;1</data><data column="Performance">20944.68</data></row><row><data column="Variable Features">freq;2900.0,tr;2</data><data column="Performance">12860.01</data></row><row><data column="Variable Features">freq;2900.0,tr;3</data><data column="Performance">7102.9</data></row><row><data column="Variable Features">freq;2900.0,tr;4</data><data column="Performance">4445.43</data></row><row><data column="Variable Features">freq;2900.0,tr;5</data><data column="Performance">3835.68</data></row><row><data column="Variable Features">freq;2900.0,tr;6</data><data column="Performance">4171.71</data></row><row><data column="Variable Features">freq;2000.0,tr;1</data><data column="Performance">22858.25</data></row><row><data column="Variable Features">freq;2000.0,tr;2</data><data column="Performance">13880.57</data></row><row><data column="Variable Features">freq;2000.0,tr;3</data><data column="Performance">7231.09</data></row><row><data column="Variable Features">freq;2000.0,tr;4</data><data column="Performance">3177.1</data></row><row><data column="Variable Features">freq;2000.0,tr;5</data><data column="Performance">5016.05</data></row><row><data column="Variable Features">freq;2000.0,tr;6</data><data column="Performance">5110.0</data></row></results>