<results><row><data column="Variable Features">freq;1200.0,tr;1</data><data column="Performance">36310.81</data></row><row><data column="Variable Features">freq;1200.0,tr;2</data><data column="Performance">17865.75</data></row><row><data column="Variable Features">freq;1200.0,tr;3</data><data column="Performance">9136.19</data></row><row><data column="Variable Features">freq;1200.0,tr;4</data><data column="Performance">4031.28</data></row><row><data column="Variable Features">freq;1200.0,tr;5</data><data column="Performance">5892.04</data></row><row><data column="Variable Features">freq;1200.0,tr;6</data><data column="Performance">7013.7</data></row><row><data column="Variable Features">freq;1600.0,tr;1</data><data column="Performance">27219.89</data></row><row><data column="Variable Features">freq;1600.0,tr;2</data><data column="Performance">13571.27</data></row><row><data column="Variable Features">freq;1600.0,tr;3</data><data column="Performance">6996.87</data></row><row><data column="Variable Features">freq;1600.0,tr;4</data><data column="Performance">3293.7</data></row><row><data column="Variable Features">freq;1600.0,tr;5</data><data column="Performance">4037.26</data></row><row><data column="Variable Features">freq;1600.0,tr;6</data><data column="Performance">8334.31</data></row><row><data column="Variable Features">freq;1800.0,tr;1</data><data column="Performance">24859.22</data></row><row><data column="Variable Features">freq;1800.0,tr;2</data><data column="Performance">12517.11</data></row><row><data column="Variable Features">freq;1800.0,tr;3</data><data column="Performance">6488.0</data></row><row><data column="Variable Features">freq;1800.0,tr;4</data><data column="Performance">3025.76</data></row><row><data column="Variable Features">freq;1800.0,tr;5</data><data column="Performance">4121.5</data></row><row><data column="Variable Features">freq;1800.0,tr;6</data><data column="Performance">8859.37</data></row><row><data column="Variable Features">freq;2200.0,tr;1</data><data column="Performance">21737.47</data></row><row><data column="Variable Features">freq;2200.0,tr;2</data><data column="Performance">10941.3</data></row><row><data column="Variable Features">freq;2200.0,tr;3</data><data column="Performance">5810.18</data></row><row><data column="Variable Features">freq;2200.0,tr;4</data><data column="Performance">3298.01</data></row><row><data column="Variable Features">freq;2200.0,tr;5</data><data column="Performance">4235.27</data></row><row><data column="Variable Features">freq;2200.0,tr;6</data><data column="Performance">8269.18</data></row><row><data column="Variable Features">freq;2400.0,tr;1</data><data column="Performance">21817.8</data></row><row><data column="Variable Features">freq;2400.0,tr;2</data><data column="Performance">10934.69</data></row><row><data column="Variable Features">freq;2400.0,tr;3</data><data column="Performance">5812.69</data></row><row><data column="Variable Features">freq;2400.0,tr;4</data><data column="Performance">3349.25</data></row><row><data column="Variable Features">freq;2400.0,tr;5</data><data column="Performance">3936.03</data></row><row><data column="Variable Features">freq;2400.0,tr;6</data><data column="Performance">8798.38</data></row><row><data column="Variable Features">freq;2700.0,tr;1</data><data column="Performance">22178.93</data></row><row><data column="Variable Features">freq;2700.0,tr;2</data><data column="Performance">11162.44</data></row><row><data column="Variable Features">freq;2700.0,tr;3</data><data column="Performance">6321.14</data></row><row><data column="Variable Features">freq;2700.0,tr;4</data><data column="Performance">3557.72</data></row><row><data column="Variable Features">freq;2700.0,tr;5</data><data column="Performance">4120.21</data></row><row><data column="Variable Features">freq;2700.0,tr;6</data><data column="Performance">8465.09</data></row><row><data column="Variable Features">freq;3000.0,tr;1</data><data column="Performance">21991.38</data></row><row><data column="Variable Features">freq;3000.0,tr;2</data><data column="Performance">11426.89</data></row><row><data column="Variable Features">freq;3000.0,tr;3</data><data column="Performance">6735.34</data></row><row><data column="Variable Features">freq;3000.0,tr;4</data><data column="Performance">5280.94</data></row><row><data column="Variable Features">freq;3000.0,tr;5</data><data column="Performance">5512.43</data></row><row><data column="Variable Features">freq;3000.0,tr;6</data><data column="Performance">9442.64</data></row><row><data column="Variable Features">freq;1300.0,tr;1</data><data column="Performance">32961.76</data></row><row><data column="Variable Features">freq;1300.0,tr;2</data><data column="Performance">16191.65</data></row><row><data column="Variable Features">freq;1300.0,tr;3</data><data column="Performance">8371.29</data></row><row><data column="Variable Features">freq;1300.0,tr;4</data><data column="Performance">4544.62</data></row><row><data column="Variable Features">freq;1300.0,tr;5</data><data column="Performance">6361.22</data></row><row><data column="Variable Features">freq;1300.0,tr;6</data><data column="Performance">11840.76</data></row><row><data column="Variable Features">freq;1700.0,tr;1</data><data column="Performance">28950.7</data></row><row><data column="Variable Features">freq;1700.0,tr;2</data><data column="Performance">14357.8</data></row><row><data column="Variable Features">freq;1700.0,tr;3</data><data column="Performance">7443.77</data></row><row><data column="Variable Features">freq;1700.0,tr;4</data><data column="Performance">3701.88</data></row><row><data column="Variable Features">freq;1700.0,tr;5</data><data column="Performance">4331.91</data></row><row><data column="Variable Features">freq;1700.0,tr;6</data><data column="Performance">9498.68</data></row><row><data column="Variable Features">freq;1900.0,tr;1</data><data column="Performance">27046.58</data></row><row><data column="Variable Features">freq;1900.0,tr;2</data><data column="Performance">13466.91</data></row><row><data column="Variable Features">freq;1900.0,tr;3</data><data column="Performance">7086.76</data></row><row><data column="Variable Features">freq;1900.0,tr;4</data><data column="Performance">3396.72</data></row><row><data column="Variable Features">freq;1900.0,tr;5</data><data column="Performance">4498.9</data></row><row><data column="Variable Features">freq;1900.0,tr;6</data><data column="Performance">8835.19</data></row><row><data column="Variable Features">freq;2300.0,tr;1</data><data column="Performance">24311.97</data></row><row><data column="Variable Features">freq;2300.0,tr;2</data><data column="Performance">12116.88</data></row><row><data column="Variable Features">freq;2300.0,tr;3</data><data column="Performance">6537.29</data></row><row><data column="Variable Features">freq;2300.0,tr;4</data><data column="Performance">3559.25</data></row><row><data column="Variable Features">freq;2300.0,tr;5</data><data column="Performance">4384.31</data></row><row><data column="Variable Features">freq;2300.0,tr;6</data><data column="Performance">7808.86</data></row><row><data column="Variable Features">freq;2500.0,tr;1</data><data column="Performance">23416.43</data></row><row><data column="Variable Features">freq;2500.0,tr;2</data><data column="Performance">11716.52</data></row><row><data column="Variable Features">freq;2500.0,tr;3</data><data column="Performance">6424.98</data></row><row><data column="Variable Features">freq;2500.0,tr;4</data><data column="Performance">3576.63</data></row><row><data column="Variable Features">freq;2500.0,tr;5</data><data column="Performance">5202.53</data></row><row><data column="Variable Features">freq;2500.0,tr;6</data><data column="Performance">7426.9</data></row><row><data column="Variable Features">freq;2800.0,tr;1</data><data column="Performance">22278.47</data></row><row><data column="Variable Features">freq;2800.0,tr;2</data><data column="Performance">11261.07</data></row><row><data column="Variable Features">freq;2800.0,tr;3</data><data column="Performance">6323.2</data></row><row><data column="Variable Features">freq;2800.0,tr;4</data><data column="Performance">3941.75</data></row><row><data column="Variable Features">freq;2800.0,tr;5</data><data column="Performance">3782.08</data></row><row><data column="Variable Features">freq;2800.0,tr;6</data><data column="Performance">8105.87</data></row><row><data column="Variable Features">freq;1400.0,tr;1</data><data column="Performance">33139.47</data></row><row><data column="Variable Features">freq;1400.0,tr;2</data><data column="Performance">16238.64</data></row><row><data column="Variable Features">freq;1400.0,tr;3</data><data column="Performance">8348.22</data></row><row><data column="Variable Features">freq;1400.0,tr;4</data><data column="Performance">4353.21</data></row><row><data column="Variable Features">freq;1400.0,tr;5</data><data column="Performance">5426.95</data></row><row><data column="Variable Features">freq;1400.0,tr;6</data><data column="Performance">12389.31</data></row><row><data column="Variable Features">freq;2900.0,tr;1</data><data column="Performance">19476.02</data></row><row><data column="Variable Features">freq;2900.0,tr;2</data><data column="Performance">9918.14</data></row><row><data column="Variable Features">freq;2900.0,tr;3</data><data column="Performance">5563.36</data></row><row><data column="Variable Features">freq;2900.0,tr;4</data><data column="Performance">3567.02</data></row><row><data column="Variable Features">freq;2900.0,tr;5</data><data column="Performance">3964.97</data></row><row><data column="Variable Features">freq;2900.0,tr;6</data><data column="Performance">4064.61</data></row><row><data column="Variable Features">freq;2000.0,tr;1</data><data column="Performance">25340.0</data></row><row><data column="Variable Features">freq;2000.0,tr;2</data><data column="Performance">12553.85</data></row><row><data column="Variable Features">freq;2000.0,tr;3</data><data column="Performance">6630.01</data></row><row><data column="Variable Features">freq;2000.0,tr;4</data><data column="Performance">3334.41</data></row><row><data column="Variable Features">freq;2000.0,tr;5</data><data column="Performance">4825.79</data></row><row><data column="Variable Features">freq;2000.0,tr;6</data><data column="Performance">4784.7</data></row></results>