<results><row><data column="Variable Features">freq;1200.0,tr;1</data><data column="Performance">104939.59</data></row><row><data column="Variable Features">freq;1200.0,tr;2</data><data column="Performance">55951.98</data></row><row><data column="Variable Features">freq;1200.0,tr;3</data><data column="Performance">30643.32</data></row><row><data column="Variable Features">freq;1200.0,tr;4</data><data column="Performance">18536.43</data></row><row><data column="Variable Features">freq;1200.0,tr;5</data><data column="Performance">12610.63</data></row><row><data column="Variable Features">freq;1200.0,tr;6</data><data column="Performance">9543.27</data></row><row><data column="Variable Features">freq;1600.0,tr;1</data><data column="Performance">81929.18</data></row><row><data column="Variable Features">freq;1600.0,tr;2</data><data column="Performance">44698.78</data></row><row><data column="Variable Features">freq;1600.0,tr;3</data><data column="Performance">25597.54</data></row><row><data column="Variable Features">freq;1600.0,tr;4</data><data column="Performance">15895.04</data></row><row><data column="Variable Features">freq;1600.0,tr;5</data><data column="Performance">11173.3</data></row><row><data column="Variable Features">freq;1600.0,tr;6</data><data column="Performance">8642.56</data></row><row><data column="Variable Features">freq;1800.0,tr;1</data><data column="Performance">75211.12</data></row><row><data column="Variable Features">freq;1800.0,tr;2</data><data column="Performance">41971.0</data></row><row><data column="Variable Features">freq;1800.0,tr;3</data><data column="Performance">24066.46</data></row><row><data column="Variable Features">freq;1800.0,tr;4</data><data column="Performance">15198.87</data></row><row><data column="Variable Features">freq;1800.0,tr;5</data><data column="Performance">10963.47</data></row><row><data column="Variable Features">freq;1800.0,tr;6</data><data column="Performance">8489.99</data></row><row><data column="Variable Features">freq;2200.0,tr;1</data><data column="Performance">65732.3</data></row><row><data column="Variable Features">freq;2200.0,tr;2</data><data column="Performance">37426.98</data></row><row><data column="Variable Features">freq;2200.0,tr;3</data><data column="Performance">21962.46</data></row><row><data column="Variable Features">freq;2200.0,tr;4</data><data column="Performance">14270.82</data></row><row><data column="Variable Features">freq;2200.0,tr;5</data><data column="Performance">10764.12</data></row><row><data column="Variable Features">freq;2200.0,tr;6</data><data column="Performance">8496.9</data></row><row><data column="Variable Features">freq;2400.0,tr;1</data><data column="Performance">61958.6</data></row><row><data column="Variable Features">freq;2400.0,tr;2</data><data column="Performance">35817.03</data></row><row><data column="Variable Features">freq;2400.0,tr;3</data><data column="Performance">21353.57</data></row><row><data column="Variable Features">freq;2400.0,tr;4</data><data column="Performance">14089.52</data></row><row><data column="Variable Features">freq;2400.0,tr;5</data><data column="Performance">10833.02</data></row><row><data column="Variable Features">freq;2400.0,tr;6</data><data column="Performance">8634.19</data></row><row><data column="Variable Features">freq;2700.0,tr;1</data><data column="Performance">57879.0</data></row><row><data column="Variable Features">freq;2700.0,tr;2</data><data column="Performance">34264.69</data></row><row><data column="Variable Features">freq;2700.0,tr;3</data><data column="Performance">20914.97</data></row><row><data column="Variable Features">freq;2700.0,tr;4</data><data column="Performance">14125.39</data></row><row><data column="Variable Features">freq;2700.0,tr;5</data><data column="Performance">11237.45</data></row><row><data column="Variable Features">freq;2700.0,tr;6</data><data column="Performance">9011.03</data></row><row><data column="Variable Features">freq;3000.0,tr;1</data><data column="Performance">52035.34</data></row><row><data column="Variable Features">freq;3000.0,tr;2</data><data column="Performance">33940.55</data></row><row><data column="Variable Features">freq;3000.0,tr;3</data><data column="Performance">21927.44</data></row><row><data column="Variable Features">freq;3000.0,tr;4</data><data column="Performance">15695.26</data></row><row><data column="Variable Features">freq;3000.0,tr;5</data><data column="Performance">13123.77</data></row><row><data column="Variable Features">freq;3000.0,tr;6</data><data column="Performance">10782.07</data></row><row><data column="Variable Features">freq;1300.0,tr;1</data><data column="Performance">97451.69</data></row><row><data column="Variable Features">freq;1300.0,tr;2</data><data column="Performance">53349.57</data></row><row><data column="Variable Features">freq;1300.0,tr;3</data><data column="Performance">30302.4</data></row><row><data column="Variable Features">freq;1300.0,tr;4</data><data column="Performance">18724.2</data></row><row><data column="Variable Features">freq;1300.0,tr;5</data><data column="Performance">12909.85</data></row><row><data column="Variable Features">freq;1300.0,tr;6</data><data column="Performance">9755.46</data></row><row><data column="Variable Features">freq;1700.0,tr;1</data><data column="Performance">78528.75</data></row><row><data column="Variable Features">freq;1700.0,tr;2</data><data column="Performance">43114.3</data></row><row><data column="Variable Features">freq;1700.0,tr;3</data><data column="Performance">24777.81</data></row><row><data column="Variable Features">freq;1700.0,tr;4</data><data column="Performance">16472.34</data></row><row><data column="Variable Features">freq;1700.0,tr;5</data><data column="Performance">11566.34</data></row><row><data column="Variable Features">freq;1700.0,tr;6</data><data column="Performance">9049.77</data></row><row><data column="Variable Features">freq;1900.0,tr;1</data><data column="Performance">72673.65</data></row><row><data column="Variable Features">freq;1900.0,tr;2</data><data column="Performance">41271.59</data></row><row><data column="Variable Features">freq;1900.0,tr;3</data><data column="Performance">24910.48</data></row><row><data column="Variable Features">freq;1900.0,tr;4</data><data column="Performance">16146.4</data></row><row><data column="Variable Features">freq;1900.0,tr;5</data><data column="Performance">11842.79</data></row><row><data column="Variable Features">freq;1900.0,tr;6</data><data column="Performance">9299.24</data></row><row><data column="Variable Features">freq;2300.0,tr;1</data><data column="Performance">63985.68</data></row><row><data column="Variable Features">freq;2300.0,tr;2</data><data column="Performance">37287.97</data></row><row><data column="Variable Features">freq;2300.0,tr;3</data><data column="Performance">23046.41</data></row><row><data column="Variable Features">freq;2300.0,tr;4</data><data column="Performance">15433.67</data></row><row><data column="Variable Features">freq;2300.0,tr;5</data><data column="Performance">11815.93</data></row><row><data column="Variable Features">freq;2300.0,tr;6</data><data column="Performance">9395.55</data></row><row><data column="Variable Features">freq;2500.0,tr;1</data><data column="Performance">61010.19</data></row><row><data column="Variable Features">freq;2500.0,tr;2</data><data column="Performance">36227.85</data></row><row><data column="Variable Features">freq;2500.0,tr;3</data><data column="Performance">22521.92</data></row><row><data column="Variable Features">freq;2500.0,tr;4</data><data column="Performance">15308.73</data></row><row><data column="Variable Features">freq;2500.0,tr;5</data><data column="Performance">11990.67</data></row><row><data column="Variable Features">freq;2500.0,tr;6</data><data column="Performance">9610.61</data></row><row><data column="Variable Features">freq;2800.0,tr;1</data><data column="Performance">57073.36</data></row><row><data column="Variable Features">freq;2800.0,tr;2</data><data column="Performance">34632.1</data></row><row><data column="Variable Features">freq;2800.0,tr;3</data><data column="Performance">22193.61</data></row><row><data column="Variable Features">freq;2800.0,tr;4</data><data column="Performance">15500.07</data></row><row><data column="Variable Features">freq;2800.0,tr;5</data><data column="Performance">12479.56</data></row><row><data column="Variable Features">freq;2800.0,tr;6</data><data column="Performance">9159.07</data></row><row><data column="Variable Features">freq;1400.0,tr;1</data><data column="Performance">91740.19</data></row><row><data column="Variable Features">freq;1400.0,tr;2</data><data column="Performance">50503.93</data></row><row><data column="Variable Features">freq;1400.0,tr;3</data><data column="Performance">29043.91</data></row><row><data column="Variable Features">freq;1400.0,tr;4</data><data column="Performance">17988.37</data></row><row><data column="Variable Features">freq;1400.0,tr;5</data><data column="Performance">12521.2</data></row><row><data column="Variable Features">freq;1400.0,tr;6</data><data column="Performance">9646.03</data></row><row><data column="Variable Features">freq;2900.0,tr;1</data><data column="Performance">56343.6</data></row><row><data column="Variable Features">freq;2900.0,tr;2</data><data column="Performance">34077.35</data></row><row><data column="Variable Features">freq;2900.0,tr;3</data><data column="Performance">22202.0</data></row><row><data column="Variable Features">freq;2900.0,tr;4</data><data column="Performance">15695.14</data></row><row><data column="Variable Features">freq;2900.0,tr;5</data><data column="Performance">12810.37</data></row><row><data column="Variable Features">freq;2900.0,tr;6</data><data column="Performance">10457.65</data></row><row><data column="Variable Features">freq;2000.0,tr;1</data><data column="Performance">69740.34</data></row><row><data column="Variable Features">freq;2000.0,tr;2</data><data column="Performance">39235.12</data></row><row><data column="Variable Features">freq;2000.0,tr;3</data><data column="Performance">22860.42</data></row><row><data column="Variable Features">freq;2000.0,tr;4</data><data column="Performance">14658.13</data></row><row><data column="Variable Features">freq;2000.0,tr;5</data><data column="Performance">10754.95</data></row><row><data column="Variable Features">freq;2000.0,tr;6</data><data column="Performance">8420.09</data></row></results>