<results><row><data column="Variable Features">freq;1200.0,tr;1</data><data column="Performance">11905.73</data></row><row><data column="Variable Features">freq;1200.0,tr;2</data><data column="Performance">6357.27</data></row><row><data column="Variable Features">freq;1200.0,tr;3</data><data column="Performance">3653.4</data></row><row><data column="Variable Features">freq;1200.0,tr;4</data><data column="Performance">2185.76</data></row><row><data column="Variable Features">freq;1200.0,tr;5</data><data column="Performance">1445.31</data></row><row><data column="Variable Features">freq;1200.0,tr;6</data><data column="Performance">1447.77</data></row><row><data column="Variable Features">freq;1600.0,tr;1</data><data column="Performance">9358.22</data></row><row><data column="Variable Features">freq;1600.0,tr;2</data><data column="Performance">5121.6</data></row><row><data column="Variable Features">freq;1600.0,tr;3</data><data column="Performance">2948.74</data></row><row><data column="Variable Features">freq;1600.0,tr;4</data><data column="Performance">1734.55</data></row><row><data column="Variable Features">freq;1600.0,tr;5</data><data column="Performance">1246.99</data></row><row><data column="Variable Features">freq;1600.0,tr;6</data><data column="Performance">1284.1</data></row><row><data column="Variable Features">freq;1800.0,tr;1</data><data column="Performance">8535.11</data></row><row><data column="Variable Features">freq;1800.0,tr;2</data><data column="Performance">4725.13</data></row><row><data column="Variable Features">freq;1800.0,tr;3</data><data column="Performance">2691.61</data></row><row><data column="Variable Features">freq;1800.0,tr;4</data><data column="Performance">1641.64</data></row><row><data column="Variable Features">freq;1800.0,tr;5</data><data column="Performance">1179.42</data></row><row><data column="Variable Features">freq;1800.0,tr;6</data><data column="Performance">1169.21</data></row><row><data column="Variable Features">freq;2200.0,tr;1</data><data column="Performance">7417.02</data></row><row><data column="Variable Features">freq;2200.0,tr;2</data><data column="Performance">4068.67</data></row><row><data column="Variable Features">freq;2200.0,tr;3</data><data column="Performance">2400.53</data></row><row><data column="Variable Features">freq;2200.0,tr;4</data><data column="Performance">1505.75</data></row><row><data column="Variable Features">freq;2200.0,tr;5</data><data column="Performance">959.9</data></row><row><data column="Variable Features">freq;2200.0,tr;6</data><data column="Performance">960.63</data></row><row><data column="Variable Features">freq;2400.0,tr;1</data><data column="Performance">7776.95</data></row><row><data column="Variable Features">freq;2400.0,tr;2</data><data column="Performance">4330.77</data></row><row><data column="Variable Features">freq;2400.0,tr;3</data><data column="Performance">2557.29</data></row><row><data column="Variable Features">freq;2400.0,tr;4</data><data column="Performance">1683.62</data></row><row><data column="Variable Features">freq;2400.0,tr;5</data><data column="Performance">996.78</data></row><row><data column="Variable Features">freq;2400.0,tr;6</data><data column="Performance">997.9</data></row><row><data column="Variable Features">freq;2700.0,tr;1</data><data column="Performance">7625.56</data></row><row><data column="Variable Features">freq;2700.0,tr;2</data><data column="Performance">4323.18</data></row><row><data column="Variable Features">freq;2700.0,tr;3</data><data column="Performance">2576.84</data></row><row><data column="Variable Features">freq;2700.0,tr;4</data><data column="Performance">1740.3</data></row><row><data column="Variable Features">freq;2700.0,tr;5</data><data column="Performance">1177.8</data></row><row><data column="Variable Features">freq;2700.0,tr;6</data><data column="Performance">1171.2</data></row><row><data column="Variable Features">freq;3000.0,tr;1</data><data column="Performance">7524.18</data></row><row><data column="Variable Features">freq;3000.0,tr;2</data><data column="Performance">4394.09</data></row><row><data column="Variable Features">freq;3000.0,tr;3</data><data column="Performance">2752.95</data></row><row><data column="Variable Features">freq;3000.0,tr;4</data><data column="Performance">1957.81</data></row><row><data column="Variable Features">freq;3000.0,tr;5</data><data column="Performance">1353.32</data></row><row><data column="Variable Features">freq;3000.0,tr;6</data><data column="Performance">1354.86</data></row><row><data column="Variable Features">freq;1300.0,tr;1</data><data column="Performance">11436.99</data></row><row><data column="Variable Features">freq;1300.0,tr;2</data><data column="Performance">6153.17</data></row><row><data column="Variable Features">freq;1300.0,tr;3</data><data column="Performance">3560.54</data></row><row><data column="Variable Features">freq;1300.0,tr;4</data><data column="Performance">2058.04</data></row><row><data column="Variable Features">freq;1300.0,tr;5</data><data column="Performance">1343.93</data></row><row><data column="Variable Features">freq;1300.0,tr;6</data><data column="Performance">1337.6</data></row><row><data column="Variable Features">freq;1700.0,tr;1</data><data column="Performance">9972.62</data></row><row><data column="Variable Features">freq;1700.0,tr;2</data><data column="Performance">5470.44</data></row><row><data column="Variable Features">freq;1700.0,tr;3</data><data column="Performance">3086.1</data></row><row><data column="Variable Features">freq;1700.0,tr;4</data><data column="Performance">1932.83</data></row><row><data column="Variable Features">freq;1700.0,tr;5</data><data column="Performance">1193.92</data></row><row><data column="Variable Features">freq;1700.0,tr;6</data><data column="Performance">1197.05</data></row><row><data column="Variable Features">freq;1900.0,tr;1</data><data column="Performance">9282.05</data></row><row><data column="Variable Features">freq;1900.0,tr;2</data><data column="Performance">5101.49</data></row><row><data column="Variable Features">freq;1900.0,tr;3</data><data column="Performance">2923.48</data></row><row><data column="Variable Features">freq;1900.0,tr;4</data><data column="Performance">1839.18</data></row><row><data column="Variable Features">freq;1900.0,tr;5</data><data column="Performance">1168.5</data></row><row><data column="Variable Features">freq;1900.0,tr;6</data><data column="Performance">1168.81</data></row><row><data column="Variable Features">freq;2300.0,tr;1</data><data column="Performance">8303.5</data></row><row><data column="Variable Features">freq;2300.0,tr;2</data><data column="Performance">4696.21</data></row><row><data column="Variable Features">freq;2300.0,tr;3</data><data column="Performance">2718.65</data></row><row><data column="Variable Features">freq;2300.0,tr;4</data><data column="Performance">1764.25</data></row><row><data column="Variable Features">freq;2300.0,tr;5</data><data column="Performance">1185.31</data></row><row><data column="Variable Features">freq;2300.0,tr;6</data><data column="Performance">1183.69</data></row><row><data column="Variable Features">freq;2500.0,tr;1</data><data column="Performance">7992.19</data></row><row><data column="Variable Features">freq;2500.0,tr;2</data><data column="Performance">4467.5</data></row><row><data column="Variable Features">freq;2500.0,tr;3</data><data column="Performance">2689.82</data></row><row><data column="Variable Features">freq;2500.0,tr;4</data><data column="Performance">1767.21</data></row><row><data column="Variable Features">freq;2500.0,tr;5</data><data column="Performance">1167.92</data></row><row><data column="Variable Features">freq;2500.0,tr;6</data><data column="Performance">1167.63</data></row><row><data column="Variable Features">freq;2800.0,tr;1</data><data column="Performance">7629.56</data></row><row><data column="Variable Features">freq;2800.0,tr;2</data><data column="Performance">3620.33</data></row><row><data column="Variable Features">freq;2800.0,tr;3</data><data column="Performance">2618.29</data></row><row><data column="Variable Features">freq;2800.0,tr;4</data><data column="Performance">1791.34</data></row><row><data column="Variable Features">freq;2800.0,tr;5</data><data column="Performance">1122.45</data></row><row><data column="Variable Features">freq;2800.0,tr;6</data><data column="Performance">1000.21</data></row><row><data column="Variable Features">freq;1400.0,tr;1</data><data column="Performance">11441.74</data></row><row><data column="Variable Features">freq;1400.0,tr;2</data><data column="Performance">6090.69</data></row><row><data column="Variable Features">freq;1400.0,tr;3</data><data column="Performance">3561.9</data></row><row><data column="Variable Features">freq;1400.0,tr;4</data><data column="Performance">2101.73</data></row><row><data column="Variable Features">freq;1400.0,tr;5</data><data column="Performance">1300.41</data></row><row><data column="Variable Features">freq;1400.0,tr;6</data><data column="Performance">1296.96</data></row><row><data column="Variable Features">freq;2900.0,tr;1</data><data column="Performance">6288.44</data></row><row><data column="Variable Features">freq;2900.0,tr;2</data><data column="Performance">3515.17</data></row><row><data column="Variable Features">freq;2900.0,tr;3</data><data column="Performance">2201.96</data></row><row><data column="Variable Features">freq;2900.0,tr;4</data><data column="Performance">1458.76</data></row><row><data column="Variable Features">freq;2900.0,tr;5</data><data column="Performance">1021.69</data></row><row><data column="Variable Features">freq;2900.0,tr;6</data><data column="Performance">1026.1</data></row><row><data column="Variable Features">freq;2000.0,tr;1</data><data column="Performance">8167.59</data></row><row><data column="Variable Features">freq;2000.0,tr;2</data><data column="Performance">4567.07</data></row><row><data column="Variable Features">freq;2000.0,tr;3</data><data column="Performance">2632.77</data></row><row><data column="Variable Features">freq;2000.0,tr;4</data><data column="Performance">1635.02</data></row><row><data column="Variable Features">freq;2000.0,tr;5</data><data column="Performance">1120.8</data></row><row><data column="Variable Features">freq;2000.0,tr;6</data><data column="Performance">1127.74</data></row></results>