<results><row><data column="Variable Features">freq;1200.0,tr;1</data><data column="Performance">1245.82</data></row><row><data column="Variable Features">freq;1200.0,tr;2</data><data column="Performance">676.05</data></row><row><data column="Variable Features">freq;1200.0,tr;3</data><data column="Performance">379.45</data></row><row><data column="Variable Features">freq;1200.0,tr;4</data><data column="Performance">227.6</data></row><row><data column="Variable Features">freq;1200.0,tr;5</data><data column="Performance">146.94</data></row><row><data column="Variable Features">freq;1200.0,tr;6</data><data column="Performance">146.16</data></row><row><data column="Variable Features">freq;1600.0,tr;1</data><data column="Performance">965.18</data></row><row><data column="Variable Features">freq;1600.0,tr;2</data><data column="Performance">536.91</data></row><row><data column="Variable Features">freq;1600.0,tr;3</data><data column="Performance">307.93</data></row><row><data column="Variable Features">freq;1600.0,tr;4</data><data column="Performance">186.59</data></row><row><data column="Variable Features">freq;1600.0,tr;5</data><data column="Performance">127.68</data></row><row><data column="Variable Features">freq;1600.0,tr;6</data><data column="Performance">127.2</data></row><row><data column="Variable Features">freq;1800.0,tr;1</data><data column="Performance">873.62</data></row><row><data column="Variable Features">freq;1800.0,tr;2</data><data column="Performance">489.56</data></row><row><data column="Variable Features">freq;1800.0,tr;3</data><data column="Performance">283.25</data></row><row><data column="Variable Features">freq;1800.0,tr;4</data><data column="Performance">172.87</data></row><row><data column="Variable Features">freq;1800.0,tr;5</data><data column="Performance">107.93</data></row><row><data column="Variable Features">freq;1800.0,tr;6</data><data column="Performance">107.85</data></row><row><data column="Variable Features">freq;2200.0,tr;1</data><data column="Performance">749.08</data></row><row><data column="Variable Features">freq;2200.0,tr;2</data><data column="Performance">421.57</data></row><row><data column="Variable Features">freq;2200.0,tr;3</data><data column="Performance">247.56</data></row><row><data column="Variable Features">freq;2200.0,tr;4</data><data column="Performance">160.35</data></row><row><data column="Variable Features">freq;2200.0,tr;5</data><data column="Performance">115.67</data></row><row><data column="Variable Features">freq;2200.0,tr;6</data><data column="Performance">117.37</data></row><row><data column="Variable Features">freq;2400.0,tr;1</data><data column="Performance">698.77</data></row><row><data column="Variable Features">freq;2400.0,tr;2</data><data column="Performance">391.87</data></row><row><data column="Variable Features">freq;2400.0,tr;3</data><data column="Performance">242.21</data></row><row><data column="Variable Features">freq;2400.0,tr;4</data><data column="Performance">152.34</data></row><row><data column="Variable Features">freq;2400.0,tr;5</data><data column="Performance">113.55</data></row><row><data column="Variable Features">freq;2400.0,tr;6</data><data column="Performance">114.31</data></row><row><data column="Variable Features">freq;2700.0,tr;1</data><data column="Performance">652.63</data></row><row><data column="Variable Features">freq;2700.0,tr;2</data><data column="Performance">385.01</data></row><row><data column="Variable Features">freq;2700.0,tr;3</data><data column="Performance">236.14</data></row><row><data column="Variable Features">freq;2700.0,tr;4</data><data column="Performance">160.36</data></row><row><data column="Variable Features">freq;2700.0,tr;5</data><data column="Performance">118.59</data></row><row><data column="Variable Features">freq;2700.0,tr;6</data><data column="Performance">124.47</data></row><row><data column="Variable Features">freq;3000.0,tr;1</data><data column="Performance">601.6</data></row><row><data column="Variable Features">freq;3000.0,tr;2</data><data column="Performance">384.56</data></row><row><data column="Variable Features">freq;3000.0,tr;3</data><data column="Performance">254.49</data></row><row><data column="Variable Features">freq;3000.0,tr;4</data><data column="Performance">180.3</data></row><row><data column="Variable Features">freq;3000.0,tr;5</data><data column="Performance">138.46</data></row><row><data column="Variable Features">freq;3000.0,tr;6</data><data column="Performance">139.35</data></row><row><data column="Variable Features">freq;1300.0,tr;1</data><data column="Performance">1156.99</data></row><row><data column="Variable Features">freq;1300.0,tr;2</data><data column="Performance">627.56</data></row><row><data column="Variable Features">freq;1300.0,tr;3</data><data column="Performance">356.96</data></row><row><data column="Variable Features">freq;1300.0,tr;4</data><data column="Performance">215.12</data></row><row><data column="Variable Features">freq;1300.0,tr;5</data><data column="Performance">145.48</data></row><row><data column="Variable Features">freq;1300.0,tr;6</data><data column="Performance">147.74</data></row><row><data column="Variable Features">freq;1700.0,tr;1</data><data column="Performance">930.98</data></row><row><data column="Variable Features">freq;1700.0,tr;2</data><data column="Performance">534.2</data></row><row><data column="Variable Features">freq;1700.0,tr;3</data><data column="Performance">315.3</data></row><row><data column="Variable Features">freq;1700.0,tr;4</data><data column="Performance">196.15</data></row><row><data column="Variable Features">freq;1700.0,tr;5</data><data column="Performance">131.03</data></row><row><data column="Variable Features">freq;1700.0,tr;6</data><data column="Performance">129.95</data></row><row><data column="Variable Features">freq;1900.0,tr;1</data><data column="Performance">851.18</data></row><row><data column="Variable Features">freq;1900.0,tr;2</data><data column="Performance">491.94</data></row><row><data column="Variable Features">freq;1900.0,tr;3</data><data column="Performance">300.36</data></row><row><data column="Variable Features">freq;1900.0,tr;4</data><data column="Performance">188.69</data></row><row><data column="Variable Features">freq;1900.0,tr;5</data><data column="Performance">120.58</data></row><row><data column="Variable Features">freq;1900.0,tr;6</data><data column="Performance">122.03</data></row><row><data column="Variable Features">freq;2300.0,tr;1</data><data column="Performance">742.59</data></row><row><data column="Variable Features">freq;2300.0,tr;2</data><data column="Performance">436.47</data></row><row><data column="Variable Features">freq;2300.0,tr;3</data><data column="Performance">268.07</data></row><row><data column="Variable Features">freq;2300.0,tr;4</data><data column="Performance">177.29</data></row><row><data column="Variable Features">freq;2300.0,tr;5</data><data column="Performance">115.87</data></row><row><data column="Variable Features">freq;2300.0,tr;6</data><data column="Performance">117.24</data></row><row><data column="Variable Features">freq;2500.0,tr;1</data><data column="Performance">697.72</data></row><row><data column="Variable Features">freq;2500.0,tr;2</data><data column="Performance">411.6</data></row><row><data column="Variable Features">freq;2500.0,tr;3</data><data column="Performance">258.29</data></row><row><data column="Variable Features">freq;2500.0,tr;4</data><data column="Performance">173.77</data></row><row><data column="Variable Features">freq;2500.0,tr;5</data><data column="Performance">119.83</data></row><row><data column="Variable Features">freq;2500.0,tr;6</data><data column="Performance">117.4</data></row><row><data column="Variable Features">freq;2800.0,tr;1</data><data column="Performance">655.45</data></row><row><data column="Variable Features">freq;2800.0,tr;2</data><data column="Performance">397.98</data></row><row><data column="Variable Features">freq;2800.0,tr;3</data><data column="Performance">252.59</data></row><row><data column="Variable Features">freq;2800.0,tr;4</data><data column="Performance">177.15</data></row><row><data column="Variable Features">freq;2800.0,tr;5</data><data column="Performance">117.97</data></row><row><data column="Variable Features">freq;2800.0,tr;6</data><data column="Performance">119.77</data></row><row><data column="Variable Features">freq;1400.0,tr;1</data><data column="Performance">1098.78</data></row><row><data column="Variable Features">freq;1400.0,tr;2</data><data column="Performance">613.62</data></row><row><data column="Variable Features">freq;1400.0,tr;3</data><data column="Performance">364.31</data></row><row><data column="Variable Features">freq;1400.0,tr;4</data><data column="Performance">214.13</data></row><row><data column="Variable Features">freq;1400.0,tr;5</data><data column="Performance">135.76</data></row><row><data column="Variable Features">freq;1400.0,tr;6</data><data column="Performance">134.2</data></row><row><data column="Variable Features">freq;2900.0,tr;1</data><data column="Performance">615.56</data></row><row><data column="Variable Features">freq;2900.0,tr;2</data><data column="Performance">356.39</data></row><row><data column="Variable Features">freq;2900.0,tr;3</data><data column="Performance">220.58</data></row><row><data column="Variable Features">freq;2900.0,tr;4</data><data column="Performance">146.93</data></row><row><data column="Variable Features">freq;2900.0,tr;5</data><data column="Performance">121.37</data></row><row><data column="Variable Features">freq;2900.0,tr;6</data><data column="Performance">120.03</data></row><row><data column="Variable Features">freq;2000.0,tr;1</data><data column="Performance">810.37</data></row><row><data column="Variable Features">freq;2000.0,tr;2</data><data column="Performance">454.11</data></row><row><data column="Variable Features">freq;2000.0,tr;3</data><data column="Performance">265.68</data></row><row><data column="Variable Features">freq;2000.0,tr;4</data><data column="Performance">163.06</data></row><row><data column="Variable Features">freq;2000.0,tr;5</data><data column="Performance">117.54</data></row><row><data column="Variable Features">freq;2000.0,tr;6</data><data column="Performance">118.93</data></row></results>