<results><row><data column="Variable Features">freq;1200.0,tr;1</data><data column="Performance">6209.17</data></row><row><data column="Variable Features">freq;1200.0,tr;2</data><data column="Performance">3193.54</data></row><row><data column="Variable Features">freq;1200.0,tr;3</data><data column="Performance">1750.54</data></row><row><data column="Variable Features">freq;1200.0,tr;4</data><data column="Performance">976.92</data></row><row><data column="Variable Features">freq;1200.0,tr;5</data><data column="Performance">637.14</data></row><row><data column="Variable Features">freq;1200.0,tr;6</data><data column="Performance">489.9</data></row><row><data column="Variable Features">freq;1300.0,tr;1</data><data column="Performance">5772.76</data></row><row><data column="Variable Features">freq;1300.0,tr;2</data><data column="Performance">3002.77</data></row><row><data column="Variable Features">freq;1300.0,tr;3</data><data column="Performance">1673.84</data></row><row><data column="Variable Features">freq;1300.0,tr;4</data><data column="Performance">923.72</data></row><row><data column="Variable Features">freq;1300.0,tr;5</data><data column="Performance">604.3</data></row><row><data column="Variable Features">freq;1300.0,tr;6</data><data column="Performance">468.88</data></row><row><data column="Variable Features">freq;1400.0,tr;1</data><data column="Performance">5426.37</data></row><row><data column="Variable Features">freq;1400.0,tr;2</data><data column="Performance">2824.13</data></row><row><data column="Variable Features">freq;1400.0,tr;3</data><data column="Performance">1563.06</data></row><row><data column="Variable Features">freq;1400.0,tr;4</data><data column="Performance">886.07</data></row><row><data column="Variable Features">freq;1400.0,tr;5</data><data column="Performance">585.73</data></row><row><data column="Variable Features">freq;1400.0,tr;6</data><data column="Performance">453.53</data></row><row><data column="Variable Features">freq;1600.0,tr;1</data><data column="Performance">4865.95</data></row><row><data column="Variable Features">freq;1600.0,tr;2</data><data column="Performance">2524.72</data></row><row><data column="Variable Features">freq;1600.0,tr;3</data><data column="Performance">1417.9</data></row><row><data column="Variable Features">freq;1600.0,tr;4</data><data column="Performance">805.9</data></row><row><data column="Variable Features">freq;1600.0,tr;5</data><data column="Performance">546.83</data></row><row><data column="Variable Features">freq;1600.0,tr;6</data><data column="Performance">425.75</data></row><row><data column="Variable Features">freq;1800.0,tr;1</data><data column="Performance">4362.75</data></row><row><data column="Variable Features">freq;1800.0,tr;2</data><data column="Performance">2312.17</data></row><row><data column="Variable Features">freq;1800.0,tr;3</data><data column="Performance">1308.3</data></row><row><data column="Variable Features">freq;1800.0,tr;4</data><data column="Performance">768.08</data></row><row><data column="Variable Features">freq;1800.0,tr;5</data><data column="Performance">522.09</data></row><row><data column="Variable Features">freq;1800.0,tr;6</data><data column="Performance">412.88</data></row><row><data column="Variable Features">freq;2200.0,tr;1</data><data column="Performance">3724.94</data></row><row><data column="Variable Features">freq;2200.0,tr;2</data><data column="Performance">2026.8</data></row><row><data column="Variable Features">freq;2200.0,tr;3</data><data column="Performance">1162.03</data></row><row><data column="Variable Features">freq;2200.0,tr;4</data><data column="Performance">701.87</data></row><row><data column="Variable Features">freq;2200.0,tr;5</data><data column="Performance">499.45</data></row><row><data column="Variable Features">freq;2200.0,tr;6</data><data column="Performance">399.76</data></row><row><data column="Variable Features">freq;2400.0,tr;1</data><data column="Performance">3529.37</data></row><row><data column="Variable Features">freq;2400.0,tr;2</data><data column="Performance">1966.03</data></row><row><data column="Variable Features">freq;2400.0,tr;3</data><data column="Performance">1119.27</data></row><row><data column="Variable Features">freq;2400.0,tr;4</data><data column="Performance">688.79</data></row><row><data column="Variable Features">freq;2400.0,tr;5</data><data column="Performance">499.24</data></row><row><data column="Variable Features">freq;2400.0,tr;6</data><data column="Performance">402.31</data></row><row><data column="Variable Features">freq;2700.0,tr;1</data><data column="Performance">3208.79</data></row><row><data column="Variable Features">freq;2700.0,tr;2</data><data column="Performance">1824.51</data></row><row><data column="Variable Features">freq;2700.0,tr;3</data><data column="Performance">1072.58</data></row><row><data column="Variable Features">freq;2700.0,tr;4</data><data column="Performance">671.22</data></row><row><data column="Variable Features">freq;2700.0,tr;5</data><data column="Performance">502.11</data></row><row><data column="Variable Features">freq;2700.0,tr;6</data><data column="Performance">408.09</data></row><row><data column="Variable Features">freq;3000.0,tr;1</data><data column="Performance">2844.24</data></row><row><data column="Variable Features">freq;3000.0,tr;2</data><data column="Performance">1798.68</data></row><row><data column="Variable Features">freq;3000.0,tr;3</data><data column="Performance">1119.24</data></row><row><data column="Variable Features">freq;3000.0,tr;4</data><data column="Performance">737.08</data></row><row><data column="Variable Features">freq;3000.0,tr;5</data><data column="Performance">571.45</data></row><row><data column="Variable Features">freq;3000.0,tr;6</data><data column="Performance">468.63</data></row><row><data column="Variable Features">freq;1700.0,tr;1</data><data column="Performance">4577.18</data></row><row><data column="Variable Features">freq;1700.0,tr;2</data><data column="Performance">2408.89</data></row><row><data column="Variable Features">freq;1700.0,tr;3</data><data column="Performance">1360.24</data></row><row><data column="Variable Features">freq;1700.0,tr;4</data><data column="Performance">775.72</data></row><row><data column="Variable Features">freq;1700.0,tr;5</data><data column="Performance">531.32</data></row><row><data column="Variable Features">freq;1700.0,tr;6</data><data column="Performance">418.34</data></row><row><data column="Variable Features">freq;1900.0,tr;1</data><data column="Performance">4219.51</data></row><row><data column="Variable Features">freq;1900.0,tr;2</data><data column="Performance">2233.46</data></row><row><data column="Variable Features">freq;1900.0,tr;3</data><data column="Performance">1266.0</data></row><row><data column="Variable Features">freq;1900.0,tr;4</data><data column="Performance">745.84</data></row><row><data column="Variable Features">freq;1900.0,tr;5</data><data column="Performance">532.81</data></row><row><data column="Variable Features">freq;1900.0,tr;6</data><data column="Performance">422.75</data></row><row><data column="Variable Features">freq;2300.0,tr;1</data><data column="Performance">3663.84</data></row><row><data column="Variable Features">freq;2300.0,tr;2</data><data column="Performance">1972.42</data></row><row><data column="Variable Features">freq;2300.0,tr;3</data><data column="Performance">1148.34</data></row><row><data column="Variable Features">freq;2300.0,tr;4</data><data column="Performance">702.15</data></row><row><data column="Variable Features">freq;2300.0,tr;5</data><data column="Performance">513.93</data></row><row><data column="Variable Features">freq;2300.0,tr;6</data><data column="Performance">417.58</data></row><row><data column="Variable Features">freq;2500.0,tr;1</data><data column="Performance">3437.2</data></row><row><data column="Variable Features">freq;2500.0,tr;2</data><data column="Performance">1912.92</data></row><row><data column="Variable Features">freq;2500.0,tr;3</data><data column="Performance">1116.26</data></row><row><data column="Variable Features">freq;2500.0,tr;4</data><data column="Performance">691.87</data></row><row><data column="Variable Features">freq;2500.0,tr;5</data><data column="Performance">505.63</data></row><row><data column="Variable Features">freq;2500.0,tr;6</data><data column="Performance">411.43</data></row><row><data column="Variable Features">freq;2800.0,tr;1</data><data column="Performance">3168.19</data></row><row><data column="Variable Features">freq;2800.0,tr;2</data><data column="Performance">1812.86</data></row><row><data column="Variable Features">freq;2800.0,tr;3</data><data column="Performance">1081.17</data></row><row><data column="Variable Features">freq;2800.0,tr;4</data><data column="Performance">685.67</data></row><row><data column="Variable Features">freq;2800.0,tr;5</data><data column="Performance">523.25</data></row><row><data column="Variable Features">freq;2800.0,tr;6</data><data column="Performance">438.24</data></row><row><data column="Variable Features">freq;2900.0,tr;1</data><data column="Performance">3119.43</data></row><row><data column="Variable Features">freq;2900.0,tr;2</data><data column="Performance">1766.86</data></row><row><data column="Variable Features">freq;2900.0,tr;3</data><data column="Performance">1073.44</data></row><row><data column="Variable Features">freq;2900.0,tr;4</data><data column="Performance">685.85</data></row><row><data column="Variable Features">freq;2900.0,tr;5</data><data column="Performance">534.96</data></row><row><data column="Variable Features">freq;2900.0,tr;6</data><data column="Performance">447.06</data></row><row><data column="Variable Features">freq;2000.0,tr;1</data><data column="Performance">4044.95</data></row><row><data column="Variable Features">freq;2000.0,tr;2</data><data column="Performance">2158.46</data></row><row><data column="Variable Features">freq;2000.0,tr;3</data><data column="Performance">1233.47</data></row><row><data column="Variable Features">freq;2000.0,tr;4</data><data column="Performance">734.51</data></row><row><data column="Variable Features">freq;2000.0,tr;5</data><data column="Performance">512.55</data></row><row><data column="Variable Features">freq;2000.0,tr;6</data><data column="Performance">406.15</data></row></results>