<results><row><data column="Variable Features">freq;1200.0,tr;1</data><data column="Performance">65882.59</data></row><row><data column="Variable Features">freq;1200.0,tr;2</data><data column="Performance">37176.27</data></row><row><data column="Variable Features">freq;1200.0,tr;3</data><data column="Performance">20548.87</data></row><row><data column="Variable Features">freq;1200.0,tr;4</data><data column="Performance">11836.82</data></row><row><data column="Variable Features">freq;1200.0,tr;5</data><data column="Performance">28736.03</data></row><row><data column="Variable Features">freq;1200.0,tr;6</data><data column="Performance">28686.06</data></row><row><data column="Variable Features">freq;1600.0,tr;1</data><data column="Performance">51383.72</data></row><row><data column="Variable Features">freq;1600.0,tr;2</data><data column="Performance">29529.6</data></row><row><data column="Variable Features">freq;1600.0,tr;3</data><data column="Performance">16526.6</data></row><row><data column="Variable Features">freq;1600.0,tr;4</data><data column="Performance">11080.46</data></row><row><data column="Variable Features">freq;1600.0,tr;5</data><data column="Performance">20604.02</data></row><row><data column="Variable Features">freq;1600.0,tr;6</data><data column="Performance">10835.1</data></row><row><data column="Variable Features">freq;1800.0,tr;1</data><data column="Performance">46690.4</data></row><row><data column="Variable Features">freq;1800.0,tr;2</data><data column="Performance">27068.29</data></row><row><data column="Variable Features">freq;1800.0,tr;3</data><data column="Performance">15312.67</data></row><row><data column="Variable Features">freq;1800.0,tr;4</data><data column="Performance">9316.24</data></row><row><data column="Variable Features">freq;1800.0,tr;5</data><data column="Performance">17915.27</data></row><row><data column="Variable Features">freq;1800.0,tr;6</data><data column="Performance">21175.59</data></row><row><data column="Variable Features">freq;2200.0,tr;1</data><data column="Performance">40380.44</data></row><row><data column="Variable Features">freq;2200.0,tr;2</data><data column="Performance">23422.47</data></row><row><data column="Variable Features">freq;2200.0,tr;3</data><data column="Performance">13598.17</data></row><row><data column="Variable Features">freq;2200.0,tr;4</data><data column="Performance">8638.37</data></row><row><data column="Variable Features">freq;2200.0,tr;5</data><data column="Performance">16658.14</data></row><row><data column="Variable Features">freq;2200.0,tr;6</data><data column="Performance">14373.85</data></row><row><data column="Variable Features">freq;2400.0,tr;1</data><data column="Performance">37825.21</data></row><row><data column="Variable Features">freq;2400.0,tr;2</data><data column="Performance">22080.16</data></row><row><data column="Variable Features">freq;2400.0,tr;3</data><data column="Performance">12951.24</data></row><row><data column="Variable Features">freq;2400.0,tr;4</data><data column="Performance">10327.36</data></row><row><data column="Variable Features">freq;2400.0,tr;5</data><data column="Performance">13287.99</data></row><row><data column="Variable Features">freq;2400.0,tr;6</data><data column="Performance">16345.99</data></row><row><data column="Variable Features">freq;2700.0,tr;1</data><data column="Performance">35019.03</data></row><row><data column="Variable Features">freq;2700.0,tr;2</data><data column="Performance">20698.06</data></row><row><data column="Variable Features">freq;2700.0,tr;3</data><data column="Performance">12363.34</data></row><row><data column="Variable Features">freq;2700.0,tr;4</data><data column="Performance">11002.13</data></row><row><data column="Variable Features">freq;2700.0,tr;5</data><data column="Performance">15463.65</data></row><row><data column="Variable Features">freq;2700.0,tr;6</data><data column="Performance">16250.61</data></row><row><data column="Variable Features">freq;3000.0,tr;1</data><data column="Performance">34717.76</data></row><row><data column="Variable Features">freq;3000.0,tr;2</data><data column="Performance">21670.59</data></row><row><data column="Variable Features">freq;3000.0,tr;3</data><data column="Performance">13707.67</data></row><row><data column="Variable Features">freq;3000.0,tr;4</data><data column="Performance">16126.16</data></row><row><data column="Variable Features">freq;3000.0,tr;5</data><data column="Performance">21679.46</data></row><row><data column="Variable Features">freq;3000.0,tr;6</data><data column="Performance">20561.21</data></row><row><data column="Variable Features">freq;1300.0,tr;1</data><data column="Performance">65204.29</data></row><row><data column="Variable Features">freq;1300.0,tr;2</data><data column="Performance">36921.78</data></row><row><data column="Variable Features">freq;1300.0,tr;3</data><data column="Performance">20532.97</data></row><row><data column="Variable Features">freq;1300.0,tr;4</data><data column="Performance">15652.48</data></row><row><data column="Variable Features">freq;1300.0,tr;5</data><data column="Performance">22963.59</data></row><row><data column="Variable Features">freq;1300.0,tr;6</data><data column="Performance">18639.3</data></row><row><data column="Variable Features">freq;1700.0,tr;1</data><data column="Performance">52447.2</data></row><row><data column="Variable Features">freq;1700.0,tr;2</data><data column="Performance">30398.91</data></row><row><data column="Variable Features">freq;1700.0,tr;3</data><data column="Performance">17117.64</data></row><row><data column="Variable Features">freq;1700.0,tr;4</data><data column="Performance">10250.34</data></row><row><data column="Variable Features">freq;1700.0,tr;5</data><data column="Performance">11109.42</data></row><row><data column="Variable Features">freq;1700.0,tr;6</data><data column="Performance">14725.01</data></row><row><data column="Variable Features">freq;1900.0,tr;1</data><data column="Performance">48407.46</data></row><row><data column="Variable Features">freq;1900.0,tr;2</data><data column="Performance">28245.33</data></row><row><data column="Variable Features">freq;1900.0,tr;3</data><data column="Performance">16097.14</data></row><row><data column="Variable Features">freq;1900.0,tr;4</data><data column="Performance">9797.01</data></row><row><data column="Variable Features">freq;1900.0,tr;5</data><data column="Performance">13746.54</data></row><row><data column="Variable Features">freq;1900.0,tr;6</data><data column="Performance">13522.38</data></row><row><data column="Variable Features">freq;2300.0,tr;1</data><data column="Performance">42410.8</data></row><row><data column="Variable Features">freq;2300.0,tr;2</data><data column="Performance">24861.65</data></row><row><data column="Variable Features">freq;2300.0,tr;3</data><data column="Performance">14461.43</data></row><row><data column="Variable Features">freq;2300.0,tr;4</data><data column="Performance">9207.83</data></row><row><data column="Variable Features">freq;2300.0,tr;5</data><data column="Performance">9794.26</data></row><row><data column="Variable Features">freq;2300.0,tr;6</data><data column="Performance">14014.8</data></row><row><data column="Variable Features">freq;2500.0,tr;1</data><data column="Performance">40220.94</data></row><row><data column="Variable Features">freq;2500.0,tr;2</data><data column="Performance">23837.47</data></row><row><data column="Variable Features">freq;2500.0,tr;3</data><data column="Performance">14106.2</data></row><row><data column="Variable Features">freq;2500.0,tr;4</data><data column="Performance">9189.58</data></row><row><data column="Variable Features">freq;2500.0,tr;5</data><data column="Performance">20808.8</data></row><row><data column="Variable Features">freq;2500.0,tr;6</data><data column="Performance">15883.77</data></row><row><data column="Variable Features">freq;2800.0,tr;1</data><data column="Performance">37650.66</data></row><row><data column="Variable Features">freq;2800.0,tr;2</data><data column="Performance">22472.75</data></row><row><data column="Variable Features">freq;2800.0,tr;3</data><data column="Performance">13562.21</data></row><row><data column="Variable Features">freq;2800.0,tr;4</data><data column="Performance">12709.17</data></row><row><data column="Variable Features">freq;2800.0,tr;5</data><data column="Performance">19141.4</data></row><row><data column="Variable Features">freq;2800.0,tr;6</data><data column="Performance">18188.28</data></row><row><data column="Variable Features">freq;1400.0,tr;1</data><data column="Performance">61355.6</data></row><row><data column="Variable Features">freq;1400.0,tr;2</data><data column="Performance">34847.47</data></row><row><data column="Variable Features">freq;1400.0,tr;3</data><data column="Performance">19472.73</data></row><row><data column="Variable Features">freq;1400.0,tr;4</data><data column="Performance">12214.67</data></row><row><data column="Variable Features">freq;1400.0,tr;5</data><data column="Performance">23794.28</data></row><row><data column="Variable Features">freq;1400.0,tr;6</data><data column="Performance">19216.25</data></row><row><data column="Variable Features">freq;2900.0,tr;1</data><data column="Performance">37086.63</data></row><row><data column="Variable Features">freq;2900.0,tr;2</data><data column="Performance">22178.11</data></row><row><data column="Variable Features">freq;2900.0,tr;3</data><data column="Performance">13458.36</data></row><row><data column="Variable Features">freq;2900.0,tr;4</data><data column="Performance">11272.88</data></row><row><data column="Variable Features">freq;2900.0,tr;5</data><data column="Performance">18779.76</data></row><row><data column="Variable Features">freq;2900.0,tr;6</data><data column="Performance">19377.53</data></row><row><data column="Variable Features">freq;2000.0,tr;1</data><data column="Performance">43420.46</data></row><row><data column="Variable Features">freq;2000.0,tr;2</data><data column="Performance">25016.38</data></row><row><data column="Variable Features">freq;2000.0,tr;3</data><data column="Performance">14327.27</data></row><row><data column="Variable Features">freq;2000.0,tr;4</data><data column="Performance">10875.19</data></row><row><data column="Variable Features">freq;2000.0,tr;5</data><data column="Performance">25687.46</data></row><row><data column="Variable Features">freq;2000.0,tr;6</data><data column="Performance">11698.45</data></row></results>