<results><row><data column="Variable Features">freq;1200.0,tr;1</data><data column="Performance">19470.06</data></row><row><data column="Variable Features">freq;1200.0,tr;2</data><data column="Performance">10121.43</data></row><row><data column="Variable Features">freq;1200.0,tr;3</data><data column="Performance">5589.9</data></row><row><data column="Variable Features">freq;1200.0,tr;4</data><data column="Performance">3063.77</data></row><row><data column="Variable Features">freq;1200.0,tr;5</data><data column="Performance">3072.67</data></row><row><data column="Variable Features">freq;1200.0,tr;6</data><data column="Performance">3074.0</data></row><row><data column="Variable Features">freq;1600.0,tr;1</data><data column="Performance">15086.01</data></row><row><data column="Variable Features">freq;1600.0,tr;2</data><data column="Performance">8090.33</data></row><row><data column="Variable Features">freq;1600.0,tr;3</data><data column="Performance">4315.25</data></row><row><data column="Variable Features">freq;1600.0,tr;4</data><data column="Performance">2545.62</data></row><row><data column="Variable Features">freq;1600.0,tr;5</data><data column="Performance">2464.59</data></row><row><data column="Variable Features">freq;1600.0,tr;6</data><data column="Performance">2467.26</data></row><row><data column="Variable Features">freq;1800.0,tr;1</data><data column="Performance">13624.72</data></row><row><data column="Variable Features">freq;1800.0,tr;2</data><data column="Performance">7237.12</data></row><row><data column="Variable Features">freq;1800.0,tr;3</data><data column="Performance">4067.36</data></row><row><data column="Variable Features">freq;1800.0,tr;4</data><data column="Performance">2331.23</data></row><row><data column="Variable Features">freq;1800.0,tr;5</data><data column="Performance">2399.8</data></row><row><data column="Variable Features">freq;1800.0,tr;6</data><data column="Performance">2398.87</data></row><row><data column="Variable Features">freq;2200.0,tr;1</data><data column="Performance">11566.7</data></row><row><data column="Variable Features">freq;2200.0,tr;2</data><data column="Performance">6184.24</data></row><row><data column="Variable Features">freq;2200.0,tr;3</data><data column="Performance">3499.88</data></row><row><data column="Variable Features">freq;2200.0,tr;4</data><data column="Performance">2719.68</data></row><row><data column="Variable Features">freq;2200.0,tr;5</data><data column="Performance">2183.94</data></row><row><data column="Variable Features">freq;2200.0,tr;6</data><data column="Performance">2168.55</data></row><row><data column="Variable Features">freq;2400.0,tr;1</data><data column="Performance">10971.25</data></row><row><data column="Variable Features">freq;2400.0,tr;2</data><data column="Performance">5852.03</data></row><row><data column="Variable Features">freq;2400.0,tr;3</data><data column="Performance">3294.58</data></row><row><data column="Variable Features">freq;2400.0,tr;4</data><data column="Performance">2262.85</data></row><row><data column="Variable Features">freq;2400.0,tr;5</data><data column="Performance">1452.19</data></row><row><data column="Variable Features">freq;2400.0,tr;6</data><data column="Performance">1451.43</data></row><row><data column="Variable Features">freq;2700.0,tr;1</data><data column="Performance">9922.12</data></row><row><data column="Variable Features">freq;2700.0,tr;2</data><data column="Performance">5428.6</data></row><row><data column="Variable Features">freq;2700.0,tr;3</data><data column="Performance">3120.83</data></row><row><data column="Variable Features">freq;2700.0,tr;4</data><data column="Performance">2478.64</data></row><row><data column="Variable Features">freq;2700.0,tr;5</data><data column="Performance">2056.07</data></row><row><data column="Variable Features">freq;2700.0,tr;6</data><data column="Performance">2060.67</data></row><row><data column="Variable Features">freq;3000.0,tr;1</data><data column="Performance">8881.15</data></row><row><data column="Variable Features">freq;3000.0,tr;2</data><data column="Performance">5206.28</data></row><row><data column="Variable Features">freq;3000.0,tr;3</data><data column="Performance">3137.09</data></row><row><data column="Variable Features">freq;3000.0,tr;4</data><data column="Performance">2585.24</data></row><row><data column="Variable Features">freq;3000.0,tr;5</data><data column="Performance">2256.1</data></row><row><data column="Variable Features">freq;3000.0,tr;6</data><data column="Performance">2267.68</data></row><row><data column="Variable Features">freq;1300.0,tr;1</data><data column="Performance">18307.44</data></row><row><data column="Variable Features">freq;1300.0,tr;2</data><data column="Performance">9545.48</data></row><row><data column="Variable Features">freq;1300.0,tr;3</data><data column="Performance">5202.46</data></row><row><data column="Variable Features">freq;1300.0,tr;4</data><data column="Performance">2894.39</data></row><row><data column="Variable Features">freq;1300.0,tr;5</data><data column="Performance">2852.49</data></row><row><data column="Variable Features">freq;1300.0,tr;6</data><data column="Performance">2846.4</data></row><row><data column="Variable Features">freq;1700.0,tr;1</data><data column="Performance">14338.48</data></row><row><data column="Variable Features">freq;1700.0,tr;2</data><data column="Performance">7628.3</data></row><row><data column="Variable Features">freq;1700.0,tr;3</data><data column="Performance">4263.68</data></row><row><data column="Variable Features">freq;1700.0,tr;4</data><data column="Performance">2418.0</data></row><row><data column="Variable Features">freq;1700.0,tr;5</data><data column="Performance">2437.38</data></row><row><data column="Variable Features">freq;1700.0,tr;6</data><data column="Performance">2441.18</data></row><row><data column="Variable Features">freq;1900.0,tr;1</data><data column="Performance">13373.31</data></row><row><data column="Variable Features">freq;1900.0,tr;2</data><data column="Performance">7025.6</data></row><row><data column="Variable Features">freq;1900.0,tr;3</data><data column="Performance">3891.1</data></row><row><data column="Variable Features">freq;1900.0,tr;4</data><data column="Performance">2571.27</data></row><row><data column="Variable Features">freq;1900.0,tr;5</data><data column="Performance">1499.48</data></row><row><data column="Variable Features">freq;1900.0,tr;6</data><data column="Performance">1500.77</data></row><row><data column="Variable Features">freq;2300.0,tr;1</data><data column="Performance">11482.98</data></row><row><data column="Variable Features">freq;2300.0,tr;2</data><data column="Performance">6135.67</data></row><row><data column="Variable Features">freq;2300.0,tr;3</data><data column="Performance">3464.42</data></row><row><data column="Variable Features">freq;2300.0,tr;4</data><data column="Performance">2150.08</data></row><row><data column="Variable Features">freq;2300.0,tr;5</data><data column="Performance">2122.87</data></row><row><data column="Variable Features">freq;2300.0,tr;6</data><data column="Performance">2151.61</data></row><row><data column="Variable Features">freq;2500.0,tr;1</data><data column="Performance">10842.21</data></row><row><data column="Variable Features">freq;2500.0,tr;2</data><data column="Performance">5734.21</data></row><row><data column="Variable Features">freq;2500.0,tr;3</data><data column="Performance">3266.28</data></row><row><data column="Variable Features">freq;2500.0,tr;4</data><data column="Performance">2267.03</data></row><row><data column="Variable Features">freq;2500.0,tr;5</data><data column="Performance">1469.2</data></row><row><data column="Variable Features">freq;2500.0,tr;6</data><data column="Performance">1470.2</data></row><row><data column="Variable Features">freq;2800.0,tr;1</data><data column="Performance">9738.83</data></row><row><data column="Variable Features">freq;2800.0,tr;2</data><data column="Performance">5313.34</data></row><row><data column="Variable Features">freq;2800.0,tr;3</data><data column="Performance">3107.53</data></row><row><data column="Variable Features">freq;2800.0,tr;4</data><data column="Performance">2524.53</data></row><row><data column="Variable Features">freq;2800.0,tr;5</data><data column="Performance">2051.78</data></row><row><data column="Variable Features">freq;2800.0,tr;6</data><data column="Performance">2041.79</data></row><row><data column="Variable Features">freq;1400.0,tr;1</data><data column="Performance">16946.51</data></row><row><data column="Variable Features">freq;1400.0,tr;2</data><data column="Performance">8897.59</data></row><row><data column="Variable Features">freq;1400.0,tr;3</data><data column="Performance">4993.17</data></row><row><data column="Variable Features">freq;1400.0,tr;4</data><data column="Performance">3554.28</data></row><row><data column="Variable Features">freq;1400.0,tr;5</data><data column="Performance">2760.69</data></row><row><data column="Variable Features">freq;1400.0,tr;6</data><data column="Performance">2752.0</data></row><row><data column="Variable Features">freq;2900.0,tr;1</data><data column="Performance">9573.57</data></row><row><data column="Variable Features">freq;2900.0,tr;2</data><data column="Performance">5300.75</data></row><row><data column="Variable Features">freq;2900.0,tr;3</data><data column="Performance">2930.19</data></row><row><data column="Variable Features">freq;2900.0,tr;4</data><data column="Performance">1937.16</data></row><row><data column="Variable Features">freq;2900.0,tr;5</data><data column="Performance">2050.09</data></row><row><data column="Variable Features">freq;2900.0,tr;6</data><data column="Performance">2046.17</data></row><row><data column="Variable Features">freq;2000.0,tr;1</data><data column="Performance">12713.98</data></row><row><data column="Variable Features">freq;2000.0,tr;2</data><data column="Performance">6661.62</data></row><row><data column="Variable Features">freq;2000.0,tr;3</data><data column="Performance">3686.55</data></row><row><data column="Variable Features">freq;2000.0,tr;4</data><data column="Performance">2370.11</data></row><row><data column="Variable Features">freq;2000.0,tr;5</data><data column="Performance">1495.72</data></row><row><data column="Variable Features">freq;2000.0,tr;6</data><data column="Performance">1490.37</data></row></results>