<results><row><data column="Variable Features">freq;1200.0,tr;1</data><data column="Performance">3983.41</data></row><row><data column="Variable Features">freq;1200.0,tr;2</data><data column="Performance">2633.51</data></row><row><data column="Variable Features">freq;1200.0,tr;3</data><data column="Performance">1553.93</data></row><row><data column="Variable Features">freq;1200.0,tr;4</data><data column="Performance">994.51</data></row><row><data column="Variable Features">freq;1200.0,tr;5</data><data column="Performance">725.22</data></row><row><data column="Variable Features">freq;1200.0,tr;6</data><data column="Performance">645.84</data></row><row><data column="Variable Features">freq;1600.0,tr;1</data><data column="Performance">3103.92</data></row><row><data column="Variable Features">freq;1600.0,tr;2</data><data column="Performance">2085.38</data></row><row><data column="Variable Features">freq;1600.0,tr;3</data><data column="Performance">1265.83</data></row><row><data column="Variable Features">freq;1600.0,tr;4</data><data column="Performance">880.56</data></row><row><data column="Variable Features">freq;1600.0,tr;5</data><data column="Performance">665.65</data></row><row><data column="Variable Features">freq;1600.0,tr;6</data><data column="Performance">594.06</data></row><row><data column="Variable Features">freq;1800.0,tr;1</data><data column="Performance">2788.44</data></row><row><data column="Variable Features">freq;1800.0,tr;2</data><data column="Performance">1912.87</data></row><row><data column="Variable Features">freq;1800.0,tr;3</data><data column="Performance">1195.24</data></row><row><data column="Variable Features">freq;1800.0,tr;4</data><data column="Performance">834.18</data></row><row><data column="Variable Features">freq;1800.0,tr;5</data><data column="Performance">624.77</data></row><row><data column="Variable Features">freq;1800.0,tr;6</data><data column="Performance">593.92</data></row><row><data column="Variable Features">freq;2200.0,tr;1</data><data column="Performance">2504.87</data></row><row><data column="Variable Features">freq;2200.0,tr;2</data><data column="Performance">1740.48</data></row><row><data column="Variable Features">freq;2200.0,tr;3</data><data column="Performance">1077.25</data></row><row><data column="Variable Features">freq;2200.0,tr;4</data><data column="Performance">756.4</data></row><row><data column="Variable Features">freq;2200.0,tr;5</data><data column="Performance">616.87</data></row><row><data column="Variable Features">freq;2200.0,tr;6</data><data column="Performance">536.59</data></row><row><data column="Variable Features">freq;2400.0,tr;1</data><data column="Performance">2343.36</data></row><row><data column="Variable Features">freq;2400.0,tr;2</data><data column="Performance">1654.48</data></row><row><data column="Variable Features">freq;2400.0,tr;3</data><data column="Performance">1025.11</data></row><row><data column="Variable Features">freq;2400.0,tr;4</data><data column="Performance">757.0</data></row><row><data column="Variable Features">freq;2400.0,tr;5</data><data column="Performance">601.97</data></row><row><data column="Variable Features">freq;2400.0,tr;6</data><data column="Performance">529.53</data></row><row><data column="Variable Features">freq;2700.0,tr;1</data><data column="Performance">2180.63</data></row><row><data column="Variable Features">freq;2700.0,tr;2</data><data column="Performance">1559.98</data></row><row><data column="Variable Features">freq;2700.0,tr;3</data><data column="Performance">1000.83</data></row><row><data column="Variable Features">freq;2700.0,tr;4</data><data column="Performance">725.07</data></row><row><data column="Variable Features">freq;2700.0,tr;5</data><data column="Performance">605.83</data></row><row><data column="Variable Features">freq;2700.0,tr;6</data><data column="Performance">544.87</data></row><row><data column="Variable Features">freq;3000.0,tr;1</data><data column="Performance">2006.3</data></row><row><data column="Variable Features">freq;3000.0,tr;2</data><data column="Performance">1568.62</data></row><row><data column="Variable Features">freq;3000.0,tr;3</data><data column="Performance">1035.36</data></row><row><data column="Variable Features">freq;3000.0,tr;4</data><data column="Performance">776.41</data></row><row><data column="Variable Features">freq;3000.0,tr;5</data><data column="Performance">661.94</data></row><row><data column="Variable Features">freq;3000.0,tr;6</data><data column="Performance">611.81</data></row><row><data column="Variable Features">freq;1300.0,tr;1</data><data column="Performance">3686.88</data></row><row><data column="Variable Features">freq;1300.0,tr;2</data><data column="Performance">2446.62</data></row><row><data column="Variable Features">freq;1300.0,tr;3</data><data column="Performance">1424.41</data></row><row><data column="Variable Features">freq;1300.0,tr;4</data><data column="Performance">951.83</data></row><row><data column="Variable Features">freq;1300.0,tr;5</data><data column="Performance">697.87</data></row><row><data column="Variable Features">freq;1300.0,tr;6</data><data column="Performance">640.48</data></row><row><data column="Variable Features">freq;1700.0,tr;1</data><data column="Performance">2950.6</data></row><row><data column="Variable Features">freq;1700.0,tr;2</data><data column="Performance">1987.04</data></row><row><data column="Variable Features">freq;1700.0,tr;3</data><data column="Performance">1232.85</data></row><row><data column="Variable Features">freq;1700.0,tr;4</data><data column="Performance">849.74</data></row><row><data column="Variable Features">freq;1700.0,tr;5</data><data column="Performance">628.04</data></row><row><data column="Variable Features">freq;1700.0,tr;6</data><data column="Performance">594.24</data></row><row><data column="Variable Features">freq;1900.0,tr;1</data><data column="Performance">2759.2</data></row><row><data column="Variable Features">freq;1900.0,tr;2</data><data column="Performance">1885.66</data></row><row><data column="Variable Features">freq;1900.0,tr;3</data><data column="Performance">1155.49</data></row><row><data column="Variable Features">freq;1900.0,tr;4</data><data column="Performance">793.47</data></row><row><data column="Variable Features">freq;1900.0,tr;5</data><data column="Performance">620.21</data></row><row><data column="Variable Features">freq;1900.0,tr;6</data><data column="Performance">560.42</data></row><row><data column="Variable Features">freq;2300.0,tr;1</data><data column="Performance">2426.08</data></row><row><data column="Variable Features">freq;2300.0,tr;2</data><data column="Performance">1669.64</data></row><row><data column="Variable Features">freq;2300.0,tr;3</data><data column="Performance">1087.25</data></row><row><data column="Variable Features">freq;2300.0,tr;4</data><data column="Performance">778.05</data></row><row><data column="Variable Features">freq;2300.0,tr;5</data><data column="Performance">579.53</data></row><row><data column="Variable Features">freq;2300.0,tr;6</data><data column="Performance">533.56</data></row><row><data column="Variable Features">freq;2500.0,tr;1</data><data column="Performance">2287.3</data></row><row><data column="Variable Features">freq;2500.0,tr;2</data><data column="Performance">1660.04</data></row><row><data column="Variable Features">freq;2500.0,tr;3</data><data column="Performance">1036.56</data></row><row><data column="Variable Features">freq;2500.0,tr;4</data><data column="Performance">744.99</data></row><row><data column="Variable Features">freq;2500.0,tr;5</data><data column="Performance">603.37</data></row><row><data column="Variable Features">freq;2500.0,tr;6</data><data column="Performance">554.51</data></row><row><data column="Variable Features">freq;2800.0,tr;1</data><data column="Performance">2125.66</data></row><row><data column="Variable Features">freq;2800.0,tr;2</data><data column="Performance">1546.18</data></row><row><data column="Variable Features">freq;2800.0,tr;3</data><data column="Performance">1002.19</data></row><row><data column="Variable Features">freq;2800.0,tr;4</data><data column="Performance">740.14</data></row><row><data column="Variable Features">freq;2800.0,tr;5</data><data column="Performance">612.87</data></row><row><data column="Variable Features">freq;2800.0,tr;6</data><data column="Performance">543.82</data></row><row><data column="Variable Features">freq;1400.0,tr;1</data><data column="Performance">3525.18</data></row><row><data column="Variable Features">freq;1400.0,tr;2</data><data column="Performance">2303.1</data></row><row><data column="Variable Features">freq;1400.0,tr;3</data><data column="Performance">1377.46</data></row><row><data column="Variable Features">freq;1400.0,tr;4</data><data column="Performance">915.28</data></row><row><data column="Variable Features">freq;1400.0,tr;5</data><data column="Performance">665.99</data></row><row><data column="Variable Features">freq;1400.0,tr;6</data><data column="Performance">619.61</data></row><row><data column="Variable Features">freq;2900.0,tr;1</data><data column="Performance">2104.79</data></row><row><data column="Variable Features">freq;2900.0,tr;2</data><data column="Performance">1539.29</data></row><row><data column="Variable Features">freq;2900.0,tr;3</data><data column="Performance">992.32</data></row><row><data column="Variable Features">freq;2900.0,tr;4</data><data column="Performance">735.72</data></row><row><data column="Variable Features">freq;2900.0,tr;5</data><data column="Performance">607.09</data></row><row><data column="Variable Features">freq;2900.0,tr;6</data><data column="Performance">548.95</data></row><row><data column="Variable Features">freq;2000.0,tr;1</data><data column="Performance">2691.02</data></row><row><data column="Variable Features">freq;2000.0,tr;2</data><data column="Performance">1841.62</data></row><row><data column="Variable Features">freq;2000.0,tr;3</data><data column="Performance">1136.01</data></row><row><data column="Variable Features">freq;2000.0,tr;4</data><data column="Performance">780.89</data></row><row><data column="Variable Features">freq;2000.0,tr;5</data><data column="Performance">619.48</data></row><row><data column="Variable Features">freq;2000.0,tr;6</data><data column="Performance">564.13</data></row></results>