<results><row><data column="Variable Features">freq;1200.0,tr;1</data><data column="Performance">1155.33</data></row><row><data column="Variable Features">freq;1200.0,tr;2</data><data column="Performance">942.36</data></row><row><data column="Variable Features">freq;1200.0,tr;3</data><data column="Performance">946.32</data></row><row><data column="Variable Features">freq;1200.0,tr;4</data><data column="Performance">947.66</data></row><row><data column="Variable Features">freq;1200.0,tr;5</data><data column="Performance">943.91</data></row><row><data column="Variable Features">freq;1200.0,tr;6</data><data column="Performance">939.77</data></row><row><data column="Variable Features">freq;1600.0,tr;1</data><data column="Performance">935.4</data></row><row><data column="Variable Features">freq;1600.0,tr;2</data><data column="Performance">784.25</data></row><row><data column="Variable Features">freq;1600.0,tr;3</data><data column="Performance">782.59</data></row><row><data column="Variable Features">freq;1600.0,tr;4</data><data column="Performance">783.31</data></row><row><data column="Variable Features">freq;1600.0,tr;5</data><data column="Performance">786.18</data></row><row><data column="Variable Features">freq;1600.0,tr;6</data><data column="Performance">787.55</data></row><row><data column="Variable Features">freq;1800.0,tr;1</data><data column="Performance">867.79</data></row><row><data column="Variable Features">freq;1800.0,tr;2</data><data column="Performance">743.04</data></row><row><data column="Variable Features">freq;1800.0,tr;3</data><data column="Performance">732.87</data></row><row><data column="Variable Features">freq;1800.0,tr;4</data><data column="Performance">750.87</data></row><row><data column="Variable Features">freq;1800.0,tr;5</data><data column="Performance">733.73</data></row><row><data column="Variable Features">freq;1800.0,tr;6</data><data column="Performance">732.27</data></row><row><data column="Variable Features">freq;2200.0,tr;1</data><data column="Performance">762.9</data></row><row><data column="Variable Features">freq;2200.0,tr;2</data><data column="Performance">658.9</data></row><row><data column="Variable Features">freq;2200.0,tr;3</data><data column="Performance">666.8</data></row><row><data column="Variable Features">freq;2200.0,tr;4</data><data column="Performance">684.37</data></row><row><data column="Variable Features">freq;2200.0,tr;5</data><data column="Performance">684.82</data></row><row><data column="Variable Features">freq;2200.0,tr;6</data><data column="Performance">654.8</data></row><row><data column="Variable Features">freq;2400.0,tr;1</data><data column="Performance">735.26</data></row><row><data column="Variable Features">freq;2400.0,tr;2</data><data column="Performance">665.01</data></row><row><data column="Variable Features">freq;2400.0,tr;3</data><data column="Performance">656.94</data></row><row><data column="Variable Features">freq;2400.0,tr;4</data><data column="Performance">672.34</data></row><row><data column="Variable Features">freq;2400.0,tr;5</data><data column="Performance">645.29</data></row><row><data column="Variable Features">freq;2400.0,tr;6</data><data column="Performance">653.54</data></row><row><data column="Variable Features">freq;2700.0,tr;1</data><data column="Performance">669.4</data></row><row><data column="Variable Features">freq;2700.0,tr;2</data><data column="Performance">650.26</data></row><row><data column="Variable Features">freq;2700.0,tr;3</data><data column="Performance">648.81</data></row><row><data column="Variable Features">freq;2700.0,tr;4</data><data column="Performance">643.88</data></row><row><data column="Variable Features">freq;2700.0,tr;5</data><data column="Performance">648.49</data></row><row><data column="Variable Features">freq;2700.0,tr;6</data><data column="Performance">647.24</data></row><row><data column="Variable Features">freq;3000.0,tr;1</data><data column="Performance">649.72</data></row><row><data column="Variable Features">freq;3000.0,tr;2</data><data column="Performance">712.56</data></row><row><data column="Variable Features">freq;3000.0,tr;3</data><data column="Performance">699.39</data></row><row><data column="Variable Features">freq;3000.0,tr;4</data><data column="Performance">663.16</data></row><row><data column="Variable Features">freq;3000.0,tr;5</data><data column="Performance">677.35</data></row><row><data column="Variable Features">freq;3000.0,tr;6</data><data column="Performance">690.36</data></row><row><data column="Variable Features">freq;1300.0,tr;1</data><data column="Performance">1070.93</data></row><row><data column="Variable Features">freq;1300.0,tr;2</data><data column="Performance">905.29</data></row><row><data column="Variable Features">freq;1300.0,tr;3</data><data column="Performance">891.7</data></row><row><data column="Variable Features">freq;1300.0,tr;4</data><data column="Performance">898.49</data></row><row><data column="Variable Features">freq;1300.0,tr;5</data><data column="Performance">884.38</data></row><row><data column="Variable Features">freq;1300.0,tr;6</data><data column="Performance">905.18</data></row><row><data column="Variable Features">freq;1700.0,tr;1</data><data column="Performance">899.89</data></row><row><data column="Variable Features">freq;1700.0,tr;2</data><data column="Performance">764.04</data></row><row><data column="Variable Features">freq;1700.0,tr;3</data><data column="Performance">758.62</data></row><row><data column="Variable Features">freq;1700.0,tr;4</data><data column="Performance">766.67</data></row><row><data column="Variable Features">freq;1700.0,tr;5</data><data column="Performance">767.14</data></row><row><data column="Variable Features">freq;1700.0,tr;6</data><data column="Performance">756.01</data></row><row><data column="Variable Features">freq;1900.0,tr;1</data><data column="Performance">856.32</data></row><row><data column="Variable Features">freq;1900.0,tr;2</data><data column="Performance">722.47</data></row><row><data column="Variable Features">freq;1900.0,tr;3</data><data column="Performance">722.92</data></row><row><data column="Variable Features">freq;1900.0,tr;4</data><data column="Performance">733.72</data></row><row><data column="Variable Features">freq;1900.0,tr;5</data><data column="Performance">715.77</data></row><row><data column="Variable Features">freq;1900.0,tr;6</data><data column="Performance">716.47</data></row><row><data column="Variable Features">freq;2300.0,tr;1</data><data column="Performance">768.74</data></row><row><data column="Variable Features">freq;2300.0,tr;2</data><data column="Performance">675.13</data></row><row><data column="Variable Features">freq;2300.0,tr;3</data><data column="Performance">680.46</data></row><row><data column="Variable Features">freq;2300.0,tr;4</data><data column="Performance">668.22</data></row><row><data column="Variable Features">freq;2300.0,tr;5</data><data column="Performance">695.06</data></row><row><data column="Variable Features">freq;2300.0,tr;6</data><data column="Performance">690.41</data></row><row><data column="Variable Features">freq;2500.0,tr;1</data><data column="Performance">746.85</data></row><row><data column="Variable Features">freq;2500.0,tr;2</data><data column="Performance">676.18</data></row><row><data column="Variable Features">freq;2500.0,tr;3</data><data column="Performance">663.97</data></row><row><data column="Variable Features">freq;2500.0,tr;4</data><data column="Performance">670.74</data></row><row><data column="Variable Features">freq;2500.0,tr;5</data><data column="Performance">669.75</data></row><row><data column="Variable Features">freq;2500.0,tr;6</data><data column="Performance">661.76</data></row><row><data column="Variable Features">freq;2800.0,tr;1</data><data column="Performance">681.57</data></row><row><data column="Variable Features">freq;2800.0,tr;2</data><data column="Performance">648.03</data></row><row><data column="Variable Features">freq;2800.0,tr;3</data><data column="Performance">668.31</data></row><row><data column="Variable Features">freq;2800.0,tr;4</data><data column="Performance">665.47</data></row><row><data column="Variable Features">freq;2800.0,tr;5</data><data column="Performance">646.37</data></row><row><data column="Variable Features">freq;2800.0,tr;6</data><data column="Performance">666.85</data></row><row><data column="Variable Features">freq;1400.0,tr;1</data><data column="Performance">1028.68</data></row><row><data column="Variable Features">freq;1400.0,tr;2</data><data column="Performance">863.06</data></row><row><data column="Variable Features">freq;1400.0,tr;3</data><data column="Performance">880.7</data></row><row><data column="Variable Features">freq;1400.0,tr;4</data><data column="Performance">839.52</data></row><row><data column="Variable Features">freq;1400.0,tr;5</data><data column="Performance">834.12</data></row><row><data column="Variable Features">freq;1400.0,tr;6</data><data column="Performance">858.74</data></row><row><data column="Variable Features">freq;2900.0,tr;1</data><data column="Performance">677.87</data></row><row><data column="Variable Features">freq;2900.0,tr;2</data><data column="Performance">642.36</data></row><row><data column="Variable Features">freq;2900.0,tr;3</data><data column="Performance">650.11</data></row><row><data column="Variable Features">freq;2900.0,tr;4</data><data column="Performance">631.26</data></row><row><data column="Variable Features">freq;2900.0,tr;5</data><data column="Performance">637.66</data></row><row><data column="Variable Features">freq;2900.0,tr;6</data><data column="Performance">634.0</data></row><row><data column="Variable Features">freq;2000.0,tr;1</data><data column="Performance">803.39</data></row><row><data column="Variable Features">freq;2000.0,tr;2</data><data column="Performance">720.0</data></row><row><data column="Variable Features">freq;2000.0,tr;3</data><data column="Performance">716.94</data></row><row><data column="Variable Features">freq;2000.0,tr;4</data><data column="Performance">718.75</data></row><row><data column="Variable Features">freq;2000.0,tr;5</data><data column="Performance">694.09</data></row><row><data column="Variable Features">freq;2000.0,tr;6</data><data column="Performance">709.18</data></row></results>