<results><row><data column="Variable Features">freq;1200.0,tr;1</data><data column="Performance">66713.68</data></row><row><data column="Variable Features">freq;1200.0,tr;2</data><data column="Performance">36764.51</data></row><row><data column="Variable Features">freq;1200.0,tr;3</data><data column="Performance">21404.51</data></row><row><data column="Variable Features">freq;1200.0,tr;4</data><data column="Performance">14131.5</data></row><row><data column="Variable Features">freq;1200.0,tr;5</data><data column="Performance">29604.52</data></row><row><data column="Variable Features">freq;1200.0,tr;6</data><data column="Performance">30277.3</data></row><row><data column="Variable Features">freq;1600.0,tr;1</data><data column="Performance">52582.89</data></row><row><data column="Variable Features">freq;1600.0,tr;2</data><data column="Performance">29464.3</data></row><row><data column="Variable Features">freq;1600.0,tr;3</data><data column="Performance">17358.59</data></row><row><data column="Variable Features">freq;1600.0,tr;4</data><data column="Performance">10575.79</data></row><row><data column="Variable Features">freq;1600.0,tr;5</data><data column="Performance">14056.9</data></row><row><data column="Variable Features">freq;1600.0,tr;6</data><data column="Performance">22522.24</data></row><row><data column="Variable Features">freq;1800.0,tr;1</data><data column="Performance">43408.34</data></row><row><data column="Variable Features">freq;1800.0,tr;2</data><data column="Performance">29109.18</data></row><row><data column="Variable Features">freq;1800.0,tr;3</data><data column="Performance">17187.28</data></row><row><data column="Variable Features">freq;1800.0,tr;4</data><data column="Performance">10596.15</data></row><row><data column="Variable Features">freq;1800.0,tr;5</data><data column="Performance">17476.65</data></row><row><data column="Variable Features">freq;1800.0,tr;6</data><data column="Performance">11608.05</data></row><row><data column="Variable Features">freq;2200.0,tr;1</data><data column="Performance">43636.93</data></row><row><data column="Variable Features">freq;2200.0,tr;2</data><data column="Performance">28981.93</data></row><row><data column="Variable Features">freq;2200.0,tr;3</data><data column="Performance">17416.01</data></row><row><data column="Variable Features">freq;2200.0,tr;4</data><data column="Performance">12069.84</data></row><row><data column="Variable Features">freq;2200.0,tr;5</data><data column="Performance">17437.02</data></row><row><data column="Variable Features">freq;2200.0,tr;6</data><data column="Performance">14352.89</data></row><row><data column="Variable Features">freq;2400.0,tr;1</data><data column="Performance">38973.17</data></row><row><data column="Variable Features">freq;2400.0,tr;2</data><data column="Performance">26210.24</data></row><row><data column="Variable Features">freq;2400.0,tr;3</data><data column="Performance">16002.48</data></row><row><data column="Variable Features">freq;2400.0,tr;4</data><data column="Performance">10348.94</data></row><row><data column="Variable Features">freq;2400.0,tr;5</data><data column="Performance">12180.69</data></row><row><data column="Variable Features">freq;2400.0,tr;6</data><data column="Performance">21601.6</data></row><row><data column="Variable Features">freq;2700.0,tr;1</data><data column="Performance">38808.57</data></row><row><data column="Variable Features">freq;2700.0,tr;2</data><data column="Performance">26165.89</data></row><row><data column="Variable Features">freq;2700.0,tr;3</data><data column="Performance">16099.26</data></row><row><data column="Variable Features">freq;2700.0,tr;4</data><data column="Performance">13264.41</data></row><row><data column="Variable Features">freq;2700.0,tr;5</data><data column="Performance">12394.56</data></row><row><data column="Variable Features">freq;2700.0,tr;6</data><data column="Performance">14254.18</data></row><row><data column="Variable Features">freq;3000.0,tr;1</data><data column="Performance">37797.01</data></row><row><data column="Variable Features">freq;3000.0,tr;2</data><data column="Performance">25989.97</data></row><row><data column="Variable Features">freq;3000.0,tr;3</data><data column="Performance">16643.9</data></row><row><data column="Variable Features">freq;3000.0,tr;4</data><data column="Performance">17733.46</data></row><row><data column="Variable Features">freq;3000.0,tr;5</data><data column="Performance">22805.03</data></row><row><data column="Variable Features">freq;3000.0,tr;6</data><data column="Performance">19770.96</data></row><row><data column="Variable Features">freq;1300.0,tr;1</data><data column="Performance">58629.84</data></row><row><data column="Variable Features">freq;1300.0,tr;2</data><data column="Performance">38796.74</data></row><row><data column="Variable Features">freq;1300.0,tr;3</data><data column="Performance">22606.0</data></row><row><data column="Variable Features">freq;1300.0,tr;4</data><data column="Performance">14828.99</data></row><row><data column="Variable Features">freq;1300.0,tr;5</data><data column="Performance">22991.69</data></row><row><data column="Variable Features">freq;1300.0,tr;6</data><data column="Performance">20365.72</data></row><row><data column="Variable Features">freq;1700.0,tr;1</data><data column="Performance">51323.08</data></row><row><data column="Variable Features">freq;1700.0,tr;2</data><data column="Performance">34138.05</data></row><row><data column="Variable Features">freq;1700.0,tr;3</data><data column="Performance">20025.35</data></row><row><data column="Variable Features">freq;1700.0,tr;4</data><data column="Performance">13362.4</data></row><row><data column="Variable Features">freq;1700.0,tr;5</data><data column="Performance">16766.56</data></row><row><data column="Variable Features">freq;1700.0,tr;6</data><data column="Performance">18409.58</data></row><row><data column="Variable Features">freq;1900.0,tr;1</data><data column="Performance">47969.74</data></row><row><data column="Variable Features">freq;1900.0,tr;2</data><data column="Performance">31878.74</data></row><row><data column="Variable Features">freq;1900.0,tr;3</data><data column="Performance">18870.3</data></row><row><data column="Variable Features">freq;1900.0,tr;4</data><data column="Performance">11635.43</data></row><row><data column="Variable Features">freq;1900.0,tr;5</data><data column="Performance">16731.71</data></row><row><data column="Variable Features">freq;1900.0,tr;6</data><data column="Performance">15189.74</data></row><row><data column="Variable Features">freq;2300.0,tr;1</data><data column="Performance">42683.17</data></row><row><data column="Variable Features">freq;2300.0,tr;2</data><data column="Performance">28298.5</data></row><row><data column="Variable Features">freq;2300.0,tr;3</data><data column="Performance">17063.59</data></row><row><data column="Variable Features">freq;2300.0,tr;4</data><data column="Performance">10981.05</data></row><row><data column="Variable Features">freq;2300.0,tr;5</data><data column="Performance">12672.43</data></row><row><data column="Variable Features">freq;2300.0,tr;6</data><data column="Performance">18608.75</data></row><row><data column="Variable Features">freq;2500.0,tr;1</data><data column="Performance">40639.51</data></row><row><data column="Variable Features">freq;2500.0,tr;2</data><data column="Performance">27273.88</data></row><row><data column="Variable Features">freq;2500.0,tr;3</data><data column="Performance">16648.69</data></row><row><data column="Variable Features">freq;2500.0,tr;4</data><data column="Performance">12709.19</data></row><row><data column="Variable Features">freq;2500.0,tr;5</data><data column="Performance">16607.41</data></row><row><data column="Variable Features">freq;2500.0,tr;6</data><data column="Performance">20785.95</data></row><row><data column="Variable Features">freq;2800.0,tr;1</data><data column="Performance">38447.52</data></row><row><data column="Variable Features">freq;2800.0,tr;2</data><data column="Performance">26024.35</data></row><row><data column="Variable Features">freq;2800.0,tr;3</data><data column="Performance">16153.32</data></row><row><data column="Variable Features">freq;2800.0,tr;4</data><data column="Performance">12267.35</data></row><row><data column="Variable Features">freq;2800.0,tr;5</data><data column="Performance">19849.26</data></row><row><data column="Variable Features">freq;2800.0,tr;6</data><data column="Performance">16827.72</data></row><row><data column="Variable Features">freq;1400.0,tr;1</data><data column="Performance">59670.86</data></row><row><data column="Variable Features">freq;1400.0,tr;2</data><data column="Performance">38758.19</data></row><row><data column="Variable Features">freq;1400.0,tr;3</data><data column="Performance">22533.59</data></row><row><data column="Variable Features">freq;1400.0,tr;4</data><data column="Performance">13813.81</data></row><row><data column="Variable Features">freq;1400.0,tr;5</data><data column="Performance">23983.23</data></row><row><data column="Variable Features">freq;1400.0,tr;6</data><data column="Performance">18883.7</data></row><row><data column="Variable Features">freq;2900.0,tr;1</data><data column="Performance">37942.02</data></row><row><data column="Variable Features">freq;2900.0,tr;2</data><data column="Performance">25771.94</data></row><row><data column="Variable Features">freq;2900.0,tr;3</data><data column="Performance">16070.26</data></row><row><data column="Variable Features">freq;2900.0,tr;4</data><data column="Performance">10964.58</data></row><row><data column="Variable Features">freq;2900.0,tr;5</data><data column="Performance">15410.76</data></row><row><data column="Variable Features">freq;2900.0,tr;6</data><data column="Performance">15384.68</data></row><row><data column="Variable Features">freq;2000.0,tr;1</data><data column="Performance">42784.49</data></row><row><data column="Variable Features">freq;2000.0,tr;2</data><data column="Performance">28116.86</data></row><row><data column="Variable Features">freq;2000.0,tr;3</data><data column="Performance">16855.58</data></row><row><data column="Variable Features">freq;2000.0,tr;4</data><data column="Performance">12223.21</data></row><row><data column="Variable Features">freq;2000.0,tr;5</data><data column="Performance">13930.14</data></row><row><data column="Variable Features">freq;2000.0,tr;6</data><data column="Performance">18764.44</data></row></results>