<results><row><data column="Variable Features">freq;1200.0,tr;1</data><data column="Performance">18876.06</data></row><row><data column="Variable Features">freq;1200.0,tr;2</data><data column="Performance">9858.4</data></row><row><data column="Variable Features">freq;1200.0,tr;3</data><data column="Performance">5281.4</data></row><row><data column="Variable Features">freq;1200.0,tr;4</data><data column="Performance">2960.49</data></row><row><data column="Variable Features">freq;1200.0,tr;5</data><data column="Performance">2982.5</data></row><row><data column="Variable Features">freq;1200.0,tr;6</data><data column="Performance">2984.54</data></row><row><data column="Variable Features">freq;1300.0,tr;1</data><data column="Performance">17549.84</data></row><row><data column="Variable Features">freq;1300.0,tr;2</data><data column="Performance">9201.63</data></row><row><data column="Variable Features">freq;1300.0,tr;3</data><data column="Performance">4939.75</data></row><row><data column="Variable Features">freq;1300.0,tr;4</data><data column="Performance">2787.21</data></row><row><data column="Variable Features">freq;1300.0,tr;5</data><data column="Performance">2831.95</data></row><row><data column="Variable Features">freq;1300.0,tr;6</data><data column="Performance">2826.74</data></row><row><data column="Variable Features">freq;1400.0,tr;1</data><data column="Performance">16398.35</data></row><row><data column="Variable Features">freq;1400.0,tr;2</data><data column="Performance">8617.23</data></row><row><data column="Variable Features">freq;1400.0,tr;3</data><data column="Performance">4657.83</data></row><row><data column="Variable Features">freq;1400.0,tr;4</data><data column="Performance">2638.06</data></row><row><data column="Variable Features">freq;1400.0,tr;5</data><data column="Performance">2694.28</data></row><row><data column="Variable Features">freq;1400.0,tr;6</data><data column="Performance">2689.49</data></row><row><data column="Variable Features">freq;1600.0,tr;1</data><data column="Performance">14615.81</data></row><row><data column="Variable Features">freq;1600.0,tr;2</data><data column="Performance">7766.77</data></row><row><data column="Variable Features">freq;1600.0,tr;3</data><data column="Performance">4186.11</data></row><row><data column="Variable Features">freq;1600.0,tr;4</data><data column="Performance">2420.46</data></row><row><data column="Variable Features">freq;1600.0,tr;5</data><data column="Performance">2492.18</data></row><row><data column="Variable Features">freq;1600.0,tr;6</data><data column="Performance">2493.71</data></row><row><data column="Variable Features">freq;1700.0,tr;1</data><data column="Performance">13825.75</data></row><row><data column="Variable Features">freq;1700.0,tr;2</data><data column="Performance">7398.05</data></row><row><data column="Variable Features">freq;1700.0,tr;3</data><data column="Performance">3997.46</data></row><row><data column="Variable Features">freq;1700.0,tr;4</data><data column="Performance">2330.14</data></row><row><data column="Variable Features">freq;1700.0,tr;5</data><data column="Performance">2409.36</data></row><row><data column="Variable Features">freq;1700.0,tr;6</data><data column="Performance">2416.22</data></row><row><data column="Variable Features">freq;1800.0,tr;1</data><data column="Performance">13180.81</data></row><row><data column="Variable Features">freq;1800.0,tr;2</data><data column="Performance">7051.73</data></row><row><data column="Variable Features">freq;1800.0,tr;3</data><data column="Performance">3827.0</data></row><row><data column="Variable Features">freq;1800.0,tr;4</data><data column="Performance">2253.66</data></row><row><data column="Variable Features">freq;1800.0,tr;5</data><data column="Performance">2336.57</data></row><row><data column="Variable Features">freq;1800.0,tr;6</data><data column="Performance">2335.5</data></row><row><data column="Variable Features">freq;1900.0,tr;1</data><data column="Performance">12620.5</data></row><row><data column="Variable Features">freq;1900.0,tr;2</data><data column="Performance">6779.52</data></row><row><data column="Variable Features">freq;1900.0,tr;3</data><data column="Performance">3700.55</data></row><row><data column="Variable Features">freq;1900.0,tr;4</data><data column="Performance">2188.96</data></row><row><data column="Variable Features">freq;1900.0,tr;5</data><data column="Performance">2278.02</data></row><row><data column="Variable Features">freq;1900.0,tr;6</data><data column="Performance">2280.41</data></row><row><data column="Variable Features">freq;2000.0,tr;1</data><data column="Performance">12268.02</data></row><row><data column="Variable Features">freq;2000.0,tr;2</data><data column="Performance">6481.94</data></row><row><data column="Variable Features">freq;2000.0,tr;3</data><data column="Performance">3564.07</data></row><row><data column="Variable Features">freq;2000.0,tr;4</data><data column="Performance">2135.87</data></row><row><data column="Variable Features">freq;2000.0,tr;5</data><data column="Performance">2224.37</data></row><row><data column="Variable Features">freq;2000.0,tr;6</data><data column="Performance">2228.26</data></row><row><data column="Variable Features">freq;2200.0,tr;1</data><data column="Performance">11306.52</data></row><row><data column="Variable Features">freq;2200.0,tr;2</data><data column="Performance">6063.44</data></row><row><data column="Variable Features">freq;2200.0,tr;3</data><data column="Performance">3353.61</data></row><row><data column="Variable Features">freq;2200.0,tr;4</data><data column="Performance">2054.18</data></row><row><data column="Variable Features">freq;2200.0,tr;5</data><data column="Performance">2145.81</data></row><row><data column="Variable Features">freq;2200.0,tr;6</data><data column="Performance">2141.97</data></row><row><data column="Variable Features">freq;2300.0,tr;1</data><data column="Performance">10943.3</data></row><row><data column="Variable Features">freq;2300.0,tr;2</data><data column="Performance">5864.57</data></row><row><data column="Variable Features">freq;2300.0,tr;3</data><data column="Performance">3267.35</data></row><row><data column="Variable Features">freq;2300.0,tr;4</data><data column="Performance">2020.69</data></row><row><data column="Variable Features">freq;2300.0,tr;5</data><data column="Performance">2116.79</data></row><row><data column="Variable Features">freq;2300.0,tr;6</data><data column="Performance">2125.58</data></row><row><data column="Variable Features">freq;2400.0,tr;1</data><data column="Performance">10588.95</data></row><row><data column="Variable Features">freq;2400.0,tr;2</data><data column="Performance">5674.51</data></row><row><data column="Variable Features">freq;2400.0,tr;3</data><data column="Performance">3199.48</data></row><row><data column="Variable Features">freq;2400.0,tr;4</data><data column="Performance">1990.7</data></row><row><data column="Variable Features">freq;2400.0,tr;5</data><data column="Performance">2101.12</data></row><row><data column="Variable Features">freq;2400.0,tr;6</data><data column="Performance">2099.53</data></row><row><data column="Variable Features">freq;2500.0,tr;1</data><data column="Performance">10297.94</data></row><row><data column="Variable Features">freq;2500.0,tr;2</data><data column="Performance">5520.49</data></row><row><data column="Variable Features">freq;2500.0,tr;3</data><data column="Performance">3139.39</data></row><row><data column="Variable Features">freq;2500.0,tr;4</data><data column="Performance">1972.55</data></row><row><data column="Variable Features">freq;2500.0,tr;5</data><data column="Performance">2077.77</data></row><row><data column="Variable Features">freq;2500.0,tr;6</data><data column="Performance">2075.7</data></row><row><data column="Variable Features">freq;2700.0,tr;1</data><data column="Performance">9718.35</data></row><row><data column="Variable Features">freq;2700.0,tr;2</data><data column="Performance">5270.89</data></row><row><data column="Variable Features">freq;2700.0,tr;3</data><data column="Performance">3019.23</data></row><row><data column="Variable Features">freq;2700.0,tr;4</data><data column="Performance">1941.39</data></row><row><data column="Variable Features">freq;2700.0,tr;5</data><data column="Performance">2052.85</data></row><row><data column="Variable Features">freq;2700.0,tr;6</data><data column="Performance">2057.61</data></row><row><data column="Variable Features">freq;2800.0,tr;1</data><data column="Performance">9477.89</data></row><row><data column="Variable Features">freq;2800.0,tr;2</data><data column="Performance">5150.1</data></row><row><data column="Variable Features">freq;2800.0,tr;3</data><data column="Performance">2976.81</data></row><row><data column="Variable Features">freq;2800.0,tr;4</data><data column="Performance">1937.83</data></row><row><data column="Variable Features">freq;2800.0,tr;5</data><data column="Performance">2052.18</data></row><row><data column="Variable Features">freq;2800.0,tr;6</data><data column="Performance">2049.63</data></row><row><data column="Variable Features">freq;2900.0,tr;1</data><data column="Performance">9262.28</data></row><row><data column="Variable Features">freq;2900.0,tr;2</data><data column="Performance">5053.0</data></row><row><data column="Variable Features">freq;2900.0,tr;3</data><data column="Performance">2938.01</data></row><row><data column="Variable Features">freq;2900.0,tr;4</data><data column="Performance">1933.5</data></row><row><data column="Variable Features">freq;2900.0,tr;5</data><data column="Performance">2050.99</data></row><row><data column="Variable Features">freq;2900.0,tr;6</data><data column="Performance">2052.23</data></row><row><data column="Variable Features">freq;3000.0,tr;1</data><data column="Performance">8574.68</data></row><row><data column="Variable Features">freq;3000.0,tr;2</data><data column="Performance">4922.7</data></row><row><data column="Variable Features">freq;3000.0,tr;3</data><data column="Performance">3007.03</data></row><row><data column="Variable Features">freq;3000.0,tr;4</data><data column="Performance">2099.62</data></row><row><data column="Variable Features">freq;3000.0,tr;5</data><data column="Performance">2304.81</data></row><row><data column="Variable Features">freq;3000.0,tr;6</data><data column="Performance">2299.45</data></row></results>