<results><row><data column="Variable Features">freq;1200.0,tr;1</data><data column="Performance">66636.75</data></row><row><data column="Variable Features">freq;1200.0,tr;2</data><data column="Performance">36754.59</data></row><row><data column="Variable Features">freq;1200.0,tr;3</data><data column="Performance">21403.9</data></row><row><data column="Variable Features">freq;1200.0,tr;4</data><data column="Performance">13074.83</data></row><row><data column="Variable Features">freq;1200.0,tr;5</data><data column="Performance">26228.89</data></row><row><data column="Variable Features">freq;1200.0,tr;6</data><data column="Performance">28377.85</data></row><row><data column="Variable Features">freq;1600.0,tr;1</data><data column="Performance">50224.27</data></row><row><data column="Variable Features">freq;1600.0,tr;2</data><data column="Performance">28207.23</data></row><row><data column="Variable Features">freq;1600.0,tr;3</data><data column="Performance">16673.48</data></row><row><data column="Variable Features">freq;1600.0,tr;4</data><data column="Performance">10924.76</data></row><row><data column="Variable Features">freq;1600.0,tr;5</data><data column="Performance">19625.26</data></row><row><data column="Variable Features">freq;1600.0,tr;6</data><data column="Performance">23393.65</data></row><row><data column="Variable Features">freq;1800.0,tr;1</data><data column="Performance">45852.59</data></row><row><data column="Variable Features">freq;1800.0,tr;2</data><data column="Performance">25944.31</data></row><row><data column="Variable Features">freq;1800.0,tr;3</data><data column="Performance">15489.97</data></row><row><data column="Variable Features">freq;1800.0,tr;4</data><data column="Performance">10032.7</data></row><row><data column="Variable Features">freq;1800.0,tr;5</data><data column="Performance">12818.31</data></row><row><data column="Variable Features">freq;1800.0,tr;6</data><data column="Performance">17904.9</data></row><row><data column="Variable Features">freq;2200.0,tr;1</data><data column="Performance">40000.29</data></row><row><data column="Variable Features">freq;2200.0,tr;2</data><data column="Performance">22657.29</data></row><row><data column="Variable Features">freq;2200.0,tr;3</data><data column="Performance">13885.1</data></row><row><data column="Variable Features">freq;2200.0,tr;4</data><data column="Performance">13393.49</data></row><row><data column="Variable Features">freq;2200.0,tr;5</data><data column="Performance">11934.41</data></row><row><data column="Variable Features">freq;2200.0,tr;6</data><data column="Performance">15413.57</data></row><row><data column="Variable Features">freq;2400.0,tr;1</data><data column="Performance">41979.13</data></row><row><data column="Variable Features">freq;2400.0,tr;2</data><data column="Performance">23752.92</data></row><row><data column="Variable Features">freq;2400.0,tr;3</data><data column="Performance">14718.88</data></row><row><data column="Variable Features">freq;2400.0,tr;4</data><data column="Performance">10194.18</data></row><row><data column="Variable Features">freq;2400.0,tr;5</data><data column="Performance">18885.43</data></row><row><data column="Variable Features">freq;2400.0,tr;6</data><data column="Performance">15097.69</data></row><row><data column="Variable Features">freq;2700.0,tr;1</data><data column="Performance">41229.78</data></row><row><data column="Variable Features">freq;2700.0,tr;2</data><data column="Performance">23561.74</data></row><row><data column="Variable Features">freq;2700.0,tr;3</data><data column="Performance">14737.77</data></row><row><data column="Variable Features">freq;2700.0,tr;4</data><data column="Performance">13583.13</data></row><row><data column="Variable Features">freq;2700.0,tr;5</data><data column="Performance">15519.29</data></row><row><data column="Variable Features">freq;2700.0,tr;6</data><data column="Performance">17095.51</data></row><row><data column="Variable Features">freq;3000.0,tr;1</data><data column="Performance">39728.25</data></row><row><data column="Variable Features">freq;3000.0,tr;2</data><data column="Performance">23426.23</data></row><row><data column="Variable Features">freq;3000.0,tr;3</data><data column="Performance">15596.79</data></row><row><data column="Variable Features">freq;3000.0,tr;4</data><data column="Performance">17483.42</data></row><row><data column="Variable Features">freq;3000.0,tr;5</data><data column="Performance">18067.01</data></row><row><data column="Variable Features">freq;3000.0,tr;6</data><data column="Performance">21659.17</data></row><row><data column="Variable Features">freq;1300.0,tr;1</data><data column="Performance">61753.9</data></row><row><data column="Variable Features">freq;1300.0,tr;2</data><data column="Performance">34250.36</data></row><row><data column="Variable Features">freq;1300.0,tr;3</data><data column="Performance">21141.57</data></row><row><data column="Variable Features">freq;1300.0,tr;4</data><data column="Performance">17435.08</data></row><row><data column="Variable Features">freq;1300.0,tr;5</data><data column="Performance">21852.29</data></row><row><data column="Variable Features">freq;1300.0,tr;6</data><data column="Performance">24102.49</data></row><row><data column="Variable Features">freq;1700.0,tr;1</data><data column="Performance">54228.26</data></row><row><data column="Variable Features">freq;1700.0,tr;2</data><data column="Performance">30360.4</data></row><row><data column="Variable Features">freq;1700.0,tr;3</data><data column="Performance">17966.13</data></row><row><data column="Variable Features">freq;1700.0,tr;4</data><data column="Performance">12557.05</data></row><row><data column="Variable Features">freq;1700.0,tr;5</data><data column="Performance">16640.26</data></row><row><data column="Variable Features">freq;1700.0,tr;6</data><data column="Performance">19528.22</data></row><row><data column="Variable Features">freq;1900.0,tr;1</data><data column="Performance">50429.89</data></row><row><data column="Variable Features">freq;1900.0,tr;2</data><data column="Performance">28340.92</data></row><row><data column="Variable Features">freq;1900.0,tr;3</data><data column="Performance">16987.0</data></row><row><data column="Variable Features">freq;1900.0,tr;4</data><data column="Performance">11140.62</data></row><row><data column="Variable Features">freq;1900.0,tr;5</data><data column="Performance">13268.45</data></row><row><data column="Variable Features">freq;1900.0,tr;6</data><data column="Performance">14501.85</data></row><row><data column="Variable Features">freq;2300.0,tr;1</data><data column="Performance">44738.52</data></row><row><data column="Variable Features">freq;2300.0,tr;2</data><data column="Performance">25324.55</data></row><row><data column="Variable Features">freq;2300.0,tr;3</data><data column="Performance">15492.32</data></row><row><data column="Variable Features">freq;2300.0,tr;4</data><data column="Performance">10064.78</data></row><row><data column="Variable Features">freq;2300.0,tr;5</data><data column="Performance">9461.33</data></row><row><data column="Variable Features">freq;2300.0,tr;6</data><data column="Performance">18990.72</data></row><row><data column="Variable Features">freq;2500.0,tr;1</data><data column="Performance">42820.8</data></row><row><data column="Variable Features">freq;2500.0,tr;2</data><data column="Performance">24342.26</data></row><row><data column="Variable Features">freq;2500.0,tr;3</data><data column="Performance">15134.25</data></row><row><data column="Variable Features">freq;2500.0,tr;4</data><data column="Performance">13112.26</data></row><row><data column="Variable Features">freq;2500.0,tr;5</data><data column="Performance">23012.61</data></row><row><data column="Variable Features">freq;2500.0,tr;6</data><data column="Performance">18410.02</data></row><row><data column="Variable Features">freq;2800.0,tr;1</data><data column="Performance">40539.42</data></row><row><data column="Variable Features">freq;2800.0,tr;2</data><data column="Performance">23268.76</data></row><row><data column="Variable Features">freq;2800.0,tr;3</data><data column="Performance">14743.29</data></row><row><data column="Variable Features">freq;2800.0,tr;4</data><data column="Performance">12750.45</data></row><row><data column="Variable Features">freq;2800.0,tr;5</data><data column="Performance">13800.31</data></row><row><data column="Variable Features">freq;2800.0,tr;6</data><data column="Performance">16221.2</data></row><row><data column="Variable Features">freq;1400.0,tr;1</data><data column="Performance">62352.96</data></row><row><data column="Variable Features">freq;1400.0,tr;2</data><data column="Performance">34376.29</data></row><row><data column="Variable Features">freq;1400.0,tr;3</data><data column="Performance">20679.85</data></row><row><data column="Variable Features">freq;1400.0,tr;4</data><data column="Performance">13922.05</data></row><row><data column="Variable Features">freq;1400.0,tr;5</data><data column="Performance">18200.24</data></row><row><data column="Variable Features">freq;1400.0,tr;6</data><data column="Performance">17976.22</data></row><row><data column="Variable Features">freq;2900.0,tr;1</data><data column="Performance">35420.1</data></row><row><data column="Variable Features">freq;2900.0,tr;2</data><data column="Performance">20430.63</data></row><row><data column="Variable Features">freq;2900.0,tr;3</data><data column="Performance">13050.34</data></row><row><data column="Variable Features">freq;2900.0,tr;4</data><data column="Performance">12034.95</data></row><row><data column="Variable Features">freq;2900.0,tr;5</data><data column="Performance">18743.4</data></row><row><data column="Variable Features">freq;2900.0,tr;6</data><data column="Performance">16678.29</data></row><row><data column="Variable Features">freq;2000.0,tr;1</data><data column="Performance">46979.27</data></row><row><data column="Variable Features">freq;2000.0,tr;2</data><data column="Performance">25993.05</data></row><row><data column="Variable Features">freq;2000.0,tr;3</data><data column="Performance">15790.66</data></row><row><data column="Variable Features">freq;2000.0,tr;4</data><data column="Performance">10970.9</data></row><row><data column="Variable Features">freq;2000.0,tr;5</data><data column="Performance">21833.25</data></row><row><data column="Variable Features">freq;2000.0,tr;6</data><data column="Performance">11096.88</data></row></results>