<results><row><data column="Variable Features">freq;1200.0,tr;1</data><data column="Performance">50803.93</data></row><row><data column="Variable Features">freq;1200.0,tr;2</data><data column="Performance">26170.25</data></row><row><data column="Variable Features">freq;1200.0,tr;3</data><data column="Performance">14404.71</data></row><row><data column="Variable Features">freq;1200.0,tr;4</data><data column="Performance">8909.01</data></row><row><data column="Variable Features">freq;1200.0,tr;5</data><data column="Performance">5738.87</data></row><row><data column="Variable Features">freq;1200.0,tr;6</data><data column="Performance">4825.78</data></row><row><data column="Variable Features">freq;1600.0,tr;1</data><data column="Performance">37980.8</data></row><row><data column="Variable Features">freq;1600.0,tr;2</data><data column="Performance">20798.37</data></row><row><data column="Variable Features">freq;1600.0,tr;3</data><data column="Performance">11854.96</data></row><row><data column="Variable Features">freq;1600.0,tr;4</data><data column="Performance">7392.51</data></row><row><data column="Variable Features">freq;1600.0,tr;5</data><data column="Performance">4856.48</data></row><row><data column="Variable Features">freq;1600.0,tr;6</data><data column="Performance">4159.25</data></row><row><data column="Variable Features">freq;1800.0,tr;1</data><data column="Performance">34711.65</data></row><row><data column="Variable Features">freq;1800.0,tr;2</data><data column="Performance">19153.69</data></row><row><data column="Variable Features">freq;1800.0,tr;3</data><data column="Performance">11038.76</data></row><row><data column="Variable Features">freq;1800.0,tr;4</data><data column="Performance">6976.19</data></row><row><data column="Variable Features">freq;1800.0,tr;5</data><data column="Performance">4732.25</data></row><row><data column="Variable Features">freq;1800.0,tr;6</data><data column="Performance">4031.65</data></row><row><data column="Variable Features">freq;2200.0,tr;1</data><data column="Performance">30054.81</data></row><row><data column="Variable Features">freq;2200.0,tr;2</data><data column="Performance">16970.79</data></row><row><data column="Variable Features">freq;2200.0,tr;3</data><data column="Performance">10239.73</data></row><row><data column="Variable Features">freq;2200.0,tr;4</data><data column="Performance">6516.15</data></row><row><data column="Variable Features">freq;2200.0,tr;5</data><data column="Performance">4564.76</data></row><row><data column="Variable Features">freq;2200.0,tr;6</data><data column="Performance">3962.79</data></row><row><data column="Variable Features">freq;2400.0,tr;1</data><data column="Performance">28319.04</data></row><row><data column="Variable Features">freq;2400.0,tr;2</data><data column="Performance">16199.52</data></row><row><data column="Variable Features">freq;2400.0,tr;3</data><data column="Performance">9669.25</data></row><row><data column="Variable Features">freq;2400.0,tr;4</data><data column="Performance">6395.0</data></row><row><data column="Variable Features">freq;2400.0,tr;5</data><data column="Performance">4593.89</data></row><row><data column="Variable Features">freq;2400.0,tr;6</data><data column="Performance">3992.59</data></row><row><data column="Variable Features">freq;2700.0,tr;1</data><data column="Performance">26232.63</data></row><row><data column="Variable Features">freq;2700.0,tr;2</data><data column="Performance">15394.02</data></row><row><data column="Variable Features">freq;2700.0,tr;3</data><data column="Performance">9358.1</data></row><row><data column="Variable Features">freq;2700.0,tr;4</data><data column="Performance">6354.75</data></row><row><data column="Variable Features">freq;2700.0,tr;5</data><data column="Performance">4722.7</data></row><row><data column="Variable Features">freq;2700.0,tr;6</data><data column="Performance">4108.0</data></row><row><data column="Variable Features">freq;3000.0,tr;1</data><data column="Performance">23558.11</data></row><row><data column="Variable Features">freq;3000.0,tr;2</data><data column="Performance">15197.8</data></row><row><data column="Variable Features">freq;3000.0,tr;3</data><data column="Performance">9764.8</data></row><row><data column="Variable Features">freq;3000.0,tr;4</data><data column="Performance">6917.96</data></row><row><data column="Variable Features">freq;3000.0,tr;5</data><data column="Performance">5417.91</data></row><row><data column="Variable Features">freq;3000.0,tr;6</data><data column="Performance">4745.6</data></row><row><data column="Variable Features">freq;1300.0,tr;1</data><data column="Performance">47582.39</data></row><row><data column="Variable Features">freq;1300.0,tr;2</data><data column="Performance">24534.02</data></row><row><data column="Variable Features">freq;1300.0,tr;3</data><data column="Performance">13512.39</data></row><row><data column="Variable Features">freq;1300.0,tr;4</data><data column="Performance">8442.27</data></row><row><data column="Variable Features">freq;1300.0,tr;5</data><data column="Performance">5527.65</data></row><row><data column="Variable Features">freq;1300.0,tr;6</data><data column="Performance">4599.92</data></row><row><data column="Variable Features">freq;1700.0,tr;1</data><data column="Performance">36305.42</data></row><row><data column="Variable Features">freq;1700.0,tr;2</data><data column="Performance">19910.09</data></row><row><data column="Variable Features">freq;1700.0,tr;3</data><data column="Performance">11439.27</data></row><row><data column="Variable Features">freq;1700.0,tr;4</data><data column="Performance">7249.64</data></row><row><data column="Variable Features">freq;1700.0,tr;5</data><data column="Performance">4944.52</data></row><row><data column="Variable Features">freq;1700.0,tr;6</data><data column="Performance">4153.19</data></row><row><data column="Variable Features">freq;1900.0,tr;1</data><data column="Performance">33322.68</data></row><row><data column="Variable Features">freq;1900.0,tr;2</data><data column="Performance">18634.76</data></row><row><data column="Variable Features">freq;1900.0,tr;3</data><data column="Performance">10980.76</data></row><row><data column="Variable Features">freq;1900.0,tr;4</data><data column="Performance">7024.39</data></row><row><data column="Variable Features">freq;1900.0,tr;5</data><data column="Performance">4889.13</data></row><row><data column="Variable Features">freq;1900.0,tr;6</data><data column="Performance">4116.16</data></row><row><data column="Variable Features">freq;2300.0,tr;1</data><data column="Performance">29207.86</data></row><row><data column="Variable Features">freq;2300.0,tr;2</data><data column="Performance">16776.32</data></row><row><data column="Variable Features">freq;2300.0,tr;3</data><data column="Performance">10064.69</data></row><row><data column="Variable Features">freq;2300.0,tr;4</data><data column="Performance">6603.56</data></row><row><data column="Variable Features">freq;2300.0,tr;5</data><data column="Performance">4846.6</data></row><row><data column="Variable Features">freq;2300.0,tr;6</data><data column="Performance">4087.68</data></row><row><data column="Variable Features">freq;2500.0,tr;1</data><data column="Performance">27652.04</data></row><row><data column="Variable Features">freq;2500.0,tr;2</data><data column="Performance">16114.45</data></row><row><data column="Variable Features">freq;2500.0,tr;3</data><data column="Performance">9800.91</data></row><row><data column="Variable Features">freq;2500.0,tr;4</data><data column="Performance">6563.89</data></row><row><data column="Variable Features">freq;2500.0,tr;5</data><data column="Performance">4880.17</data></row><row><data column="Variable Features">freq;2500.0,tr;6</data><data column="Performance">4164.12</data></row><row><data column="Variable Features">freq;2800.0,tr;1</data><data column="Performance">25865.97</data></row><row><data column="Variable Features">freq;2800.0,tr;2</data><data column="Performance">15581.51</data></row><row><data column="Variable Features">freq;2800.0,tr;3</data><data column="Performance">9602.66</data></row><row><data column="Variable Features">freq;2800.0,tr;4</data><data column="Performance">6568.04</data></row><row><data column="Variable Features">freq;2800.0,tr;5</data><data column="Performance">5091.57</data></row><row><data column="Variable Features">freq;2800.0,tr;6</data><data column="Performance">4313.54</data></row><row><data column="Variable Features">freq;1400.0,tr;1</data><data column="Performance">42508.85</data></row><row><data column="Variable Features">freq;1400.0,tr;2</data><data column="Performance">23310.82</data></row><row><data column="Variable Features">freq;1400.0,tr;3</data><data column="Performance">12916.34</data></row><row><data column="Variable Features">freq;1400.0,tr;4</data><data column="Performance">8031.6</data></row><row><data column="Variable Features">freq;1400.0,tr;5</data><data column="Performance">5355.23</data></row><row><data column="Variable Features">freq;1400.0,tr;6</data><data column="Performance">4498.98</data></row><row><data column="Variable Features">freq;2900.0,tr;1</data><data column="Performance">25301.43</data></row><row><data column="Variable Features">freq;2900.0,tr;2</data><data column="Performance">15505.32</data></row><row><data column="Variable Features">freq;2900.0,tr;3</data><data column="Performance">9584.65</data></row><row><data column="Variable Features">freq;2900.0,tr;4</data><data column="Performance">6566.97</data></row><row><data column="Variable Features">freq;2900.0,tr;5</data><data column="Performance">5168.76</data></row><row><data column="Variable Features">freq;2900.0,tr;6</data><data column="Performance">4378.24</data></row><row><data column="Variable Features">freq;2000.0,tr;1</data><data column="Performance">32111.03</data></row><row><data column="Variable Features">freq;2000.0,tr;2</data><data column="Performance">18082.34</data></row><row><data column="Variable Features">freq;2000.0,tr;3</data><data column="Performance">10495.4</data></row><row><data column="Variable Features">freq;2000.0,tr;4</data><data column="Performance">6717.66</data></row><row><data column="Variable Features">freq;2000.0,tr;5</data><data column="Performance">4611.82</data></row><row><data column="Variable Features">freq;2000.0,tr;6</data><data column="Performance">4015.34</data></row></results>