<results><row><data column="Variable Features">freq;1200.0,tr;1</data><data column="Performance">14934.26</data></row><row><data column="Variable Features">freq;1200.0,tr;2</data><data column="Performance">7732.1</data></row><row><data column="Variable Features">freq;1200.0,tr;3</data><data column="Performance">4172.7</data></row><row><data column="Variable Features">freq;1200.0,tr;4</data><data column="Performance">2387.04</data></row><row><data column="Variable Features">freq;1200.0,tr;5</data><data column="Performance">1558.21</data></row><row><data column="Variable Features">freq;1200.0,tr;6</data><data column="Performance">1310.77</data></row><row><data column="Variable Features">freq;1300.0,tr;1</data><data column="Performance">13853.75</data></row><row><data column="Variable Features">freq;1300.0,tr;2</data><data column="Performance">7237.44</data></row><row><data column="Variable Features">freq;1300.0,tr;3</data><data column="Performance">4051.3</data></row><row><data column="Variable Features">freq;1300.0,tr;4</data><data column="Performance">2308.72</data></row><row><data column="Variable Features">freq;1300.0,tr;5</data><data column="Performance">1485.07</data></row><row><data column="Variable Features">freq;1300.0,tr;6</data><data column="Performance">1264.59</data></row><row><data column="Variable Features">freq;1400.0,tr;1</data><data column="Performance">12950.77</data></row><row><data column="Variable Features">freq;1400.0,tr;2</data><data column="Performance">6794.67</data></row><row><data column="Variable Features">freq;1400.0,tr;3</data><data column="Performance">3787.63</data></row><row><data column="Variable Features">freq;1400.0,tr;4</data><data column="Performance">2207.05</data></row><row><data column="Variable Features">freq;1400.0,tr;5</data><data column="Performance">1424.36</data></row><row><data column="Variable Features">freq;1400.0,tr;6</data><data column="Performance">1222.1</data></row><row><data column="Variable Features">freq;1600.0,tr;1</data><data column="Performance">11490.97</data></row><row><data column="Variable Features">freq;1600.0,tr;2</data><data column="Performance">6113.67</data></row><row><data column="Variable Features">freq;1600.0,tr;3</data><data column="Performance">3484.6</data></row><row><data column="Variable Features">freq;1600.0,tr;4</data><data column="Performance">2018.56</data></row><row><data column="Variable Features">freq;1600.0,tr;5</data><data column="Performance">1330.85</data></row><row><data column="Variable Features">freq;1600.0,tr;6</data><data column="Performance">1157.24</data></row><row><data column="Variable Features">freq;1800.0,tr;1</data><data column="Performance">10349.45</data></row><row><data column="Variable Features">freq;1800.0,tr;2</data><data column="Performance">5592.18</data></row><row><data column="Variable Features">freq;1800.0,tr;3</data><data column="Performance">3162.89</data></row><row><data column="Variable Features">freq;1800.0,tr;4</data><data column="Performance">1887.56</data></row><row><data column="Variable Features">freq;1800.0,tr;5</data><data column="Performance">1281.25</data></row><row><data column="Variable Features">freq;1800.0,tr;6</data><data column="Performance">1125.13</data></row><row><data column="Variable Features">freq;2200.0,tr;1</data><data column="Performance">8899.68</data></row><row><data column="Variable Features">freq;2200.0,tr;2</data><data column="Performance">4989.35</data></row><row><data column="Variable Features">freq;2200.0,tr;3</data><data column="Performance">2823.34</data></row><row><data column="Variable Features">freq;2200.0,tr;4</data><data column="Performance">1750.04</data></row><row><data column="Variable Features">freq;2200.0,tr;5</data><data column="Performance">1257.21</data></row><row><data column="Variable Features">freq;2200.0,tr;6</data><data column="Performance">1102.12</data></row><row><data column="Variable Features">freq;2400.0,tr;1</data><data column="Performance">8305.59</data></row><row><data column="Variable Features">freq;2400.0,tr;2</data><data column="Performance">4706.83</data></row><row><data column="Variable Features">freq;2400.0,tr;3</data><data column="Performance">2711.02</data></row><row><data column="Variable Features">freq;2400.0,tr;4</data><data column="Performance">1730.23</data></row><row><data column="Variable Features">freq;2400.0,tr;5</data><data column="Performance">1253.65</data></row><row><data column="Variable Features">freq;2400.0,tr;6</data><data column="Performance">1110.95</data></row><row><data column="Variable Features">freq;2700.0,tr;1</data><data column="Performance">7653.42</data></row><row><data column="Variable Features">freq;2700.0,tr;2</data><data column="Performance">4467.41</data></row><row><data column="Variable Features">freq;2700.0,tr;3</data><data column="Performance">2593.35</data></row><row><data column="Variable Features">freq;2700.0,tr;4</data><data column="Performance">1669.34</data></row><row><data column="Variable Features">freq;2700.0,tr;5</data><data column="Performance">1280.76</data></row><row><data column="Variable Features">freq;2700.0,tr;6</data><data column="Performance">1136.39</data></row><row><data column="Variable Features">freq;3000.0,tr;1</data><data column="Performance">6690.56</data></row><row><data column="Variable Features">freq;3000.0,tr;2</data><data column="Performance">4306.15</data></row><row><data column="Variable Features">freq;3000.0,tr;3</data><data column="Performance">2722.94</data></row><row><data column="Variable Features">freq;3000.0,tr;4</data><data column="Performance">1837.7</data></row><row><data column="Variable Features">freq;3000.0,tr;5</data><data column="Performance">1471.09</data></row><row><data column="Variable Features">freq;3000.0,tr;6</data><data column="Performance">1313.38</data></row><row><data column="Variable Features">freq;1700.0,tr;1</data><data column="Performance">10818.73</data></row><row><data column="Variable Features">freq;1700.0,tr;2</data><data column="Performance">5841.21</data></row><row><data column="Variable Features">freq;1700.0,tr;3</data><data column="Performance">3328.46</data></row><row><data column="Variable Features">freq;1700.0,tr;4</data><data column="Performance">1940.33</data></row><row><data column="Variable Features">freq;1700.0,tr;5</data><data column="Performance">1318.34</data></row><row><data column="Variable Features">freq;1700.0,tr;6</data><data column="Performance">1131.85</data></row><row><data column="Variable Features">freq;1900.0,tr;1</data><data column="Performance">9889.09</data></row><row><data column="Variable Features">freq;1900.0,tr;2</data><data column="Performance">5414.62</data></row><row><data column="Variable Features">freq;1900.0,tr;3</data><data column="Performance">3088.56</data></row><row><data column="Variable Features">freq;1900.0,tr;4</data><data column="Performance">1844.92</data></row><row><data column="Variable Features">freq;1900.0,tr;5</data><data column="Performance">1283.79</data></row><row><data column="Variable Features">freq;1900.0,tr;6</data><data column="Performance">1135.18</data></row><row><data column="Variable Features">freq;2300.0,tr;1</data><data column="Performance">8615.07</data></row><row><data column="Variable Features">freq;2300.0,tr;2</data><data column="Performance">4805.32</data></row><row><data column="Variable Features">freq;2300.0,tr;3</data><data column="Performance">2794.94</data></row><row><data column="Variable Features">freq;2300.0,tr;4</data><data column="Performance">1730.7</data></row><row><data column="Variable Features">freq;2300.0,tr;5</data><data column="Performance">1271.53</data></row><row><data column="Variable Features">freq;2300.0,tr;6</data><data column="Performance">1135.82</data></row><row><data column="Variable Features">freq;2500.0,tr;1</data><data column="Performance">8115.96</data></row><row><data column="Variable Features">freq;2500.0,tr;2</data><data column="Performance">4658.5</data></row><row><data column="Variable Features">freq;2500.0,tr;3</data><data column="Performance">2689.07</data></row><row><data column="Variable Features">freq;2500.0,tr;4</data><data column="Performance">1698.36</data></row><row><data column="Variable Features">freq;2500.0,tr;5</data><data column="Performance">1289.26</data></row><row><data column="Variable Features">freq;2500.0,tr;6</data><data column="Performance">1142.49</data></row><row><data column="Variable Features">freq;2800.0,tr;1</data><data column="Performance">7539.61</data></row><row><data column="Variable Features">freq;2800.0,tr;2</data><data column="Performance">4398.37</data></row><row><data column="Variable Features">freq;2800.0,tr;3</data><data column="Performance">2619.01</data></row><row><data column="Variable Features">freq;2800.0,tr;4</data><data column="Performance">1698.21</data></row><row><data column="Variable Features">freq;2800.0,tr;5</data><data column="Performance">1314.96</data></row><row><data column="Variable Features">freq;2800.0,tr;6</data><data column="Performance">1176.3</data></row><row><data column="Variable Features">freq;2900.0,tr;1</data><data column="Performance">7311.16</data></row><row><data column="Variable Features">freq;2900.0,tr;2</data><data column="Performance">4299.89</data></row><row><data column="Variable Features">freq;2900.0,tr;3</data><data column="Performance">2586.8</data></row><row><data column="Variable Features">freq;2900.0,tr;4</data><data column="Performance">1691.59</data></row><row><data column="Variable Features">freq;2900.0,tr;5</data><data column="Performance">1333.44</data></row><row><data column="Variable Features">freq;2900.0,tr;6</data><data column="Performance">1189.02</data></row><row><data column="Variable Features">freq;2000.0,tr;1</data><data column="Performance">9580.89</data></row><row><data column="Variable Features">freq;2000.0,tr;2</data><data column="Performance">5272.58</data></row><row><data column="Variable Features">freq;2000.0,tr;3</data><data column="Performance">2972.11</data></row><row><data column="Variable Features">freq;2000.0,tr;4</data><data column="Performance">1800.01</data></row><row><data column="Variable Features">freq;2000.0,tr;5</data><data column="Performance">1263.92</data></row><row><data column="Variable Features">freq;2000.0,tr;6</data><data column="Performance">1110.75</data></row></results>