<results><row><data column="Variable Features">freq;1200.0,tr;1</data><data column="Performance">7856.61</data></row><row><data column="Variable Features">freq;1200.0,tr;2</data><data column="Performance">4114.96</data></row><row><data column="Variable Features">freq;1200.0,tr;3</data><data column="Performance">2216.31</data></row><row><data column="Variable Features">freq;1200.0,tr;4</data><data column="Performance">1285.99</data></row><row><data column="Variable Features">freq;1200.0,tr;5</data><data column="Performance">840.64</data></row><row><data column="Variable Features">freq;1200.0,tr;6</data><data column="Performance">642.55</data></row><row><data column="Variable Features">freq;1600.0,tr;1</data><data column="Performance">6044.41</data></row><row><data column="Variable Features">freq;1600.0,tr;2</data><data column="Performance">3285.15</data></row><row><data column="Variable Features">freq;1600.0,tr;3</data><data column="Performance">1847.85</data></row><row><data column="Variable Features">freq;1600.0,tr;4</data><data column="Performance">1089.71</data></row><row><data column="Variable Features">freq;1600.0,tr;5</data><data column="Performance">718.75</data></row><row><data column="Variable Features">freq;1600.0,tr;6</data><data column="Performance">563.64</data></row><row><data column="Variable Features">freq;1800.0,tr;1</data><data column="Performance">5475.94</data></row><row><data column="Variable Features">freq;1800.0,tr;2</data><data column="Performance">3000.9</data></row><row><data column="Variable Features">freq;1800.0,tr;3</data><data column="Performance">1707.13</data></row><row><data column="Variable Features">freq;1800.0,tr;4</data><data column="Performance">1031.07</data></row><row><data column="Variable Features">freq;1800.0,tr;5</data><data column="Performance">709.7</data></row><row><data column="Variable Features">freq;1800.0,tr;6</data><data column="Performance">563.34</data></row><row><data column="Variable Features">freq;2200.0,tr;1</data><data column="Performance">4708.4</data></row><row><data column="Variable Features">freq;2200.0,tr;2</data><data column="Performance">2676.59</data></row><row><data column="Variable Features">freq;2200.0,tr;3</data><data column="Performance">1539.91</data></row><row><data column="Variable Features">freq;2200.0,tr;4</data><data column="Performance">968.17</data></row><row><data column="Variable Features">freq;2200.0,tr;5</data><data column="Performance">675.29</data></row><row><data column="Variable Features">freq;2200.0,tr;6</data><data column="Performance">550.37</data></row><row><data column="Variable Features">freq;2400.0,tr;1</data><data column="Performance">4392.47</data></row><row><data column="Variable Features">freq;2400.0,tr;2</data><data column="Performance">2565.52</data></row><row><data column="Variable Features">freq;2400.0,tr;3</data><data column="Performance">1486.22</data></row><row><data column="Variable Features">freq;2400.0,tr;4</data><data column="Performance">925.11</data></row><row><data column="Variable Features">freq;2400.0,tr;5</data><data column="Performance">687.87</data></row><row><data column="Variable Features">freq;2400.0,tr;6</data><data column="Performance">558.22</data></row><row><data column="Variable Features">freq;2700.0,tr;1</data><data column="Performance">4057.73</data></row><row><data column="Variable Features">freq;2700.0,tr;2</data><data column="Performance">2420.68</data></row><row><data column="Variable Features">freq;2700.0,tr;3</data><data column="Performance">1449.96</data></row><row><data column="Variable Features">freq;2700.0,tr;4</data><data column="Performance">940.85</data></row><row><data column="Variable Features">freq;2700.0,tr;5</data><data column="Performance">699.19</data></row><row><data column="Variable Features">freq;2700.0,tr;6</data><data column="Performance">579.36</data></row><row><data column="Variable Features">freq;3000.0,tr;1</data><data column="Performance">3564.35</data></row><row><data column="Variable Features">freq;3000.0,tr;2</data><data column="Performance">2368.55</data></row><row><data column="Variable Features">freq;3000.0,tr;3</data><data column="Performance">1534.09</data></row><row><data column="Variable Features">freq;3000.0,tr;4</data><data column="Performance">1077.9</data></row><row><data column="Variable Features">freq;3000.0,tr;5</data><data column="Performance">818.61</data></row><row><data column="Variable Features">freq;3000.0,tr;6</data><data column="Performance">668.94</data></row><row><data column="Variable Features">freq;1300.0,tr;1</data><data column="Performance">7232.01</data></row><row><data column="Variable Features">freq;1300.0,tr;2</data><data column="Performance">3843.19</data></row><row><data column="Variable Features">freq;1300.0,tr;3</data><data column="Performance">2089.52</data></row><row><data column="Variable Features">freq;1300.0,tr;4</data><data column="Performance">1230.43</data></row><row><data column="Variable Features">freq;1300.0,tr;5</data><data column="Performance">769.65</data></row><row><data column="Variable Features">freq;1300.0,tr;6</data><data column="Performance">604.45</data></row><row><data column="Variable Features">freq;1700.0,tr;1</data><data column="Performance">5725.37</data></row><row><data column="Variable Features">freq;1700.0,tr;2</data><data column="Performance">3108.93</data></row><row><data column="Variable Features">freq;1700.0,tr;3</data><data column="Performance">1767.95</data></row><row><data column="Variable Features">freq;1700.0,tr;4</data><data column="Performance">1061.45</data></row><row><data column="Variable Features">freq;1700.0,tr;5</data><data column="Performance">721.59</data></row><row><data column="Variable Features">freq;1700.0,tr;6</data><data column="Performance">565.02</data></row><row><data column="Variable Features">freq;1900.0,tr;1</data><data column="Performance">5264.83</data></row><row><data column="Variable Features">freq;1900.0,tr;2</data><data column="Performance">2917.26</data></row><row><data column="Variable Features">freq;1900.0,tr;3</data><data column="Performance">1675.74</data></row><row><data column="Variable Features">freq;1900.0,tr;4</data><data column="Performance">1018.52</data></row><row><data column="Variable Features">freq;1900.0,tr;5</data><data column="Performance">702.23</data></row><row><data column="Variable Features">freq;1900.0,tr;6</data><data column="Performance">562.41</data></row><row><data column="Variable Features">freq;2300.0,tr;1</data><data column="Performance">4553.15</data></row><row><data column="Variable Features">freq;2300.0,tr;2</data><data column="Performance">2644.13</data></row><row><data column="Variable Features">freq;2300.0,tr;3</data><data column="Performance">1535.67</data></row><row><data column="Variable Features">freq;2300.0,tr;4</data><data column="Performance">958.71</data></row><row><data column="Variable Features">freq;2300.0,tr;5</data><data column="Performance">681.41</data></row><row><data column="Variable Features">freq;2300.0,tr;6</data><data column="Performance">557.13</data></row><row><data column="Variable Features">freq;2500.0,tr;1</data><data column="Performance">4268.71</data></row><row><data column="Variable Features">freq;2500.0,tr;2</data><data column="Performance">2518.55</data></row><row><data column="Variable Features">freq;2500.0,tr;3</data><data column="Performance">1492.23</data></row><row><data column="Variable Features">freq;2500.0,tr;4</data><data column="Performance">946.42</data></row><row><data column="Variable Features">freq;2500.0,tr;5</data><data column="Performance">691.62</data></row><row><data column="Variable Features">freq;2500.0,tr;6</data><data column="Performance">566.57</data></row><row><data column="Variable Features">freq;2800.0,tr;1</data><data column="Performance">4006.57</data></row><row><data column="Variable Features">freq;2800.0,tr;2</data><data column="Performance">2414.45</data></row><row><data column="Variable Features">freq;2800.0,tr;3</data><data column="Performance">1431.76</data></row><row><data column="Variable Features">freq;2800.0,tr;4</data><data column="Performance">958.2</data></row><row><data column="Variable Features">freq;2800.0,tr;5</data><data column="Performance">710.04</data></row><row><data column="Variable Features">freq;2800.0,tr;6</data><data column="Performance">583.16</data></row><row><data column="Variable Features">freq;1400.0,tr;1</data><data column="Performance">6825.3</data></row><row><data column="Variable Features">freq;1400.0,tr;2</data><data column="Performance">3626.67</data></row><row><data column="Variable Features">freq;1400.0,tr;3</data><data column="Performance">1998.33</data></row><row><data column="Variable Features">freq;1400.0,tr;4</data><data column="Performance">1190.47</data></row><row><data column="Variable Features">freq;1400.0,tr;5</data><data column="Performance">767.41</data></row><row><data column="Variable Features">freq;1400.0,tr;6</data><data column="Performance">605.03</data></row><row><data column="Variable Features">freq;2900.0,tr;1</data><data column="Performance">3893.43</data></row><row><data column="Variable Features">freq;2900.0,tr;2</data><data column="Performance">2375.88</data></row><row><data column="Variable Features">freq;2900.0,tr;3</data><data column="Performance">1435.84</data></row><row><data column="Variable Features">freq;2900.0,tr;4</data><data column="Performance">951.79</data></row><row><data column="Variable Features">freq;2900.0,tr;5</data><data column="Performance">722.76</data></row><row><data column="Variable Features">freq;2900.0,tr;6</data><data column="Performance">587.13</data></row><row><data column="Variable Features">freq;2000.0,tr;1</data><data column="Performance">5064.16</data></row><row><data column="Variable Features">freq;2000.0,tr;2</data><data column="Performance">2840.5</data></row><row><data column="Variable Features">freq;2000.0,tr;3</data><data column="Performance">1601.4</data></row><row><data column="Variable Features">freq;2000.0,tr;4</data><data column="Performance">995.86</data></row><row><data column="Variable Features">freq;2000.0,tr;5</data><data column="Performance">695.44</data></row><row><data column="Variable Features">freq;2000.0,tr;6</data><data column="Performance">565.45</data></row></results>