<results><row><data column="Variable Features">freq;1200.0,tr;1</data><data column="Performance">18877.01</data></row><row><data column="Variable Features">freq;1200.0,tr;2</data><data column="Performance">9890.83</data></row><row><data column="Variable Features">freq;1200.0,tr;3</data><data column="Performance">5417.05</data></row><row><data column="Variable Features">freq;1200.0,tr;4</data><data column="Performance">2971.96</data></row><row><data column="Variable Features">freq;1200.0,tr;5</data><data column="Performance">2993.32</data></row><row><data column="Variable Features">freq;1200.0,tr;6</data><data column="Performance">2990.66</data></row><row><data column="Variable Features">freq;1600.0,tr;1</data><data column="Performance">14652.0</data></row><row><data column="Variable Features">freq;1600.0,tr;2</data><data column="Performance">7709.31</data></row><row><data column="Variable Features">freq;1600.0,tr;3</data><data column="Performance">4196.3</data></row><row><data column="Variable Features">freq;1600.0,tr;4</data><data column="Performance">2499.57</data></row><row><data column="Variable Features">freq;1600.0,tr;5</data><data column="Performance">1559.4</data></row><row><data column="Variable Features">freq;1600.0,tr;6</data><data column="Performance">1557.98</data></row><row><data column="Variable Features">freq;1800.0,tr;1</data><data column="Performance">13215.73</data></row><row><data column="Variable Features">freq;1800.0,tr;2</data><data column="Performance">7133.51</data></row><row><data column="Variable Features">freq;1800.0,tr;3</data><data column="Performance">3890.34</data></row><row><data column="Variable Features">freq;1800.0,tr;4</data><data column="Performance">2296.26</data></row><row><data column="Variable Features">freq;1800.0,tr;5</data><data column="Performance">2308.79</data></row><row><data column="Variable Features">freq;1800.0,tr;6</data><data column="Performance">2308.94</data></row><row><data column="Variable Features">freq;2200.0,tr;1</data><data column="Performance">11317.59</data></row><row><data column="Variable Features">freq;2200.0,tr;2</data><data column="Performance">5999.34</data></row><row><data column="Variable Features">freq;2200.0,tr;3</data><data column="Performance">3360.7</data></row><row><data column="Variable Features">freq;2200.0,tr;4</data><data column="Performance">2098.45</data></row><row><data column="Variable Features">freq;2200.0,tr;5</data><data column="Performance">1426.56</data></row><row><data column="Variable Features">freq;2200.0,tr;6</data><data column="Performance">1428.28</data></row><row><data column="Variable Features">freq;2400.0,tr;1</data><data column="Performance">10596.99</data></row><row><data column="Variable Features">freq;2400.0,tr;2</data><data column="Performance">5659.58</data></row><row><data column="Variable Features">freq;2400.0,tr;3</data><data column="Performance">3183.64</data></row><row><data column="Variable Features">freq;2400.0,tr;4</data><data column="Performance">2033.8</data></row><row><data column="Variable Features">freq;2400.0,tr;5</data><data column="Performance">1419.89</data></row><row><data column="Variable Features">freq;2400.0,tr;6</data><data column="Performance">1417.89</data></row><row><data column="Variable Features">freq;2700.0,tr;1</data><data column="Performance">9920.28</data></row><row><data column="Variable Features">freq;2700.0,tr;2</data><data column="Performance">5313.01</data></row><row><data column="Variable Features">freq;2700.0,tr;3</data><data column="Performance">3066.59</data></row><row><data column="Variable Features">freq;2700.0,tr;4</data><data column="Performance">2006.52</data></row><row><data column="Variable Features">freq;2700.0,tr;5</data><data column="Performance">1435.87</data></row><row><data column="Variable Features">freq;2700.0,tr;6</data><data column="Performance">1444.46</data></row><row><data column="Variable Features">freq;3000.0,tr;1</data><data column="Performance">8561.44</data></row><row><data column="Variable Features">freq;3000.0,tr;2</data><data column="Performance">4940.55</data></row><row><data column="Variable Features">freq;3000.0,tr;3</data><data column="Performance">3036.02</data></row><row><data column="Variable Features">freq;3000.0,tr;4</data><data column="Performance">2551.7</data></row><row><data column="Variable Features">freq;3000.0,tr;5</data><data column="Performance">2198.23</data></row><row><data column="Variable Features">freq;3000.0,tr;6</data><data column="Performance">2177.37</data></row><row><data column="Variable Features">freq;1300.0,tr;1</data><data column="Performance">17392.75</data></row><row><data column="Variable Features">freq;1300.0,tr;2</data><data column="Performance">9078.23</data></row><row><data column="Variable Features">freq;1300.0,tr;3</data><data column="Performance">4884.84</data></row><row><data column="Variable Features">freq;1300.0,tr;4</data><data column="Performance">3849.01</data></row><row><data column="Variable Features">freq;1300.0,tr;5</data><data column="Performance">2815.28</data></row><row><data column="Variable Features">freq;1300.0,tr;6</data><data column="Performance">2811.22</data></row><row><data column="Variable Features">freq;1700.0,tr;1</data><data column="Performance">14039.56</data></row><row><data column="Variable Features">freq;1700.0,tr;2</data><data column="Performance">7417.25</data></row><row><data column="Variable Features">freq;1700.0,tr;3</data><data column="Performance">4073.09</data></row><row><data column="Variable Features">freq;1700.0,tr;4</data><data column="Performance">2443.0</data></row><row><data column="Variable Features">freq;1700.0,tr;5</data><data column="Performance">1514.15</data></row><row><data column="Variable Features">freq;1700.0,tr;6</data><data column="Performance">1513.42</data></row><row><data column="Variable Features">freq;1900.0,tr;1</data><data column="Performance">12604.39</data></row><row><data column="Variable Features">freq;1900.0,tr;2</data><data column="Performance">6878.2</data></row><row><data column="Variable Features">freq;1900.0,tr;3</data><data column="Performance">3821.76</data></row><row><data column="Variable Features">freq;1900.0,tr;4</data><data column="Performance">2924.69</data></row><row><data column="Variable Features">freq;1900.0,tr;5</data><data column="Performance">2235.43</data></row><row><data column="Variable Features">freq;1900.0,tr;6</data><data column="Performance">2238.47</data></row><row><data column="Variable Features">freq;2300.0,tr;1</data><data column="Performance">10923.41</data></row><row><data column="Variable Features">freq;2300.0,tr;2</data><data column="Performance">5941.19</data></row><row><data column="Variable Features">freq;2300.0,tr;3</data><data column="Performance">3380.86</data></row><row><data column="Variable Features">freq;2300.0,tr;4</data><data column="Performance">2649.7</data></row><row><data column="Variable Features">freq;2300.0,tr;5</data><data column="Performance">2116.81</data></row><row><data column="Variable Features">freq;2300.0,tr;6</data><data column="Performance">2107.89</data></row><row><data column="Variable Features">freq;2500.0,tr;1</data><data column="Performance">10363.82</data></row><row><data column="Variable Features">freq;2500.0,tr;2</data><data column="Performance">5620.08</data></row><row><data column="Variable Features">freq;2500.0,tr;3</data><data column="Performance">3233.14</data></row><row><data column="Variable Features">freq;2500.0,tr;4</data><data column="Performance">2012.01</data></row><row><data column="Variable Features">freq;2500.0,tr;5</data><data column="Performance">2075.37</data></row><row><data column="Variable Features">freq;2500.0,tr;6</data><data column="Performance">2071.33</data></row><row><data column="Variable Features">freq;2800.0,tr;1</data><data column="Performance">9592.22</data></row><row><data column="Variable Features">freq;2800.0,tr;2</data><data column="Performance">5203.32</data></row><row><data column="Variable Features">freq;2800.0,tr;3</data><data column="Performance">3106.5</data></row><row><data column="Variable Features">freq;2800.0,tr;4</data><data column="Performance">1969.28</data></row><row><data column="Variable Features">freq;2800.0,tr;5</data><data column="Performance">2050.31</data></row><row><data column="Variable Features">freq;2800.0,tr;6</data><data column="Performance">2051.73</data></row><row><data column="Variable Features">freq;1400.0,tr;1</data><data column="Performance">16540.51</data></row><row><data column="Variable Features">freq;1400.0,tr;2</data><data column="Performance">8656.51</data></row><row><data column="Variable Features">freq;1400.0,tr;3</data><data column="Performance">4839.16</data></row><row><data column="Variable Features">freq;1400.0,tr;4</data><data column="Performance">2707.74</data></row><row><data column="Variable Features">freq;1400.0,tr;5</data><data column="Performance">2703.11</data></row><row><data column="Variable Features">freq;1400.0,tr;6</data><data column="Performance">2706.06</data></row><row><data column="Variable Features">freq;2900.0,tr;1</data><data column="Performance">9211.18</data></row><row><data column="Variable Features">freq;2900.0,tr;2</data><data column="Performance">5049.28</data></row><row><data column="Variable Features">freq;2900.0,tr;3</data><data column="Performance">2924.55</data></row><row><data column="Variable Features">freq;2900.0,tr;4</data><data column="Performance">2403.92</data></row><row><data column="Variable Features">freq;2900.0,tr;5</data><data column="Performance">1986.47</data></row><row><data column="Variable Features">freq;2900.0,tr;6</data><data column="Performance">1979.23</data></row><row><data column="Variable Features">freq;2000.0,tr;1</data><data column="Performance">12203.84</data></row><row><data column="Variable Features">freq;2000.0,tr;2</data><data column="Performance">6500.27</data></row><row><data column="Variable Features">freq;2000.0,tr;3</data><data column="Performance">3579.11</data></row><row><data column="Variable Features">freq;2000.0,tr;4</data><data column="Performance">2135.75</data></row><row><data column="Variable Features">freq;2000.0,tr;5</data><data column="Performance">2220.11</data></row><row><data column="Variable Features">freq;2000.0,tr;6</data><data column="Performance">2218.17</data></row></results>